id,nama,lat,lng,kota_kabupaten_id
110101,Bakongan,2.960325743420683,97.46087307098534,1101
110102,Kluet Utara,3.123248075034301,97.34619985236354,1101
110103,Kluet Selatan,3.043478442403592,97.42795842197049,1101
110104,Labuhanhaji,3.605460156155988,97.06673616112423,1101
110105,Meukek,3.562796556264275,97.17334007030601,1101
110106,Samadua,3.3370795000566726,97.19048351253194,1101
110107,Sawang,3.408715523206232,97.14945350939962,1101
110108,Tapaktuan,3.283990204387257,97.22605954565815,1101
110109,Trumon,2.6420997359801723,97.71345898309498,1101
110110,Pasie Raja,3.204305373370138,97.29201652244079,1101
110111,Labuhanhaji Timur,3.580888610541622,97.08914925402077,1101
110112,Labuhanhaji Barat,3.6134339381140608,97.03082320468607,1101
110113,Kluet Tengah,3.419149843065516,97.34243785499466,1101
110114,Kluet Timur,3.1850924982689954,97.45603769716041,1101
110115,Bakongan Timur,2.91159739899988,97.56020906550083,1101
110116,Trumon Timur,2.8895770138279864,97.80024511897481,1101
110117,Kota Bahagia,3.0110808826317452,97.56415868801407,1101
110118,Trumon Tengah,2.9047625986481633,97.6615672853425,1101
110201,Lawe Alas,3.424590108376518,97.61092905276188,1102
110202,Lawe Sigala-Gala,3.353124300711772,97.9334429004443,1102
110203,Bambel,3.4520073608517694,97.87952118347422,1102
110204,Babussalam,3.490041236569496,97.64122251174231,1102
110205,Badar,3.590595476505347,97.82098959379165,1102
110206,Babul Makmur,3.3100622197316065,97.9699306987836,1102
110207,Darul Hasanah,3.5519758889452717,97.62848757136433,1102
110208,Lawe Bulan,3.4995467531969093,97.87227343401992,1102
110209,Bukit Tusam,3.4264057852542256,97.88911411417507,1102
110210,Semadam,3.398828646338074,97.9037291011155,1102
110211,Babul Rahmah,3.301694466914889,97.69983582294071,1102
110212,Ketambe,3.6616780002946716,97.58136160419876,1102
110213,Deleng Pokhkisen,3.5334313999256635,97.85698123649067,1102
110214,Lawe Sumur,3.4739490371180612,97.88826557939908,1102
110215,Tanoh Alas,3.3541181328396723,97.6820216091209,1102
110216,Leuser,3.130209520108292,97.7479697181827,1102
110301,Darul Aman,4.9706854799108235,97.70072825581083,1103
110302,Julok,5.035406005903556,97.60161488329368,1103
110303,Idi Rayeuk,4.953970894703939,97.75848737768042,1103
110304,Birem Bayeun,4.480855073989534,97.85864681149053,1103
110305,Serbajadi,4.416309642020766,97.45781484209506,1103
110306,Nurussalam,4.969874310533689,97.65607804332095,1103
110307,Peureulak,4.763143731657305,97.85541905055068,1103
110308,Rantau Selamat,4.616154695485875,97.83285519728356,1103
110309,Simpang Ulim,5.107921998290001,97.5789272327035,1103
110310,Ranto Peureulak,4.748290632504201,97.73847527940792,1103
110311,Pante Bidari,4.820567395512265,97.45850181343047,1103
110312,Madat,5.16599529244476,97.51863105617754,1103
110313,Indra Makmu,4.861628440976144,97.58239773904556,1103
110314,Idi Tunong,4.8761856359155935,97.72920060050366,1103
110315,Banda Alam,4.807703411838141,97.65956833766275,1103
110316,Peudawa,4.8842793225299195,97.82170286902962,1103
110317,Peureulak Timur,4.719001711620313,97.88416235678902,1103
110318,Peureulak Barat,4.851108498505467,97.86060918392512,1103
110319,Sungai Raya,4.665545155174991,97.88713665245258,1103
110320,Simpang Jernih,4.37255255619909,97.66968513689217,1103
110321,Darul Ihsan,4.887935848001778,97.7597672434461,1103
110322,Darul Falah,5.009703181765463,97.64223294403749,1103
110323,Idi Timur,4.89481358796231,97.78946811047875,1103
110324,Peunaron,4.628694186142575,97.57598615885232,1103
110401,Linge,4.376825815637629,97.08362305500638,1104
110402,Silih Nara,4.627485837876586,96.72153239103146,1104
110403,Bebesen,4.637386934694997,96.80826830033767,1104
110407,Pegasing,4.504243311056014,96.74788424614361,1104
110408,Bintang,4.545957898467455,97.07638683965492,1104
110410,Ketol,4.807690850668235,96.60745084653007,1104
110411,Kebayakan,4.64693562006682,96.87613520248341,1104
110412,Kute Panang,4.688635062425498,96.77309659185454,1104
110413,Celala,4.559533462845313,96.69433555631184,1104
110417,Laut Tawar,4.58292794630674,96.88623193157413,1104
110418,Atu Lintang,4.43970027458635,96.78051772615835,1104
110419,Jagong Jeget,4.371844115710902,96.73844913843212,1104
110420,Bies,4.609607928148901,96.79009492557263,1104
110421,Rusip Antara,4.685311187043526,96.4754385680267,1104
110501,Johan Pahlawan,4.185433010104652,96.12004701555809,1105
110502,Kaway XVI,4.2727923070529235,96.22238445310012,1105
110503,Sungai Mas,4.6138361747149785,96.19806652133363,1105
110504,Woyla,4.380920007256732,96.08658135737984,1105
110505,Samatiga,4.2491702950054,96.05575049131153,1105
110506,Bubon,4.303115802091566,96.11988037667902,1105
110507,Arongan Lambalek,4.3585475379199465,95.94537615387681,1105
110508,Pante Ceureumen,4.488662929652092,96.32048101428933,1105
110509,Meureubo,4.169510324819025,96.21187747326414,1105
110510,Woyla Barat,4.404537059103324,95.99471828992823,1105
110511,Woyla Timur,4.460463987668394,96.0947485431241,1105
110512,Panton Reu,4.433641967431559,96.20435962768991,1105
110601,Lhoong,5.25676485263204,95.28925457286283,1106
110602,Lhoknga,5.471103699077508,95.26398160505508,1106
110603,Indrapuri,5.418115830389569,95.45697321994372,1106
110604,Seulimeum,5.4748157642927575,95.62514454285245,1106
110605,Montasik,5.4888939983386615,95.46049231112626,1106
110606,Sukamakmur,5.430256809663597,95.36437509702421,1106
110607,Darul Imarah,5.507298178025991,95.31359296384697,1106
110608,Peukan Bada,5.53889101719785,95.24352566783084,1106
110609,Mesjid Raya,5.58808772284219,95.5182184782344,1106
110610,Ingin Jaya,5.508688427454348,95.37002123480598,1106
110611,Kuta Baro,5.552895412540451,95.42733118279469,1106
110612,Darussalam,5.59221036006673,95.4189205792784,1106
110613,Pulo Aceh,5.673347467019837,95.09846369742988,1106
110614,Lembah Seulawah,5.368409949122568,95.70867336138508,1106
110615,Kota Jantho,5.186357820630744,95.68671401170326,1106
110616,Kuta Cot Glie,5.315595757880853,95.48009101666382,1106
110617,Kuta Malaka,5.424040944977672,95.3913313737733,1106
110618,Simpang Tiga,5.446545387653632,95.3432646907603,1106
110619,Darul Kamal,5.468733691114687,95.32291213178122,1106
110620,Baitussalam,5.607046057859418,95.39506240934489,1106
110621,Krueng Barona Jaya,5.548231479737385,95.36373696203867,1106
110622,Leupung,5.34669764283266,95.30906848984647,1106
110623,Blang Bintang,5.5181335457508665,95.4444973622975,1106
110703,Batee,5.426099952079874,95.88704420590368,1107
110704,Delima,5.339824876794976,95.90071947099193,1107
110705,Geumpang,4.823825371234907,96.29042115733857,1107
110706,Glumpang Tiga,5.228727922599753,96.02857485384722,1107
110707,Indrajaya,5.313920481150603,95.93604423973117,1107
110708,Kembang Tanjong,5.311553723270721,96.03050292046143,1107
110709,Kota Sigli,5.384925052486834,95.95746030364629,1107
110711,Mila,5.287109341879553,95.88581945431537,1107
110712,Muara Tiga,5.500205761684011,95.80240656211635,1107
110713,Mutiara,5.2869729386807895,95.97260105980148,1107
110714,Padang Tiji,5.354147477072289,95.81660763495492,1107
110715,Peukan Baro,5.3212790747637815,95.96358170716579,1107
110716,Pidie,5.373595068862621,95.93739863886725,1107
110717,Sakti,5.252995206385737,95.9269425799582,1107
110718,Simpang Tiga,5.341350025664456,95.99254708637675,1107
110719,Tangse,5.019731720291452,95.92759951767012,1107
110721,Tiro/Truseb,5.142679534943073,95.98505681955469,1107
110722,Keumala,5.222522991857191,95.86534709567982,1107
110724,Mutiara Timur,5.2497574616025044,95.98980670554671,1107
110725,Grong-Grong,5.3721815442996785,95.90087253662844,1107
110727,Mane,4.908144845503119,96.107680735783,1107
110729,Glumpang Baro,5.283111121241764,96.03579426865554,1107
110731,Titeue,5.20474315097198,95.90929807963497,1107
110801,Baktiya,5.091247396549464,97.41461955518227,1108
110802,Dewantara,5.235637234718124,97.00922122109999,1108
110803,Kuta Makmur,5.079665339307581,97.04241656653308,1108
110804,Lhoksukon,5.027382995177828,97.36009956286699,1108
110805,Matangkuli,5.028433225350848,97.27466739259643,1108
110806,Muara Batu,5.241097938050394,96.94898296472877,1108
110807,Meurah Mulia,5.052565725209109,97.19845912709323,1108
110808,Samudera,5.122166775567404,97.22713575036568,1108
110809,Seunuddon,5.195417575587813,97.42520251504793,1108
110810,Syamtalira Aron,5.104070918069257,97.25709061572503,1108
110811,Syamtalira Bayu,5.0836728601656125,97.18111029951574,1108
110812,Tanah Luas,4.974120687392957,97.12184403203007,1108
110813,Tanah Pasir,5.132415785347916,97.26692539341778,1108
110814,Tanah Jambo Aye,5.090720117070851,97.46558732690659,1108
110815,Sawang,5.040309298368418,96.8882664247323,1108
110816,Nisam,5.164051613292098,97.00884542650698,1108
110817,Cot Girek,4.873668870860666,97.34625479696147,1108
110818,Langkahan,4.8923285908661995,97.44791423643572,1108
110819,Baktiya Barat,5.130969386849153,97.34528491443457,1108
110820,Paya Bakong,4.9200063347098,97.18467770252168,1108
110821,Nibong,5.04212227471593,97.2237043857761,1108
110822,Simpang Keuramat,5.041211321391296,97.08995854311306,1108
110823,Lapang,5.144030531256372,97.29533948408937,1108
110824,Pirak Timu,4.98800070024951,97.28481720195197,1108
110825,Geuruedong Pase,4.969188429762684,97.03881061186542,1108
110826,Banda Baro,5.188632762468248,96.9704131505406,1108
110827,Nisam Antara,5.02080423940871,96.96010312943835,1108
110901,Simeulue Tengah,2.5983722418242934,96.03057211255921,1109
110902,Salang,2.676515646949763,95.8612832035371,1109
110903,Teupah Barat,2.486370614024674,96.2249140536884,1109
110904,Simeulue Timur,2.510825791749048,96.32091976341381,1109
110905,Teluk Dalam,2.626619240207126,96.13174746550563,1109
110906,Simeulue Barat,2.7682924284895685,95.93416489399864,1109
110907,Teupah Selatan,2.316092729232349,96.49066572527968,1109
110908,Alafan,2.803079149284058,95.7643059597118,1109
110909,Teupah Tengah,2.4254876212728753,96.3387511815766,1109
110910,Simeulue Cut,2.6067073764675945,95.94230906824367,1109
111001,Pulau Banyak,2.2818307065785444,97.3809126827174,1110
111002,Simpang Kanan,2.4420505394973784,98.04057909568465,1110
111004,Singkil,2.3319748207906597,97.80345072450945,1110
111006,Gunung Meriah,2.378809691849046,97.96410032568537,1110
111009,Kota Baharu,2.4492588123172627,97.83505946061979,1110
111010,Singkil Utara,2.287998514177866,97.95851853309556,1110
111011,Danau Paris,2.305689260313254,98.11116714330025,1110
111012,Suro Makmur,2.518840117700495,98.02967109173288,1110
111013,Singkohor,2.5043548276662335,97.92132074762502,1110
111014,Kuala Baru,2.370951034148627,97.72911818708397,1110
111016,Pulau Banyak Barat,2.14251394874711,97.2331450466268,1110
111101,Samalanga,5.126740569668036,96.3532666924156,1111
111102,Jeunieb,5.088282293444354,96.48286643426573,1111
111103,Peudada,5.0702678580212766,96.56984595903417,1111
111104,Jeumpa,5.144540513311188,96.65621213067132,1111
111105,Peusangan,5.2009432714692565,96.77080125200197,1111
111106,Makmur,5.146457031612404,96.85721843914637,1111
111107,Gandapura,5.224516187886631,96.88203159775203,1111
111108,Pandrah,5.062213497728947,96.442986004717,1111
111109,Juli,5.052140981686641,96.67895854953792,1111
111110,Jangka,5.250592443239332,96.80086527250964,1111
111111,Simpang Mamplam,5.092017456926265,96.4008629358037,1111
111112,Peulimbang,5.035286488628618,96.50630326376199,1111
111113,Kota Juang,5.19616861429606,96.71525320082037,1111
111114,Kuala,5.2302163019187935,96.71863932507746,1111
111115,Peusangan Siblah Krueng,5.116664640267152,96.80786710867832,1111
111116,Peusangan Selatan,5.049934071341544,96.77265516915706,1111
111117,Kuta Blang,5.207367197105754,96.83646383003786,1111
111201,Blangpidie,3.7933931880963443,97.02180887441155,1112
111202,Tangan-Tangan,3.683029731732902,96.93017806712888,1112
111203,Manggeng,3.6767044138971805,97.02133268136997,1112
111204,Susoh,3.7279826789811805,96.81793782414006,1112
111205,Kuala Batee,3.8165613288786955,96.77498422559287,1112
111206,Babah Rot,3.9044743788283585,96.70731119909006,1112
111207,Setia,3.7195741224633867,96.88935098667534,1112
111208,Jeumpa,3.8708883804714005,96.91902526092045,1112
111209,Lembah Sabil,3.639063142820435,97.0126969682319,1112
111301,Blangkejeren,3.9172013889184347,97.37772574285725,1113
111302,Kutapanjang,3.8565887653003457,97.22657740539734,1113
111303,Rikit Gaib,4.129590695592652,97.3194600133556,1113
111304,Terangun,4.043746641833256,96.92138871452644,1113
111305,Pining,4.02847611058669,97.67556138333107,1113
111306,Blangpegayon,3.825198710001857,97.2866974911118,1113
111307,Puteri Betung,3.7900703062300103,97.52634692784264,1113
111308,Dabun Gelang,3.9589562967995766,97.52741253954198,1113
111309,Blangjerango,3.95424685176027,97.16720506274066,1113
111310,Teripe Jaya,4.165233988154436,96.95258259241443,1113
111311,Pantan Cuaca,4.1683646361252595,97.1677373250436,1113
111401,Teunom,4.488505573094216,95.85179131721529,1114
111402,Krueng Sabee,4.783597349594758,95.78892593256668,1114
111403,Setia Bakti,4.813358551340182,95.64196645157861,1114
111404,Sampoi Niet,4.944462954874486,95.51853896481366,1114
111405,Jaya,5.142238983729755,95.47252111691438,1114
111406,Panga,4.636628026905586,95.80345909725871,1114
111407,Indra Jaya,5.030201334562774,95.4336772377628,1114
111408,Darul Hikmah,4.917477573179486,95.61876609559837,1114
111409,Pasie Raya,4.604852500261526,95.94795118781158,1114
111501,Kuala,4.096176045131867,96.29709465311814,1115
111502,Seunagan,4.233634640663731,96.29497694773993,1115
111503,Seunagan Timur,4.336710833059808,96.36809856864998,1115
111504,Beutong,4.286322544310766,96.50074017647157,1115
111505,Darul Makmur,4.038191627168501,96.59505036522498,1115
111506,Suka Makmue,4.184857143148236,96.32504179378616,1115
111507,Kuala Pesisir,4.052688869801631,96.2644003656678,1115
111508,Tadu Raya,4.071103648981722,96.38984579095943,1115
111509,Tripa Makmur,3.9323304770053533,96.40994931767224,1115
111510,Beutong Ateuh Banggalang,4.481684590538698,96.5754659292526,1115
111601,Manyak Payed,4.445320472977493,98.06906048221687,1116
111602,Bendahara,4.412179449569684,98.18404797254992,1116
111603,Karang Baru,4.343161061982573,98.03158259771016,1116
111604,Seruway,4.34240800956503,98.21023114336258,1116
111605,Kota Kualasinpang,4.285434491509804,98.06139850685001,1116
111606,Kejuruan Muda,4.194871637861563,98.02562956975784,1116
111607,Tamiang Hulu,4.1663964261356385,97.85356674852798,1116
111608,Rantau,4.299428032041221,98.10753960596499,1116
111609,Banda Mulia,4.450722640828919,98.14371070060054,1116
111610,Bandar Pusaka,4.273024860821978,97.85735446530437,1116
111611,Tenggulun,4.015565420398862,97.95303990119035,1116
111612,Sekerak,4.3289896363475355,97.90378719865882,1116
111701,Pintu Rime Gayo,4.896422002483499,96.74226446720608,1117
111702,Permata,4.832486050217216,96.93680514705136,1117
111703,Syiah Utama,4.71713326421965,97.16656432190572,1117
111704,Bandar,4.716537586330331,96.94400727785948,1117
111705,Bukit,4.7164713800404545,96.87507180646102,1117
111706,Wih Pesam,4.72562431532921,96.80274580966321,1117
111707,Timang Gajah,4.7644208083932025,96.75372952853314,1117
111708,Bener Kelipah,4.772867715737903,96.91831446475857,1117
111709,Mesidah,4.8113503670260975,97.06005096812717,1117
111710,Gajah Putih,4.812227997025779,96.7847798800114,1117
111801,Meureudu,5.154025380319585,96.19626889829883,1118
111802,Ulim,5.195667866228568,96.27427721998207,1118
111803,Jangka Buya,5.22080097144357,96.32275154145259,1118
111804,Bandar Dua,5.110996588603311,96.30742882789339,1118
111805,Meurah Dua,5.026429235703655,96.26161857553349,1118
111806,Bandar Baru,5.18281490579991,96.09183980308325,1118
111807,Panteraja,5.255300882800937,96.14549796346691,1118
111808,Trienggadeng,5.219317502491425,96.17426162301287,1118
117101,Baiturrahman,5.544746427390941,95.31912133538432,1171
117102,Kuta Alam,5.5702762888672215,95.32987567215766,1171
117103,Meuraxa,5.552477155861912,95.29481238820964,1171
117104,Syiah Kuala,5.583372659959373,95.3519365456975,1171
117105,Lueng Bata,5.539350207104894,95.33489166066951,1171
117106,Kuta Raja,5.568623873165019,95.3145383086782,1171
117107,Banda Raya,5.52724264490872,95.31448527119286,1171
117108,Jaya Baru,5.5362091161643585,95.29674916762218,1171
117109,Ulee Kareng,5.548313249334471,95.34867298989812,1171
117201,Sukakarya,5.87095433096962,95.32209270007947,1172
117202,Sukajaya,5.838900769029964,95.34467410505266,1172
117203,Sukamakmue,5.832969505934157,95.28202433060547,1172
117301,Muara Dua,5.1599576902369195,97.12540934785947,1173
117302,Banda Sakti,5.189506164657166,97.13560373968804,1173
117303,Blang Mangat,5.121508535749108,97.13738546907531,1173
117304,Muara Satu,5.204573653865614,97.07145360781958,1173
117401,Langsa Timur,4.4716582358613595,98.03117091603099,1174
117402,Langsa Barat,4.509613227203461,97.99594518958361,1174
117403,Langsa Kota,4.471390419878753,97.97496203553033,1174
117404,Langsa Lama,4.448278621635479,97.96011953476372,1174
117405,Langsa Baro,4.48932015540332,97.92117672821583,1174
117501,Simpang Kiri,2.70945080140286,98.0109919316745,1175
117502,Penanggalan,2.6392111513033147,98.05507579003412,1175
117503,Rundeng,2.697892397644965,97.84512129537887,1175
117504,Sultan Daulat,2.829605272099014,97.93026012509432,1175
117505,Longkib,2.5782094511085663,97.87949468939468,1175
120101,Barus,2.02201784764365,98.41001473296731,1201
120102,Sorkam,1.920075363119896,98.6398550938643,1201
120103,Pandan,1.6918585119530372,98.84236741448073,1201
120104,Pinangsori,1.5475757741203926,98.88005205742648,1201
120105,Manduamas,2.179252107075841,98.2264206694649,1201
120106,Kolang,1.8721887210474843,98.70764564120381,1201
120107,Tapian Nauli,1.713706501693494,98.62728612510058,1201
120108,Sibabangun,1.580013157473398,98.99840317229832,1201
120109,Sosorgadong,2.016214442052424,98.52705963626833,1201
120110,Sorkam Barat,1.9200248898328527,98.56351915903554,1201
120111,Sirandorung,2.107928560136965,98.32576836592868,1201
120112,Andam Dewi,2.069604812231489,98.40483823289354,1201
120113,Sitahuis,1.8116509549268551,98.8079918534811,1201
120114,Tukka,1.698068058202006,98.9156283971526,1201
120115,Badiri,1.5751192460605963,98.8323391494087,1201
120116,Pasaribu Tobing,1.9802953134690726,98.6202156186047,1201
120117,Barus Utara,2.051281164830602,98.43723839283895,1201
120118,Suka Bangun,1.4548597959364826,98.92488813478937,1201
120119,Lumut,1.504998240274803,98.88634467515458,1201
120120,Sarudik,1.7384141254199084,98.83199891340355,1201
120201,Tarutung,2.0277323024362195,98.98101353323,1202
120202,Siatas Barita,2.0057583007598945,99.03966993389088,1202
120203,Adiankoting,1.8753997015100148,98.90751960659921,1202
120204,Sipoholon,2.0647028509407868,98.91667605749464,1202
120205,Pahae Julu,1.8816864036908074,99.05454910821051,1202
120206,Pahae Jae,1.8202771701164553,99.12133611457034,1202
120207,Simangumban,1.7714043523993248,99.20468055283585,1202
120208,Purbatua,1.7239917336322257,99.06246851444912,1202
120209,Siborongborong,2.2203399944763818,99.03863532657073,1202
120210,Pagaran,2.1839741224991047,98.88162761775428,1202
120211,Parmonangan,2.0545171724784757,98.78532131471503,1202
120212,Sipahutar,2.1327038845627246,99.13357479193748,1202
120213,Pangaribuan,1.9544159665878804,99.20443110897118,1202
120214,Garoga,2.028849123623209,99.35282514751424,1202
120215,Muara,2.35149982001044,98.93263041574572,1202
120301,Angkola Barat,1.4183241799593918,99.1649499874144,1203
120302,Batang Toru,1.5579412503578003,99.08713980341994,1203
120303,Angkola Timur,1.478600040034655,99.3272320436621,1203
120304,Sipirok,1.6006824909954973,99.29842746888414,1203
120305,Saipar Dolok Hole,1.8126023032531298,99.4279612818442,1203
120306,Angkola Selatan,1.254620806221415,99.15211262516691,1203
120307,Batang Angkola,1.2291473178308303,99.28387421568708,1203
120314,Arse,1.7024493307512738,99.35373384688118,1203
120320,Marancar,1.5105951744878847,99.17306008804901,1203
120321,Sayur Matinggi,1.1428254131330435,99.34826008015595,1203
120322,Aek Bilah,1.9806819590099292,99.51056257842568,1203
120329,Muara Batang Toru,1.385952759020935,98.9051193714537,1203
120330,Tano Tombangan Angkola,1.0510534371602098,99.38989471029377,1203
120331,Angkola Sangkunur,1.3719016971292244,99.04022805917567,1203
120332,Angkola Muara Tais,1.3086585917898232,99.30218180015167,1203
120405,Hiliduho,1.238936139509178,97.52525574894439,1204
120406,Gido,1.1233398422367877,97.72702478173736,1204
120410,Idanogawo,1.044109612611481,97.78900425846213,1204
120411,Bawolato,0.9784230266776474,97.8665329387236,1204
120420,Hiliserangkai,1.1505280172120314,97.60456339755488,1204
120421,Botomuzoi,1.170661084205272,97.53969412788695,1204
120427,Ulugawo,0.9764642891715772,97.72389833347818,1204
120428,Ma'U,1.0610013637045996,97.64329042638262,1204
120429,Somolo-Molo,1.0328822209690804,97.67885379854717,1204
120435,Sogae'Adu,1.0788621363003899,97.74176984431033,1204
120501,Bahorok,3.473948933583928,98.08980043921584,1205
120502,Salapian,3.424816932547489,98.3163801170106,1205
120503,Kuala,3.4642681524241548,98.38610931565597,1205
120504,Sei Bingai,3.3825441738190443,98.45472801056658,1205
120505,Binjai,3.66399293973856,98.45935956476286,1205
120506,Selesai,3.6137483219161637,98.40028522828118,1205
120507,Stabat,3.7335681888019354,98.46134778733655,1205
120508,Wampu,3.697877075213677,98.33112356713842,1205
120509,Secanggang,3.864046740169952,98.54279142753192,1205
120510,Hinai,3.8332889332272995,98.42850827320743,1205
120511,Tanjung Pura,3.9607814507643875,98.47627910539666,1205
120512,Padang Tualang,3.8065057723815006,98.32555247249867,1205
120513,Gebang,3.9750697085616933,98.37707423067117,1205
120514,Babalan,4.031855296224649,98.33510601631612,1205
120515,Pangkalan Susu,4.146771373561522,98.19776811892713,1205
120516,Besitang,4.009197345784487,98.10403484147781,1205
120517,Sei Lepan,3.8704470865168603,98.11336382353048,1205
120518,Berandan Barat,4.030094286947365,98.25136495159845,1205
120519,Batang Serangan,3.6952354067724618,98.02694282873317,1205
120520,Sawit Seberang,3.823106664448735,98.23463110101048,1205
120521,Sirapit,3.581301382098595,98.30191597449961,1205
120522,Kutambaru,3.330914394045168,98.26363964766493,1205
120523,Pematang Jaya,4.242119445074758,98.15764061395714,1205
120601,Kabanjahe,3.1050199104790766,98.47433943839908,1206
120602,Berastagi,3.1910374091739717,98.51834772532648,1206
120603,Barusjahe,3.1335635946411218,98.57959177551217,1206
120604,Tigapanah,3.062358651388183,98.48594420961665,1206
120605,Merek,2.9423907699020955,98.49252856980505,1206
120606,Munte,3.058716243785467,98.37923121061479,1206
120607,Juhar,2.999067963778727,98.29583431404268,1206
120608,Tigabinanga,3.096910052405622,98.20999520218774,1206
120609,Laubaleng,3.128525457548626,98.06460838177935,1206
120610,Mardingding,3.237204581217558,98.03491665404395,1206
120611,Payung,3.1226895055302073,98.37734235294694,1206
120612,Simpang Empat,3.135967442874915,98.45165713745271,1206
120613,Kutabuluh,3.2030930335436723,98.22742792782881,1206
120614,Dolat Rayat,3.167506906659755,98.54261698871393,1206
120615,Merdeka,3.2076335550830546,98.48392483129547,1206
120616,Naman Teran,3.2162720562684037,98.39961252471706,1206
120617,Tiganderket,3.157441004036697,98.33403924501579,1206
120701,Gunung Meriah,3.108901723994704,98.67484270990364,1207
120702,Tanjung Morawa,3.525315648779692,98.79835016930294,1207
120703,Sibolangit,3.294347339303935,98.56906616576126,1207
120704,Kutalimbaru,3.403062330173975,98.5285850927034,1207
120705,Pancur Batu,3.472715696639327,98.59073105424686,1207
120706,Namo Rambe,3.435790588336256,98.65114523975915,1207
120707,Biru-Biru,3.368827461576355,98.65960377448266,1207
120708,Sinembah Tanjung Muda Hilir,3.3675528698121253,98.7225307364512,1207
120709,Bangun Purba,3.3602457997375947,98.81160212763007,1207
120719,Galang,3.4352052912622866,98.87344961975452,1207
120720,SSinembah Tanjung Muda Hulu,3.2240792521403825,98.69265220093467,1207
120721,Patumbak,3.488638478666247,98.71522720597986,1207
120722,Deli Tua,3.4982937493862614,98.68224987213554,1207
120723,Sunggal,3.585320525004143,98.575294710982,1207
120724,Hamparan Perak,3.7277374329260216,98.5934667024293,1207
120725,Labuhan Deli,3.7890608602628095,98.6447970457704,1207
120726,Percut Sei Tuan,3.6589889176426413,98.75258331513842,1207
120727,Batang Kuis,3.6209509639950883,98.80989369731275,1207
120728,Lubuk Pakam,3.553998926126067,98.87988692255139,1207
120731,Pagar Merbau,3.5207936573665273,98.89814731893848,1207
120732,Pantai Labu,3.6646461663656473,98.87474159261632,1207
120733,Beringin,3.6121738019291674,98.8773350573838,1207
120801,Siantar,2.9362937093722272,99.09666832642128,1208
120802,Gunung Malela,3.0162150814769357,99.19677093083094,1208
120803,Gunung Maligas,3.0415635062578814,99.14747755800879,1208
120804,Panei,2.9045835191592566,98.92718333343475,1208
120805,Panombeian Panei,2.954569681942591,98.99051890071857,1208
120806,Jorlang Hataran,2.8412206624421033,99.00441208734452,1208
120807,Raya Kahean,3.1185863170323884,98.92556713573717,1208
120808,Bosar Maligas,3.0446564895918837,99.37516249370026,1208
120809,Sidamanik,2.852604492862287,98.93412025379011,1208
120810,Pamatang Sidamanik,2.776282781768086,98.86830354326091,1208
120811,Tanah Jawa,2.881365210716007,99.16405767226098,1208
120812,Hatonduhan,2.7492711745320917,99.11777850110433,1208
120813,Dolok Panribuan,2.781060964826227,99.02141185484355,1208
120814,Purba,2.915552208956651,98.70859668082016,1208
120815,Haranggaol Horisan,2.8397284986253073,98.65628047038881,1208
120816,Girsang Sipangan Bolon,2.6771176462028943,98.95745582892104,1208
120817,Dolok Batu Nanggar,3.117042589822916,99.14665191581726,1208
120818,Hutabayu Raja,2.9708095881467154,99.28992012762535,1208
120819,Jawa Maraja Bah Jambi,2.9593003309333836,99.21153152182849,1208
120820,Dolok Pardamean,2.824346944624654,98.80046870413354,1208
120821,Pematang Bandar,3.0880074610464225,99.25420528198246,1208
120822,Bandar Huluan,3.153608279462704,99.2221046557134,1208
120823,Bandar,3.1719729391770004,99.32411419848756,1208
120824,Bandar Masilam,3.24457168724202,99.29771403464242,1208
120825,Silimakuta,2.963348613697795,98.62743598897373,1208
120826,Dolok Silao,3.0768441578421197,98.70848054342942,1208
120827,Silou Kahean,3.1780785635534707,98.85697686483444,1208
120828,Tapian Dolok,3.066634669639747,99.06190491312803,1208
120829,Raya,2.9989338367916845,98.87077955781209,1208
120830,Ujung Padang,3.0196006522240335,99.4600741814774,1208
120831,Pamatang Silima Huta,2.946339709491709,98.57218201301288,1208
120832,Dolog Masagal,2.9050298675060664,98.80024541187352,1208
120908,Meranti,3.0854448900900393,99.62342199269877,1209
120909,Air Joman,3.0082393753528547,99.71591203210647,1209
120910,Tanjung Balai,3.0365684680851595,99.81461391013102,1209
120911,Sei Kepayang,2.8451798918159326,99.87142596799193,1209
120912,Simpang Empat,2.9014021473225644,99.74683938102089,1209
120913,Air Batu,2.8626308026584923,99.62376569711101,1209
120914,Pulau Rakyat,2.7399582514339467,99.70203639239396,1209
120915,Bandar Pulau,2.651259753572776,99.35951596840688,1209
120916,Buntu Pane,2.8614757770285837,99.48598220486124,1209
120917,Bandar Pasir Mandoge,2.7343263700747045,99.26128227247358,1209
120918,Aek Kuasan,2.6670812769515853,99.6972136092616,1209
120919,Kota Kisaran Barat,2.994303717672177,99.60013824010197,1209
120920,Kota Kisaran Timur,2.9860044377093504,99.64464855459117,1209
120921,Aek Songsongan,2.605114627000776,99.44294035519609,1209
120922,Rahuning,2.7306691533559264,99.52055554168301,1209
120923,Sei Dadap,2.942286179312465,99.64670851521089,1209
120924,Sei Kepayang Barat,2.956773171949117,99.85463690069112,1209
120925,Sei Kepayang Timur,2.958850693043386,99.92289785606175,1209
120926,Tinggi Raja,2.8328644164940413,99.53790534407916,1209
120927,Setia Janji,2.938941382911607,99.49321854672624,1209
120928,Silau Laut,3.092166926572297,99.73930665626733,1209
120929,Rawang Panca Arga,3.065784744945208,99.66140461459477,1209
120930,Pulo Bandring,2.9906566175376694,99.55751256083892,1209
120931,Teluk Dalam,2.8107572967760164,99.669507639184,1209
120932,Aek Ledong,2.6115036925746673,99.64451773182745,1209
121001,Rantau Utara,2.1370489745734433,99.85458846077253,1210
121002,Rantau Selatan,2.0665861792074045,99.85217243180503,1210
121007,Bilah Barat,2.0866218185692778,99.78336923948436,1210
121008,Bilah Hilir,2.3320889679973282,100.07704803430941,1210
121009,Bilah Hulu,1.9899310826422254,99.93485124020708,1210
121014,Pangkatan,2.1566314942744764,100.01922196850403,1210
121018,Panai Tengah,2.3720067302421386,100.24661474778044,1210
121019,Panai Hilir,2.6185879540325403,100.16324909502391,1210
121020,Panai Hulu,2.422007582562841,100.13909774147265,1210
121101,Sidikalang,2.7463580786641972,98.321080565763,1211
121102,Sumbul,2.753713265476396,98.44729205689384,1211
121103,Tigalingga,2.8962660629799455,98.25458940067661,1211
121104,Siempat Nempu,2.818892025265109,98.21716104818107,1211
121105,Silima Pungga Pungga,2.856503656818789,98.06224377349712,1211
121106,Tanah Pinem,3.0030715485373,98.09336349203981,1211
121107,Siempat Nempu Hulu,2.823087446966694,98.268463945097,1211
121108,Siempat Nempu Hilir,2.9054919506190093,98.06399114424224,1211
121109,Pegagan Hilir,2.854906289451173,98.38670271262357,1211
121110,Parbuluan,2.6317256995498526,98.47960336744728,1211
121111,Lae Parira,2.7863833833606684,98.18054036978943,1211
121112,Gunung Sitember,2.950769705958879,98.14162409825315,1211
121113,Berampu,2.735187892007704,98.25403770882646,1211
121114,Silahisabungan,2.784970787330089,98.54519077551805,1211
121115,Sitinjo,2.7012668886307734,98.3634004657978,1211
121201,Balige,2.322990607814018,99.0852253888212,1212
121202,Laguboti,2.3507995752189372,99.14521287610597,1212
121203,Silaen,2.414448520144425,99.24288128652314,1212
121204,Habinsaran,2.3549528041328918,99.33825354956586,1212
121205,Pintu Pohan Meranti,2.525930833239118,99.35117085756184,1212
121206,Borbor,2.2084432057148633,99.26997425527337,1212
121207,Porsea,2.466254312284047,99.1313202054421,1212
121208,Ajibata,2.603166101180608,98.94289312523773,1212
121209,Lumban Julu,2.5576264669267963,99.03908276692869,1212
121210,Uluan,2.4370998907601664,99.06658322450079,1212
121219,Sigumpar,2.392695736160367,99.1652423867327,1212
121220,Siantar Narumonda,2.433086703188426,99.19386109617484,1212
121221,Nassau,2.3122263263705087,99.4655944058255,1212
121222,Tampahan,2.3396989425778125,99.01389380834752,1212
121223,Bonatua Lunasi,2.527247537843121,99.14060542671446,1212
121224,Parmaksian,2.4758026658188728,99.19228610535772,1212
121301,Panyabungan,0.8678150774611206,99.61455423563557,1213
121302,Panyabungan Utara,0.9302595999632239,99.55630678245706,1213
121303,Panyabungan Timur,0.7920140881120883,99.73894271750716,1213
121304,Panyabungan Selatan,0.7540339699445651,99.53695821964509,1213
121305,Panyabungan Barat,0.8193095667661796,99.49340230641877,1213
121306,Siabu,1.0313843393485753,99.4705108753946,1213
121307,Bukit Malintang,0.9735831775167746,99.5470583230173,1213
121308,Kotanopan,0.6160971988605701,99.72058483889901,1213
121309,Lembah Sorik Marapi,0.7454627993681847,99.59927159075076,1213
121310,Tambangan,0.6929957973878904,99.65046839219629,1213
121311,Ulu Pungkut,0.5398700350497319,99.77389769663267,1213
121312,Muara Sipongi,0.6157237815033192,99.87902790341822,1213
121313,Batang Natal,0.6849561297486333,99.41278239250748,1213
121314,Lingga Bayu,0.6094202334737351,99.25611456830083,1213
121315,Batahan,0.37078318146149936,99.21522806592951,1213
121316,Natal,0.6514574500655262,99.12423800098742,1213
121317,Muara Batang Gadis,1.010356377253725,99.10678008621905,1213
121318,Ranto Baek,0.5084788560198361,99.374036697456,1213
121319,Huta Bargot,0.8717946680940217,99.45077725154403,1213
121320,Puncak Sorik Marapi,0.6756977710140746,99.5788055539656,1213
121321,Pakantan,0.5283718057879756,99.8968942119099,1213
121322,Sinunukan,0.4724874198699876,99.23325806348403,1213
121323,Naga Juang,0.9307838534743225,99.43956975658128,1213
121401,Lolomatua,0.9420666339798415,97.6475394905813,1214
121402,Gomo,0.866727509645441,97.79762063198228,1214
121403,Lahusa,0.7568767150410489,97.83934231040567,1214
121404,Hibala,-0.45102810730839754,98.45473205791716,1214
121405,Pulau-Pulau Batu,-0.048062685212212554,98.31905492663047,1214
121406,Teluk Dalam,0.5842065711267359,97.8241539407145,1214
121407,Amandraya,0.7249733696744004,97.68475443628535,1214
121408,Lolowau,0.8867241328398814,97.58950062902363,1214
121409,Susua,0.7885345483638808,97.7722172926823,1214
121410,Maniamolo,0.6503736494474995,97.7312151044185,1214
121411,Hilimegai,0.8901254818828328,97.62349784012738,1214
121412,Toma,0.6573484171780823,97.87670042428911,1214
121413,Mazino,0.6969538685383301,97.84234374751401,1214
121414,Umbunasi,0.9260637459330922,97.73559758882487,1214
121415,Aramo,0.7271741720408498,97.74207019500575,1214
121416,Pulau-Pulau Batu Timur,0.09327375759326101,98.65968102406215,1214
121417,Mazo,0.8211247249912031,97.77656682029946,1214
121418,Fanayama,0.6536157011309524,97.78705205735137,1214
121419,Ulunoyo,0.8914230406227194,97.67949647275482,1214
121420,Huruna,0.9894006968413243,97.63626751579531,1214
121421,O'O'U,0.8212091503132268,97.64430126264965,1214
121422,Onohazumba,0.975181601053086,97.58142888649729,1214
121423,Hilisalawa'Ahe,0.9368393645093728,97.55426166481577,1214
121424,Ulususua,0.814902809491608,97.70433413469284,1214
121425,Sidua'Ori,0.8188617064703689,97.8375417548751,1214
121426,Somambawa,0.8420593728771418,97.88122372410113,1214
121427,Boronadu,0.8613292455343866,97.743688268339,1214
121428,Simuk,-0.08000411599289231,97.87198538702965,1214
121429,Pulau-Pulau Batu Barat,-0.31466791000093236,98.3020423070385,1214
121430,Pulau-Pulau Batu Utara,-0.040828377980728074,98.39291516840167,1214
121431,Tanah Masa,-0.2689994562082513,98.44789479727889,1214
121432,Luahagundre Maniamolo,0.5898682348113622,97.72884175355034,1214
121433,Onolalu,0.6362949263730857,97.82838665741131,1214
121434,Ulu Idanotae,0.9096089388217238,97.7812343029702,1214
121435,Idanotae,0.899700773156371,97.8461594467252,1214
121501,Sitelu Tali Urang Jehe,2.661246034372152,98.16331736318719,1215
121502,Kerajaan,2.6323424765737617,98.27567390785433,1215
121503,Salak,2.4542795369617783,98.28793225148576,1215
121504,Sitelu Tali Urang Julu,2.5082754301499377,98.39184956439288,1215
121505,Pergetteng Getteng Sengkut,2.5466203395932228,98.27027738798307,1215
121506,Pagindar,2.4343402574999957,98.18074881530544,1215
121507,Tinada,2.6052222756339276,98.31715266813079,1215
121508,Siempat Rube,2.5847403524286148,98.3966550681628,1215
121601,Parlilitan,2.360931381412373,98.47315433900499,1216
121602,Pollung,2.349000744766084,98.70353016689336,1216
121603,Baktiraja,2.3527885891080875,98.80777236300702,1216
121604,Paranginan,2.2968797523822677,98.91914277741266,1216
121605,Lintong Nihuta,2.2612925111150095,98.8566528640701,1216
121606,Dolok Sanggul,2.2377564751062864,98.72121473240783,1216
121607,Sijamapolang,2.1410951074327507,98.70127813683577,1216
121608,Onan Ganjang,2.111238227886934,98.62566742473443,1216
121609,Pakkat,2.1630928523151187,98.4801184218622,1216
121610,Tarabintang,2.2557327355119536,98.3765349074265,1216
121701,Simanindo,2.6942602592662444,98.78756106189122,1217
121702,Onan Runggu,2.4762997620862772,98.95449293800493,1217
121703,Nainggolan,2.457453973805607,98.883047706229,1217
121704,Palipi,2.520081187222017,98.81415142615236,1217
121705,Harian,2.4935495096774263,98.58571757419065,1217
121706,Sianjar Mula Mula,2.66306464781078,98.61694041787426,1217
121707,Ronggur Nihuta,2.617261922574972,98.78057858487225,1217
121708,Pangururan,2.6361829179307454,98.71020841910335,1217
121709,Sitio-Tio,2.437772863816347,98.78228483703451,1217
121801,Pantai Cermin,3.6193888676770367,98.98940838559166,1218
121802,Perbaungan,3.560426567609447,98.99792954609487,1218
121803,Teluk Mengkudu,3.5380694657151923,99.12414859756586,1218
121804,Sei Rampah,3.456425968928698,99.07186240801047,1218
121805,Tanjung Beringin,3.4825026962299432,99.21470945866149,1218
121806,Bandar Khalipah,3.417421149752495,99.26687944139204,1218
121807,Dolok Merawan,3.1893406834290863,99.12373333153874,1218
121808,Sipispis,3.16749188869536,99.01831542984831,1218
121809,Dolok Masihul,3.326754761539771,99.02101974146248,1218
121810,Kotarih,3.288807736077811,98.85695068836205,1218
121811,Silinda,3.261733612444214,98.79487491877674,1218
121812,Serba Jadi,3.388536666493672,98.93958634362141,1218
121813,Tebing Tinggi,3.343859474829305,99.15317200758996,1218
121814,Pegajahan,3.4823611204657627,98.97781816928902,1218
121815,Sei Bamban,3.425500281587736,99.15219256742978,1218
121816,Tebing Syahbandar,3.2942643777654133,99.20237395572131,1218
121817,Bintang Bayu,3.2987255401413473,98.92831623569339,1218
121901,Medang Deras,3.3812393301287518,99.3584647291555,1219
121902,Sei Suka,3.3322103483037786,99.3857976506407,1219
121903,Air Putih,3.2885925669624134,99.3987308033198,1219
121904,Lima Puluh,3.1902578571527123,99.42853091305085,1219
121905,Talawi,3.2017378737211626,99.54955958639256,1219
121906,Tanjung Tiram,3.2214516912481255,99.60189697672345,1219
121907,Sei Balai,3.097666962815729,99.57672524800907,1219
121908,Laut Tador,3.3123829396282325,99.28075691859338,1219
121909,Lima Puluh Pesisir,3.2700318940031656,99.48334684301457,1219
121910,Datuk Lima Puluh,3.207009945159893,99.48442337682395,1219
121911,Datuk Tanah Datar,3.1414065178959385,99.52738870632614,1219
121912,Nibung Hangus,3.169998875584163,99.65752406369278,1219
122001,Dolok Sigompulon,1.9489891063713087,99.73183194888003,1220
122002,Dolok,1.8231289320807627,99.66782208267153,1220
122003,Halongonan,1.641514406783468,99.72076112121668,1220
122004,Padang Bolak,1.586936965291677,99.58872650242205,1220
122005,Padang Bolak Julu,1.4773193756519267,99.48695132854927,1220
122006,Portibi,1.436611302417632,99.68551189504201,1220
122007,Batang Onang,1.3231630581654021,99.47295753814873,1220
122008,Simangambat,1.5081127174221347,100.09463115658419,1220
122009,Hulu Sihapas,1.4884200735980726,99.42214582312316,1220
122010,Padang Bolak Tenggara,1.4014380679393181,99.57209102274417,1220
122011,Halongonan Timur,1.5924682610587326,99.86771668356641,1220
122012,Ujung Batu,1.665555775337453,100.05694002891234,1220
122101,Sosopan,1.198911937434234,99.5648705181171,1221
122102,Barumun Tengah,1.3855609742079933,99.78208692916702,1221
122103,Huristak,1.3744218028904447,99.93696893804703,1221
122104,Lubuk Barumun,1.1664973334029412,99.82526620059215,1221
122105,Hutaraja Tinggi,1.129791258083009,100.0512579039559,1221
122106,Ulu Barumun,1.075609106856286,99.64691499243317,1221
122107,Barumun,1.014278696864588,99.69842184041742,1221
122108,Sosa,0.9952055015584951,99.93229335881676,1221
122109,Batang Lubu Sutam,0.8553343207265066,100.04048326557063,1221
122110,Barumun Selatan,0.9648034992638804,99.72051547969164,1221
122111,Aek Nabara Barumun,1.2644946842810867,99.76920602791967,1221
122112,Sihapas Barumun,1.3142763044670003,99.666666879851,1221
122113,Barumun Baru,1.0697465484308326,99.71045343694931,1221
122114,Ulu Sosa,0.9382066252455744,99.80222757683049,1221
122115,Sosa Julu,1.0769242913395305,99.86313421704571,1221
122116,Barumun Barat,1.3495617933339192,99.70781925081272,1221
122117,Sosa Timur,0.928898959002687,100.0629795766285,1221
122201,Kotapinang,1.886321654095019,100.07095445920518,1222
122202,Kampung Rakyat,2.082061254721904,100.22166366497146,1222
122203,Torgamba,1.7139276567428194,100.25080171728746,1222
122204,Sungai Kanan,1.7473656876229495,99.86365574120295,1222
122205,Silangkitang,1.8756650587472958,99.934192897578,1222
122301,Kualuh Hulu,2.5492308004314586,99.66212317462988,1223
122302,Kualuh Leidong,2.7005772061938753,99.90396835298984,1223
122303,Kualuh Hilir,2.5498831832016524,99.97274819384943,1223
122304,Aek Kuo,2.3727833986477926,99.86347700122414,1223
122305,Marbau,2.2532332369942343,99.88338325918753,1223
122306,Na IX - X,2.1723483032976842,99.65803612113803,1223
122307,Aek Natas,2.2851042725296713,99.60240154375762,1223
122308,Kualuh Selatan,2.46331337267469,99.64321872128254,1223
122401,Lotu,1.4217295316287117,97.362435402697,1224
122402,Sawo,1.4970776126687517,97.38792490707361,1224
122403,Tuhemberua,1.4491868513204833,97.46278233104859,1224
122404,Sitolu Ori,1.3960114476528203,97.46289669521768,1224
122405,Namohalu Esiwa,1.327363826502111,97.41866540929286,1224
122406,Alasa Talumuzoi,1.2516246871004952,97.4547978031636,1224
122407,Alasa,1.1986714339402966,97.39168784131114,1224
122408,Tugala Oyo,1.1242087896888628,97.4276839319193,1224
122409,Afulu,1.254290311896937,97.27809476670363,1224
122410,Lahewa,1.3721319398560339,97.19222011677684,1224
122411,Lahewa Timur,1.3564452560168132,97.31472913749778,1224
122501,Lahomi,0.9790332934437309,97.50553920650546,1225
122502,Sirombu,0.9224576723978125,97.44017506720587,1225
122503,Mandrehe Barat,1.0141051248239814,97.4282135264283,1225
122504,Moro'O,1.0713177524016209,97.42371173671638,1225
122505,Mandrehe,1.0534959744419699,97.50524599036187,1225
122506,Mandrehe Utara,1.1173615892650606,97.52346743777063,1225
122507,Lolofitu Moi,1.0711102549631868,97.59467462104196,1225
122508,Ulu Moro'O,1.0194418821060935,97.55113970924461,1225
127101,Medan Kota,3.569446279983815,98.69478518307659,1271
127102,Medan Sunggal,3.5806426788464822,98.62721349271642,1271
127103,Medan Helvetia,3.605411218672886,98.63263099881358,1271
127104,Medan Denai,3.5704353296658766,98.71888075909634,1271
127105,Medan Barat,3.608664806315109,98.66844583220085,1271
127106,Medan Deli,3.661024317129225,98.67465585522324,1271
127107,Medan Tuntungan,3.5183671162049523,98.62203571165585,1271
127108,Medan Belawan,3.768117474726938,98.66903047473504,1271
127109,Medan Amplas,3.5394524146563056,98.71368627974789,1271
127110,Medan Area,3.5795823064054457,98.70025597371577,1271
127111,Medan Johor,3.529409602718074,98.67084580297265,1271
127112,Medan Marelan,3.7124521857714488,98.65412589064007,1271
127113,Medan Labuhan,3.720737579600497,98.69458945367607,1271
127114,Medan Tembung,3.6068311675104208,98.70956694650089,1271
127115,Medan Maimun,3.5679671575137095,98.68349202453052,1271
127116,Medan Polonia,3.560012146227462,98.67302434771933,1271
127117,Medan Baru,3.5676054793823724,98.65882122282098,1271
127118,Medan Perjuangan,3.6035574356967444,98.6929980470652,1271
127119,Medan Petisah,3.5923209455936487,98.65983747070192,1271
127120,Medan Timur,3.619152581572414,98.68181464771276,1271
127121,Medan Selayang,3.552551311816757,98.633985921213,1271
127201,Siantar Timur,2.966611369379064,99.08123220776122,1272
127202,Siantar Barat,2.956282705623552,99.05626661236397,1272
127203,Siantar Utara,2.970212123188922,99.06430630973374,1272
127204,Siantar Selatan,2.947938052185298,99.06158415404713,1272
127205,Siantar Marihat,2.9438129816494696,99.08434788238777,1272
127206,Siantar Martoba,2.9965120207166387,99.07547588782198,1272
127207,Siantar Sitalasari,2.9736198479542706,99.04023191264967,1272
127208,Siantar Marimbun,2.9220282637900987,99.04723933759581,1272
127301,Sibolga Utara,1.7498255964544878,98.7854214421514,1273
127302,Sibolga Kota,1.7398135992288846,98.78133715134864,1273
127303,Sibolga Selatan,1.7329273733410395,98.80025139440836,1273
127304,Sibolga Sambas,1.732852978507772,98.7865178499082,1273
127401,Tanjungbalai Selatan,2.962858081245644,99.80237008154683,1274
127402,Tanjungbalai Utara,2.9704534356084094,99.802575781704,1274
127403,Sei Tualang Raso,2.9895929606219105,99.78447004237425,1274
127404,Teluk Nibung,3.0002308993954094,99.80426906079923,1274
127405,Datuk Bandar,2.9469812664896735,99.7783830603375,1274
127406,Datuk Bandar Timur,2.9455585010542085,99.8170780254537,1274
127501,Binjai Utara,3.6428679902205103,98.49829029385859,1275
127502,Binjai Kota,3.6007537277702766,98.4784359147976,1275
127503,Binjai Barat,3.6184618136755113,98.46868836117919,1275
127504,Binjai Timur,3.596388008944172,98.51768409454016,1275
127505,Binjai Selatan,3.5651785401507823,98.47141096720463,1275
127601,Padang Hulu,3.303632520342368,99.13851932309339,1276
127602,Rambutan,3.352870224360849,99.16490522844563,1276
127603,Padang Hilir,3.3270479653689518,99.17800770462992,1276
127604,Bajenis,3.332768938397357,99.13746293806669,1276
127605,Tebing Tinggi Kota,3.3267815508101557,99.16122783636945,1276
127701,Padangsidimpuan Utara,1.3937572596608279,99.25863102859687,1277
127702,Padangsidimpuan Selatan,1.3701091657179902,99.27494604118247,1277
127703,Padangsidimpuan Batunadua,1.3991079496980003,99.30661626144325,1277
127704,Padangsidimpuan Hutaimbaru,1.4220399351315776,99.2404151091805,1277
127705,Padangsidimpuan Tenggara,1.3360419752543558,99.31733506639516,1277
127706,Padangsidimpuan Angkola Julu,1.448362585590312,99.2660212076748,1277
127801,Gunungsitoli,1.2941429605881778,97.59553751299826,1278
127802,Gunungsitoli Selatan,1.2170971803620427,97.62414309064573,1278
127803,Gunungsitoli Utara,1.364623339348644,97.5329514265304,1278
127804,Gunungsitoli Idanoi,1.172554778286856,97.66326552812497,1278
127805,Gunungsitoli Alo'Oa,1.3063482532057675,97.52343425719474,1278
127806,Gunungsitoli Barat,1.2459462085978505,97.588248844937,1278
130101,Pancung Soal,-2.095644237967481,100.99222157381735,1301
130102,Ranah Pesisir,-1.6868585410611583,100.92110895789999,1301
130103,Lengayang,-1.5748186941589066,100.82980672525034,1301
130104,Batang Kapas,-1.3915610449426683,100.66594366015678,1301
130105,Iv Jurai,-1.2654642857835023,100.66191594727961,1301
130106,Bayang,-1.2466175030693338,100.53365536680715,1301
130107,Koto Xi Tarusan,-1.131868609185697,100.48448910985618,1301
130108,Sutera,-1.4542117814958206,100.7524783174308,1301
130109,Linggo Sari Baganti,-1.8215854520182142,100.98686367409515,1301
130110,Lunang,-2.251186688357547,101.13755994271747,1301
130111,Basa Ampek Balai Tapan,-2.1174538499993982,101.06336157407877,1301
130112,Iv Nagari Bayang Utara,-1.149458878356768,100.64657189010904,1301
130113,Airpura,-1.9526470566932148,101.01970234061653,1301
130114,Ranah Ampek Hulu Tapan,-2.145796778208588,101.11124200542407,1301
130115,Silaut,-2.353765651951761,101.04860256164123,1301
130203,Pantai Cermin,-1.245012037830614,100.892386007858,1302
130204,Lembah Gumanti,-1.0799260248586935,100.80020378154681,1302
130205,Payung Sekaki,-0.8799203890079382,100.82687191523856,1302
130206,Lembang Jaya,-0.9327691786958585,100.70652196722722,1302
130207,Gunung Talang,-0.9705848517384972,100.61953891130315,1302
130208,Bukit Sundi,-0.8775396906573015,100.71331093063763,1302
130209,Ix Koto Sungai Lasi,-0.7885311429821426,100.75666822738067,1302
130210,Kubung,-0.8308673156436994,100.63118516739358,1302
130211,X Koto Singkarak,-0.7161775038665772,100.57682658301577,1302
130212,X Koto Diatas,-0.6307048999834425,100.65619725857574,1302
130213,Junjung Sirih,-0.6860718780273675,100.50504394583552,1302
130217,Hiliran Gumanti,-1.1482413439576644,100.93438168815658,1302
130218,Tigo Lurah,-1.0701543434031382,101.04321476274228,1302
130219,Danau Kembar,-1.0528260020607152,100.6996754251007,1302
130303,Tanjung Gadang,-0.842485227181096,101.14528585006215,1303
130304,Sijunjung,-0.5970927703596973,101.04365091830466,1303
130305,Iv Nagari,-0.7432532192548347,100.89092727574182,1303
130306,Kamang Baru,-0.7738595135644897,101.31005654735996,1303
130307,Lubuk Tarok,-0.8208821991837232,101.01207352540416,1303
130308,Koto Vii,-0.6208770689854882,100.8719627128423,1303
130309,Sumpur Kudus,-0.45840833962388566,100.91079945731643,1303
130310,Kupitan,-0.7175387848862325,100.8291188497442,1303
130401,X Koto,-0.45203119823872734,100.38398065575812,1304
130402,Batipuh,-0.49224944563019274,100.45931581286477,1304
130403,Rambatan,-0.5434348429888091,100.56178762424638,1304
130404,Lima Kaum,-0.46751811684111694,100.57068889001307,1304
130405,Tanjung Emas,-0.4794760797855099,100.65359371741351,1304
130406,Lintau Buo,-0.48990652968207554,100.78535891543508,1304
130407,Sungayang,-0.3858795472143416,100.62336414262168,1304
130408,Sungai Tarab,-0.4016571678186252,100.54009480363466,1304
130409,Pariangan,-0.44818633130128194,100.49991699514148,1304
130410,Salimpaung,-0.35168543055950313,100.55919375104364,1304
130411,Padang Ganting,-0.5293895591794641,100.72260163339736,1304
130412,Tanjuang Baru,-0.31334466583002046,100.53187627722758,1304
130413,Lintau Buo Utara,-0.39911046687513413,100.74586547364315,1304
130414,Batipuah Selatan,-0.5999545374953923,100.47611937116066,1304
130501,Lubuak Aluang,-0.6902209082363188,100.35335125207929,1305
130502,Batang Anai,-0.7560409474535323,100.31842814095299,1305
130503,Nan Sabaris,-0.653218457271469,100.19166670512178,1305
130504,2 x 11 Anam Lingkuang,-0.5891743423153019,100.2833664229347,1305
130505,VII Koto,-0.5855339401069126,100.1973973199178,1305
130506,V Koto,-0.48211091212545987,100.15133290188636,1305
130507,Sungai Garinggiang,-0.43727275857759845,100.10460172520015,1305
130508,Sungai Limau,-0.4995011415071324,100.06967632233615,1305
130509,IV Koto Aua Malintang,-0.37335361125523436,100.07188996259751,1305
130510,Ulakan Tapakih,-0.7010198771792471,100.21585271416879,1305
130511,Sintuak Toboh Gadang,-0.6715184572678816,100.25113494305609,1305
130512,VII Koto Padang Sago,-0.5354093320197628,100.20922530242456,1305
130513,Batang Gasan,-0.433110909531535,100.01452828421895,1305
130514,V Koto Timur,-0.4906464609046291,100.18892635507562,1305
130515,2 X 11 Kayu Tanam,-0.5675691888036546,100.35276377393339,1305
130516,Koto Patamuan,-0.5066279594527995,100.2658284390049,1305
130517,nam Lingkuang,-0.6304345920959352,100.26635206866295,1305
130601,Tanjung Mutiara,-0.28981072865208585,99.8774451851263,1306
130602,Lubuk Basung,-0.2988479593990765,100.00584166094404,1306
130603,Tanjung Raya,-0.3146203902353344,100.18487730342252,1306
130604,Matur,-0.27841465735692716,100.27970927666173,1306
130605,IV Koto,-0.32880256140876324,100.3629704144074,1306
130606,Banuhampu,-0.3485904137756178,100.37499878959902,1306
130607,Ampek Angkek,-0.29267691643071786,100.42573442004473,1306
130608,Baso,-0.27097787684875746,100.48952766520206,1306
130609,Tilatang Kamang,-0.25246709295659736,100.38220393777009,1306
130610,Palupuh,-0.12527036166394778,100.29726545249805,1306
130611,Palembayan,-0.1599379518637379,100.15692041961391,1306
130612,Sungai Pua,-0.3748800689182779,100.40588519143182,1306
130613,Ampek Nagari,-0.20882082728733828,100.00816500887844,1306
130614,Candung,-0.33606291663289095,100.45434508332423,1306
130615,Kamang Magek,-0.1958395664649474,100.40157692757428,1306
130616,Malalak,-0.4143576237065604,100.27124151226245,1306
130701,Suliki,-0.1132512809572708,100.44556794532804,1307
130702,Guguak,-0.14446559058935798,100.52973948415801,1307
130703,Payakumbuh,-0.1744165904785335,100.5917415504234,1307
130704,Luak,-0.27037059618644005,100.6772641360666,1307
130705,Harau,-0.1216560818241555,100.69363288668842,1307
130706,Pangkalan Koto Baru,0.10377447903493943,100.7138549591415,1307
130707,Kapur IX,0.23040882711752877,100.44304826201768,1307
130708,Gunuang Omeh,-0.04274575587851218,100.35678307197725,1307
130709,Lareh Sago Halaban,-0.2944573384644021,100.76227542748526,1307
130710,Situjuah Limo Nagari,-0.31146495204055163,100.61848811668101,1307
130711,Mungka,-0.05546408498440146,100.58267280510469,1307
130712,Bukik Barisan,0.028916266696580983,100.47419677948648,1307
130713,Akabiluru,-0.2170094306600106,100.51461272555193,1307
130804,Bonjol,0.004451547218563667,100.24335658269734,1308
130805,Lubuk Sikaping,0.15006541019798117,100.1410433144217,1308
130807,Panti,0.34671942618278834,100.09638060641383,1308
130808,Mapat Tunggul,0.6709371689009774,100.16331042425706,1308
130812,Duo Koto,0.36985875335113844,99.89674935581965,1308
130813,Tigo Nagari,0.003923821830868289,100.07218890565127,1308
130814,Rao,0.5603200827771003,99.97765874080633,1308
130815,Mapat Tunggul Selatan,0.32073446484114065,100.23713059578901,1308
130816,Simpang Alahan Mati,-0.01920574392024971,100.15832234807876,1308
130817,Padang Gelugur,0.42767519369555596,100.03956058311664,1308
130818,Rao Utara,0.7382797723706401,99.96599128831284,1308
130819,Rao Selatan,0.5056005129469325,100.03462449861584,1308
130901,Pagai Utara,-2.6724973713628883,100.04612595608094,1309
130902,Sipora Selatan,-2.234777067270382,99.71125362753803,1309
130903,Siberut Selatan,-1.568688126746609,99.09734800339976,1309
130904,Siberut Utara,-1.1715193701247446,98.8869205676202,1309
130905,Siberut Barat,-1.2159492829576857,98.76045299714062,1309
130906,Siberut Barat Daya,-1.6574526314562996,99.04485272234247,1309
130907,Siberut Tengah,-1.3885250165916172,99.03389404440394,1309
130908,Sipora Utara,-2.143259530627834,99.6032707583776,1309
130909,Sikakap,-2.7699092083617214,100.16507203189046,1309
130910,Pagai Selatan,-3.0561290914275783,100.34467617789866,1309
131001,Koto Baru,-1.1128514824103068,101.67561831007411,1310
131002,Pulau Punjung,-1.0193252208046486,101.49274378369337,1310
131003,Sungai Rumbai,-1.2116283572758275,101.74721156862175,1310
131004,Sitiung,-0.9973180197774424,101.60325140234472,1310
131005,Sembilan Koto,-1.04072322671593,101.28109508444051,1310
131006,Timpeh,-0.8954312767544355,101.62156312481797,1310
131007,Koto Salak,-1.150414708371891,101.81014463048773,1310
131008,Tiumang,-1.0703825368393522,101.76376031200805,1310
131009,Padang Laweh,-1.0067438366075439,101.76730907676725,1310
131010,Asam Jujuhan,-1.4876804440171236,101.59369204662588,1310
131011,Koto Besar,-1.222784763054487,101.57487492567193,1310
131101,Sangir,-1.5871261865433672,101.26503312979123,1311
131102,Sungai Pagu,-1.4519730584155892,101.0919130897528,1311
131103,Koto Parik Gadang Diateh,-1.3604949869752498,101.01179631828336,1311
131104,Sangir Jujuan,-1.4237982680343373,101.31125952274748,1311
131105,Sangir Batang Hari,-1.234765688158709,101.35177443887919,1311
131106,Pauh Duo,-1.5710329536740355,101.10778540709407,1311
131107,Sangir Balai Janggo,-1.4652993890509445,101.4963042607996,1311
131201,Sungai Beremas,0.2627594414973044,99.31642140265748,1312
131202,Lembah Melintang,0.36662929425116914,99.58607859220946,1312
131203,Pasaman,0.12177991314148323,99.81292834758328,1312
131204,Talamau,0.2121299421913543,99.9498719084215,1312
131205,Kinali,-0.07442735340893192,99.89294824238571,1312
131206,Gunung Tuleh,0.3243679590292565,99.74974970710129,1312
131207,Ranah Batahan,0.42365758358871236,99.441095624661,1312
131208,Koto Balingka,0.3188213866282817,99.49319465841758,1312
131209,Sungai Aur,0.24458905776299017,99.61594458099661,1312
131210,Luhak Nan Duo,0.033118832088051414,99.80805234017454,1312
131211,Sasak Ranah Pasisie,0.046657969246099995,99.67714445858579,1312
137101,Padang Selatan,-0.977580992168462,100.36060444817889,1371
137102,Padang Timur,-0.9452240859059026,100.37823729171366,1371
137103,Padang Barat,-0.9436412425031055,100.35643841497082,1371
137104,Padang Utara,-0.9131357773623485,100.35799152831883,1371
137105,Bungus Teluk Kabung,-1.0558852960310163,100.41789002796492,1371
137106,Lubuk Begalung,-0.9807962150242093,100.4026240000541,1371
137107,Lubuk Kilangan,-0.9573577047422244,100.49550536449436,1371
137108,Pauh,-0.877135288729888,100.4923752367795,1371
137109,Kuranji,-0.8952267128983976,100.41465952769065,1371
137110,Nanggalo,-0.8993754194004969,100.37155543354301,1371
137111,Koto Tangah,-0.8094402585319731,100.40798735512939,1371
137201,Lubuk Sikarah,-0.795496090187332,100.61163696096732,1372
137202,Tanjung Harapan,-0.7632974675647095,100.6581130854814,1372
137301,Lembah Segar,-0.6991204524954531,100.75677110156018,1373
137302,Barangin,-0.658338899356575,100.72596089019666,1373
137303,Silungkang,-0.7321368127887412,100.78266372580558,1373
137304,Talawi,-0.6015587332008195,100.76633053779258,1373
137401,Padang Panjang Timur,-0.47153730233563657,100.41658941175059,1374
137402,Padang Panjang Barat,-0.4734167684889615,100.38729544538221,1374
137501,Guguak Panjang,-0.30452109438520636,100.36714304744716,1375
137502,Mandiangin Koto Selayan,-0.2906773106992944,100.36844248099699,1375
137503,Aur Birugo Tigo Baleh,-0.31633776230272903,100.38820574233976,1375
137601,Payakumbuh Barat,-0.23541434906108277,100.61278133124725,1376
137602,Payakumbuh Utara,-0.20527193343395775,100.64106899716522,1376
137603,Payakumbuh Timur,-0.22497097302164928,100.66136901069699,1376
137604,Lamposi Tigo Nagori,-0.20450178615928635,100.60253840285239,1376
137605,Payakumbuh Selatan,-0.261529949017868,100.62541386129017,1376
137701,Pariaman Tengah,-0.6253724403829695,100.13040355098708,1377
137702,Pariaman Utara,-0.576278752547871,100.1177911197331,1377
137703,Pariaman Selatan,-0.6388543561415895,100.15849062389513,1377
137704,Pariaman Timur,-0.6035691792512146,100.14614461418459,1377
140101,Bangkinang Kota,0.2650117446905743,101.07289756343394,1401
140102,Kampar,0.2794776399717976,101.12701555235573,1401
140103,Tambang,0.37699023611710625,101.30504178034066,1401
140104,Xiii Koto Kampar,0.2267858810807107,100.83053647673992,1401
140105,Kuok,0.3452016778811022,100.91031801976185,1401
140106,Siak Hulu,0.3542879484841517,101.53764280104618,1401
140107,Kampar Kiri,-0.0022029491627510458,101.11483798303273,1401
140108,Kampar Kiri Hilir,0.13228522201573092,101.45976276065704,1401
140109,Kampar Kiri Hulu,-0.18245320812707996,100.94791761669528,1401
140110,Tapung,0.585765390084993,101.09211607886336,1401
140111,Tapung Hilir,0.7836258339079822,101.13283550763656,1401
140112,Tapung Hulu,0.7604496857395657,100.81839381359418,1401
140113,Salo,0.2983576285727233,101.00791800091687,1401
140114,Rumbio Jaya,0.419646075030563,101.14898177185046,1401
140115,Bangkinang,0.4394062438825852,101.01616423442995,1401
140116,Perhentian Raja,0.31495326935434287,101.41203279824838,1401
140117,Kampa,0.35582178567193207,101.19774165489031,1401
140118,Kampar Utara,0.40994639416126766,101.0850465727026,1401
140119,Kampar Kiri Tengah,0.14052213525251253,101.32389747339433,1401
140120,Gunung Sahilan,0.0411989910056596,101.30268244620744,1401
140121,Koto Kampar Hulu,0.3766627336830827,100.55453609192995,1401
140201,Rengat,-0.21405353072196537,102.54464320860916,1402
140202,Rengat Barat,-0.3363296182541739,102.42245416481123,1402
140203,Kelayang,-0.4502240467442284,102.08278665882014,1402
140204,Pasir Penyu,-0.36886250384839575,102.27711669927103,1402
140205,Peranap,-0.6752592941196891,101.97453990141697,1402
140206,Seberida,-0.5735550701807481,102.42943936439987,1402
140207,Batang Cenaku,-0.7935258065878612,102.21129070829149,1402
140208,Batang Gansal,-0.8217914290855545,102.5061526201716,1402
140209,Lirik,-0.2586503834873571,102.27448874595241,1402
140210,Kuala Cenaku,-0.22143528214872105,102.6573044080332,1402
140211,Sungai Lala,-0.4357147722547241,102.25916117502365,1402
140212,Lubuk Batu Jaya,-0.34745310584358985,102.12988469435459,1402
140213,Rakit Kulim,-0.5887451841933745,102.1635510065221,1402
140214,Batang Peranap,-0.6801461044984359,101.86848913025669,1402
140301,Bengkalis,1.4564391713551703,102.24229683731048,1403
140302,Bantan,1.4787369523981815,102.35064481739333,1403
140303,Bukit Batu,1.3606037921077554,101.98192438995255,1403
140309,Mandau,1.263661439582681,101.24650097852242,1403
140310,Rupat,1.8578435771637447,101.58611615366554,1403
140311,Rupat Utara,2.025864626805835,101.57234189451214,1403
140312,Siak Kecil,1.1990450784460083,101.94801289347852,1403
140313,Pinggir,1.117188025972695,101.19926910029547,1403
140314,Bandar Laksamana,1.4684287323142997,101.69889702447509,1403
140315,Talang Muandau,1.1728269497024533,101.51310480251045,1403
140316,Bathin Solapan,1.3493392635439045,101.18514097532723,1403
140401,Reteh,-0.712317663860552,103.24769892850057,1404
140402,Enok,-0.5141805349791249,103.12924060406758,1404
140403,Kuala Indragiri,-0.33464948178135845,103.4686449649984,1404
140404,Tembilahan,-0.3392187319836644,103.1821137328925,1404
140405,Tempuling,-0.41179739149079103,102.89967531149055,1404
140406,Gaung Anak Serka,-0.19463743419585905,103.16267172686786,1404
140407,Mandah,0.027713754102773158,103.50055220104348,1404
140408,Kateman,0.2274074618428299,103.65207246433698,1404
140409,Keritang,-0.6993786061138759,102.84931653302296,1404
140410,Tanah Merah,-0.4723572205361417,103.35272085175139,1404
140411,Batang Tuaka,-0.26701627656030275,103.12442279386481,1404
140412,Gaung,-0.05680766676363663,102.98680663439436,1404
140413,Tembilahan Hulu,-0.38277455285720924,103.0876194095595,1404
140414,Kemuning,-0.9204991343921727,102.71420361413497,1404
140415,Pelangiran,0.17215769702859543,103.21460531255543,1404
140416,Teluk Belengkong,0.2839756800752606,103.3157531029838,1404
140417,Pulau Burung,0.41315198540405085,103.39949358569837,1404
140418,Concong,-0.28625911969413836,103.58844039997378,1404
140419,Kempas,-0.4728187083377458,102.80665850434252,1404
140420,Sungai Batang,-0.6158169607213405,103.24560933206294,1404
140501,Ukui,-0.22057637635770552,101.97738811174627,1405
140502,Pangkalan Kerinci,0.34773983928857205,101.8394964133918,1405
140503,Pangkalan Kuras,0.041382637977061786,101.8880372660247,1405
140504,Pangkalan Lesung,-0.02861498915245784,102.11875509068604,1405
140505,Langgam,0.0718227512301692,101.68100839349235,1405
140506,Pelalawan,0.4431048862495622,102.14136434195413,1405
140507,Kerumutan,0.010794255247709803,102.35752619505637,1405
140508,Bunut,0.2708040509596181,102.12621815239952,1405
140509,Teluk Meranti,0.3682446784880316,102.68342547361819,1405
140510,Kuala Kampar,0.558767197468855,103.14805791845359,1405
140511,Bandar Sei Kijang,0.39649769872662227,101.6928032179145,1405
140512,Bandar Petalangan,0.10872615469652488,102.17526735090416,1405
140601,Ujung Batu,0.7144955270308057,100.52690806021725,1406
140602,Rokan Iv Koto,0.5848164604024917,100.35417394649264,1406
140603,Rambah,0.8312219055749409,100.26173208033985,1406
140604,Tambusai,1.1062741262181295,100.25087688920512,1406
140605,Kepenuhan,1.1196538625575,100.60874965320784,1406
140606,Kunto Darussalam,0.9124346892242707,100.67366021456205,1406
140607,Rambah Samo,0.8099030061243215,100.42661452052192,1406
140608,Rambah Hilir,0.970289886785618,100.36605126691647,1406
140609,Tambusai Utara,1.2767630833395978,100.35025573986555,1406
140610,Bangun Purba,0.9119341005657161,100.19052773858294,1406
140611,Tandun,0.5768798181013195,100.61600108719873,1406
140612,Kabun,0.47104987908799245,100.76400079034894,1406
140613,Bonai Darussalam,1.1473747435222281,100.86612008722544,1406
140614,Pagaran Tapah Darussalam,0.7530462139702134,100.59601787477598,1406
140615,Kepenuhan Hulu,0.9799105689310851,100.50251881139548,1406
140616,Pendalian Iv Koto,0.5020256186237304,100.47956628305971,1406
140701,Kubu,2.070695851843409,100.52824719028196,1407
140702,Bangko,2.14131246518804,100.856672664381,1407
140703,Tanah Putih,1.516586569000991,101.03072239882007,1407
140704,Rimba Melintang,1.80467370382479,101.01248267882654,1407
140705,Bagansinembah,1.650504910183632,100.44092236581575,1407
140706,Pasir Limau Kapas,2.2014960157029977,100.3896101301488,1407
140707,Sinaboi,2.2135156361824886,100.96177363980533,1407
140708,Pujud,1.3934220233382388,100.6769371602215,1407
140709,Tanah Putih Tanjung Melawan,1.702310496687742,101.1232704543819,1407
140710,Bangko Pusako,1.7046548852161643,100.81544674837303,1407
140711,Simpang Kanan,1.873133001852665,100.36891132552805,1407
140712,Batu Hampar,1.950392459018753,100.97913444806564,1407
140713,Rantau Kopar,1.4067500196152802,101.020735438379,1407
140714,Pekaitan,1.9893880047522443,100.79694905042281,1407
140715,Kubu Babussalam,1.9757293697982607,100.63760797309088,1407
140716,Tanjung Medan,1.449269780463699,100.48479336370634,1407
140717,Bagan Sinembah Raya,1.8495454330438985,100.4987895130799,1407
140718,Balai Jaya,1.7400003412698126,100.59802383756278,1407
140801,Siak,0.8839270366947688,101.94131576224306,1408
140802,Sungai Apit,0.7912654893971415,102.41923831090259,1408
140803,Minas,0.7973821268424018,101.46653827161967,1408
140804,Tualang,0.6474059832642826,101.6264864538761,1408
140805,Sungai Mandau,0.9997942699980754,101.74377707092883,1408
140806,Dayun,0.6509479186963475,102.08221276743785,1408
140807,Kerinci Kanan,0.49282179465944964,101.77853278082418,1408
140808,Bunga Raya,0.9864433281626154,102.05214097901708,1408
140809,Koto Gasib,0.7349897296185068,101.79257007537365,1408
140810,Kandis,0.9440463517599256,101.2462846006857,1408
140811,Lubuk Dalam,0.5941560665219358,101.78323111592135,1408
140812,Sabak Auh,1.1116671471638018,102.10638102729229,1408
140813,Mempura,0.787978623189505,102.05870002773085,1408
140814,Pusako,0.898384263057603,102.15045526971358,1408
140901,Kuantan Mudik,-0.7274266352978561,101.54571362332582,1409
140902,Kuantan Tengah,-0.5709096257619262,101.60762168951622,1409
140903,Singingi,-0.4333476057906398,101.27922408562495,1409
140904,Kuantan Hilir,-0.3962072425008237,101.77646673073515,1409
140905,Cerenti,-0.48724060511532497,101.8651541888067,1409
140906,Benai,-0.49739722703110073,101.65918329368353,1409
140907,Gunungtoar,-0.6025870212175835,101.51574137684163,1409
140908,Singingi Hilir,-0.21493639939116338,101.2993207149357,1409
140909,Pangean,-0.43855335291258063,101.67643388697267,1409
140910,Logas Tanah Darat,-0.2480413600347359,101.58828026295586,1409
140911,Inuman,-0.4782148471464309,101.7994415257888,1409
140912,Hulu Kuantan,-0.5874044777753428,101.356190190366,1409
140913,Kuantan Hilir Seberang,-0.5249882637523324,101.76422033189579,1409
140914,Sentajo Raya,-0.40453087708343954,101.55847369007549,1409
140915,Pucuk Rantau,-0.8470616894831272,101.78264623164391,1409
141001,Tebing Tinggi,0.9752312136482687,102.74181501724246,1410
141002,Rangsang Barat,1.0668947208440018,102.71171944109317,1410
141003,Rangsang,0.9217464773794377,103.0310958921919,1410
141004,Tebing Tinggi Barat,0.8898646186133747,102.55460936985074,1410
141005,Merbau,1.0712836217539297,102.34246154150092,1410
141006,Pulaumerbau,1.044076004137026,102.52975254183544,1410
141007,Tebing Tinggi Timur,0.8385778357275058,102.8397517002019,1410
141008,Tasik Putri Puyu,1.2590038367216725,102.34938530357701,1410
141009,Rangsang Pesisir,1.0701293911541727,102.86468242152057,1410
147101,Sukajadi,0.5172222322174899,101.43786603894881,1471
147102,Pekanbaru Kota,0.5229766013475009,101.44845861741399,1471
147103,Sail,0.5158287019564824,101.45950268286603,1471
147104,Limapuluh,0.539215960553475,101.45891490377883,1471
147105,Senapelan,0.5355769657450146,101.43645049862513,1471
147106,Rumbai Barat,0.6327876757669907,101.40228786362339,1471
147107,Bukit Raya,0.4730238394584362,101.46649367418483,1471
147108,Binawidya,0.4879994517863518,101.38495469819159,1471
147109,Marpoyan Damai,0.46960528788815237,101.43627728900461,1471
147110,Tenayan Raya,0.5337265605706222,101.53509622407769,1471
147111,Payung Sekaki,0.5261665640701889,101.39940014169292,1471
147112,Rumbai,0.5772833316409804,101.39894764527148,1471
147113,Tuahmadani,0.4568927752748537,101.38180945034618,1471
147114,Kulim,0.4712443301453013,101.53798815488739,1471
147115,Rumbai Timur,0.6119635213978295,101.51050409347269,1471
147201,Dumai Barat,1.6814638760546032,101.38815962221958,1472
147202,Dumai Timur,1.6481927659036815,101.45821520790783,1472
147203,Bukit Kapur,1.5386821701368922,101.40405253301272,1472
147204,Sungai Sembilan,1.9290090174790688,101.20192135689611,1472
147205,Medang Kampai,1.6219825399027028,101.58337459056285,1472
147206,Dumai Kota,1.6753036328198125,101.44094839087553,1472
147207,Dumai Selatan,1.6372645824549892,101.3964437508517,1472
150101,Gunung Raya,-2.304645292907471,101.58992971026001,1501
150102,Danau Kerinci,-2.0331086050678397,101.58228070149733,1501
150104,Sitinjau Laut,-2.0532583386824235,101.49264677437851,1501
150105,Air Hangat,-1.9815887384448418,101.38233753538859,1501
150106,Gunung Kerinci,-1.8955359103029026,101.24503479872557,1501
150107,Batang Merangin,-2.1286575545412774,101.69179111769573,1501
150108,Keliling Danau,-2.2382852890097023,101.40731495266299,1501
150109,Kayu Aro,-1.7791953470492874,101.31283718880904,1501
150111,Air Hangat Timur,-1.9865837627163718,101.48892756230312,1501
150115,Gunung Tujuh,-1.7278851617055018,101.37397927888266,1501
150116,Siulak,-1.978673359992925,101.29331347380075,1501
150117,Depati Tujuh,-2.0185348571213355,101.35650346987616,1501
150118,Siulak Mukai,-1.8667447900213985,101.48247952526737,1501
150119,Kayu Aro Barat,-1.7745403102702473,101.20527902651213,1501
150120,Bukit Kerman,-2.2550803762122307,101.50071933163196,1501
150121,Air Hangat Barat,-1.9942210179015711,101.34434316349264,1501
150122,Tanah Cogok,-2.11946354852947,101.46789351981494,1501
150123,Danau Kerinci Barat,-2.137593676717155,101.43382780521348,1501
150201,Jangkat,-2.526822802796928,101.74241397806375,1502
150202,Bangko,-2.099332774963823,102.29500973311015,1502
150203,Muara Siau,-2.2827728684450816,101.99384137433118,1502
150204,Sungai Manau,-2.0731235694986165,101.92687540619414,1502
150205,Tabir,-1.8120203018930778,102.26340524716007,1502
150206,Pamenang,-2.123572345923976,102.53003884488358,1502
150207,Tabir Ulu,-1.9280276830849734,102.17700042494603,1502
150208,Tabir Selatan,-1.9485067559848375,102.42835070534629,1502
150209,Lembah Masurai,-2.399270300198196,101.91585770417191,1502
150210,Bangko Barat,-2.1695968964535304,102.22592317424173,1502
150211,Nalo Tantan,-2.0219730126566953,102.10510837721299,1502
150212,Batang Masumai,-2.07128201673239,102.18541177847244,1502
150213,Pamenang Barat,-2.075967469712417,102.3989710279475,1502
150214,Tabir Ilir,-1.7460110466608345,102.39857818466696,1502
150215,Tabir Timur,-1.7148272973752257,102.48720045378514,1502
150216,Renah Pembarap,-2.145122608323117,102.07642195870865,1502
150217,Pangkalan Jambu,-2.138294855899825,101.84363878964123,1502
150218,Jangkat Timur,-2.583453162254948,102.01306207675648,1502
150219,Renah Pamenang,-2.1882512149626288,102.39385444919479,1502
150220,Pamenang Selatan,-2.267623683899032,102.36974020991504,1502
150221,Margo Tabir,-1.8742090643246092,102.37842484889788,1502
150222,Tabir Lintas,-1.9330558171842112,102.30174171548579,1502
150223,Tabir Barat,-1.9217749748014819,101.8691268075609,1502
150224,Tiang Pumpung,-2.3024536430580262,102.23437195333818,1502
150301,Batang Asai,-2.5365813373291375,102.24433279109097,1503
150302,Limun,-2.5696990428606283,102.51333409040019,1503
150303,Sarolangun,-2.2737348073266315,102.71350866488069,1503
150304,Pauh,-2.2181018628548816,102.87407651810815,1503
150305,Pelawan,-2.4081515898310837,102.75608963023494,1503
150306,Mandiangin,-2.099789995881883,102.99161330067182,1503
150307,Air Hitam,-2.0063287311943308,102.64878819638838,1503
150308,Bathin VIII,-2.259210055870959,102.53137980442257,1503
150309,Singkut,-2.5304477729800112,102.70331943015997,1503
150310,Cermin Nan Gedang,-2.395535164797762,102.50729581283969,1503
150311,Mandiangin Timur,-2.1128629165628054,103.15499787150962,1503
150401,Mersam,-1.554158741410971,102.95438880165544,1504
150402,Muara Tembesi,-1.7203521797657837,103.10182302140207,1504
150403,Muara Bulian,-1.7298724619019459,103.23778348453638,1504
150404,Batin XXIV,-1.869273636549614,102.94307690689232,1504
150405,Pemayung,-1.5037214505549772,103.28266508450636,1504
150406,Maro Sebo Ulu,-1.7433539891963699,102.7612395132055,1504
150407,Bajubang,-2.026076443871471,103.3326464303219,1504
150408,Maro Sebo Ilir,-1.583068142406025,103.1687023862996,1504
150501,Jambi Luar Kota,-1.6442094773436506,103.48663861092828,1505
150502,Sekernan,-1.3886879712999385,103.40765107791272,1505
150503,Kumpeh,-1.534152037267671,104.05218755927548,1505
150504,Maro Sebo,-1.4351062039971787,103.59351276965005,1505
150505,Mestong,-1.8048880674630978,103.52921446470687,1505
150506,Kumpeh Ulu,-1.585934342091803,103.79321495322255,1505
150507,Sungai Bahar,-1.9895403649095067,103.45008477988382,1505
150508,Sungai Gelam,-1.7339624305685126,103.77888265409943,1505
150509,Bahar Utara,-1.9233420247187194,103.38049380696764,1505
150510,Bahar Selatan,-2.090595405317258,103.49668947487248,1505
150511,Taman Rajo,-1.4367067799028947,103.75345673886093,1505
150601,Tungkal Ulu,-1.1502127005378278,103.11606197710256,1506
150602,Tungkal Ilir,-0.8374495740068693,103.49217894693172,1506
150603,Pengabuan,-0.8845347366015034,103.22659166629403,1506
150604,Betara,-1.0910051720461658,103.37319126350798,1506
150605,Merlung,-1.3221311096162327,103.02383434859891,1506
150606,Tebing Tinggi,-1.0197194049000011,103.10516512416524,1506
150607,Batang Asam,-1.0736253043152275,102.87483093750261,1506
150608,Renah Mendaluh,-1.2755160431033208,102.8451506358045,1506
150609,Muara Papalik,-1.2981299252636394,103.16670694649521,1506
150610,Seberang Kota,-0.7932320182470779,103.38139015113894,1506
150611,Bram Itam,-0.9686408425241664,103.31310789048679,1506
150612,Kuala Betara,-0.9317625960861508,103.49923504094697,1506
150613,Senyerang,-0.8449102552399677,103.0678282123968,1506
150701,Muara Sabak Timur,-1.0708138916484244,103.94473600646326,1507
150702,Nipah Panjang,-1.0869253658114224,104.19419231047921,1507
150703,Mendahara,-1.017673698233307,103.6031034067201,1507
150704,Rantau Rasau,-1.1659636768927735,104.08751772516815,1507
150705,Sadu,-1.3748242820658214,104.31168182543246,1507
150706,Dendang,-1.2497939120143524,103.93482677633689,1507
150707,Muara Sabak Barat,-1.2177316452423095,103.8097716787315,1507
150708,Kuala Jambi,-1.0472975110961547,103.78511126471244,1507
150709,Mendahara Ulu,-1.2211462200104561,103.52076538650815,1507
150710,Geragai,-1.2414696102808809,103.68767111571437,1507
150711,Berbak,-1.2215225771331217,104.15185598875948,1507
150801,Tanah Tumbuh,-1.4962366290983764,101.84758693697758,1508
150802,Rantau Pandan,-1.646932065001181,101.93758244526856,1508
150803,Pasar Muaro Bungo,-1.4913902978754592,102.13014613440271,1508
150804,Jujuhan,-1.3124836677966252,101.76718908168868,1508
150805,Tanah Sepenggal,-1.453540817390611,101.9534549407594,1508
150806,Pelepat,-1.7557150695842483,102.02907594290576,1508
150807,Limbur Lubuk Mengkuang,-1.664000703793403,101.63135009652106,1508
150808,Muko-muko Bathin VII,-1.540751505847031,101.99622894296354,1508
150809,Pelepat Ilir,-1.621626569192921,102.33332834468274,1508
150810,Batin II Babeko,-1.5114284276471592,102.23600443756975,1508
150811,Bathin III,-1.440202832109197,102.09332668579214,1508
150812,Bungo Dani,-1.4916784829792902,102.08011348709479,1508
150813,Rimbo Tengah,-1.5494024329324818,102.13325566951005,1508
150814,Bathin III Ulu,-1.7166061130855967,101.82367496105407,1508
150815,Bathin II Pelayang,-1.4280366007663912,101.79775202509474,1508
150816,Jujuhan Ilir,-1.2079060650418718,101.89473656772348,1508
150817,Tanah Sepenggal Lintas,-1.364442890198601,101.94887407919539,1508
150901,Tebo Tengah,-1.4250630213986781,102.51584873507565,1509
150902,Tebo Ilir,-1.5532015027264294,102.72875338417018,1509
150903,Tebo Ulu,-1.2772349871496098,102.27518133935399,1509
150904,Rimbo Bujang,-1.3262346885923553,102.14274431849616,1509
150905,Sumay,-1.1783949681284391,102.43848774862467,1509
150906,VII Koto,-1.0521984528801298,101.97514991808458,1509
150907,Rimbo Ulu,-1.273306246539267,102.01889753351706,1509
150908,Rimbo Ilir,-1.4056528067827485,102.25959554108836,1509
150909,Tengah Ilir,-1.3982626080813674,102.68671836185224,1509
150910,Serai Serumpun,-1.169890833364635,102.28786492152838,1509
150911,VII Koto Ilir,-1.0357870088683108,102.13824791819124,1509
150912,Muara Tabir,-1.7218785599576991,102.58021284351315,1509
157101,Telanaipura,-1.5950568347406053,103.56253461315575,1571
157102,Jambi Selatan,-1.6216935966982517,103.6309308303296,1571
157103,Jambi Timur,-1.5828143100324286,103.63558834604959,1571
157104,Pasar Jambi,-1.5944994552828562,103.61402300468268,1571
157105,Pelayangan,-1.5648967700832592,103.6219425946103,1571
157106,Danau Teluk,-1.571709893882462,103.59289309293739,1571
157107,Kota Baru,-1.6544205423766376,103.60260595938702,1571
157108,Jelutung,-1.616673425951326,103.61325771604515,1571
157109,Alam Barajo,-1.6483979083000728,103.55744022609679,1571
157110,Danau Sipin,-1.601439663890684,103.59404022124987,1571
157111,Paal Merah,-1.6270960667804337,103.65143412498973,1571
157201,Sungai Penuh,-2.0625294952928312,101.40773247566258,1572
157202,Pesisir Bukit,-2.04162067138783,101.36155354795618,1572
157203,Hamparan Rawang,-2.0439740525102623,101.41744518528014,1572
157204,Tanah Kampung,-2.0712920529504664,101.43652365268368,1572
157205,Kumun Debai,-2.164394857202526,101.33400078749153,1572
157206,Pondok Tinggi,-2.111410192425178,101.34762747462315,1572
157207,Koto Baru,-2.034730968745424,101.39327359800363,1572
157208,Sungai Bungkal,-2.0663403415866393,101.30915852161371,1572
160107,Sosoh Buay Rayap,-4.192747525679932,104.07282635587438,1601
160108,Pengandonan,-4.082096937095554,103.9012683813149,1601
160109,Peninjauan,-3.864124323855712,104.32412726172734,1601
160113,Baturaja Barat,-4.116046112262274,104.12577181984058,1601
160114,Baturaja Timur,-4.1611059528281364,104.21785497362093,1601
160120,Ulu Ogan,-4.18654129131297,103.72304206864844,1601
160121,Semidang Aji,-4.031873619004213,103.99577821717713,1601
160122,Lubuk Batang,-3.9692898381668096,104.17053384341419,1601
160128,Lengkiti,-4.31508558897658,104.05502865715648,1601
160129,Sinar Peninjauan,-3.9357645016372773,104.41064708130085,1601
160130,Lubuk Raja,-4.117872694325167,104.29415387690396,1601
160131,Muara Jaya,-4.148252126194987,103.86042888824059,1601
160132,Kedaton Peninjauan Raya,-3.8149906196384693,104.4765497241455,1601
160202,Tanjung Lubuk,-3.5689806249195515,104.70435704839413,1602
160203,Pedamaran,-3.4854295875940826,104.92544056768376,1602
160204,Mesuji,-3.9258646933589514,105.12490239829427,1602
160205,Kayu Agung,-3.385232608552119,104.89147458917688,1602
160208,Sirah Pulau Padang,-3.2845276348736117,104.87848950018711,1602
160211,Tulung Selapan,-3.1133731768158204,105.6494402010558,1602
160212,Pampangan,-3.3105683011130496,105.03374427135876,1602
160213,Lempuing,-3.9037030440124645,104.94503375551125,1602
160214,Air Sugihan,-2.642474491094897,105.44938475104664,1602
160215,Sungai Menang,-3.8456090226500788,105.62650083241193,1602
160217,Jejawi,-3.1784988739843563,104.85813692119689,1602
160218,Cengal,-3.5151972086755614,105.60407100694968,1602
160219,Pangkalan Lampam,-3.0855619289116465,105.22253196545132,1602
160220,Mesuji Makmur,-4.128372550821883,104.8867482519287,1602
160221,Mesuji Raya,-3.746789347297582,105.09583509095607,1602
160222,Lempuing Jaya,-3.6841595462800822,104.9110901488161,1602
160223,Teluk Gelam,-3.589861987591492,104.78227796609767,1602
160224,Pedamaran Timur,-3.552529050751222,105.1441437586431,1602
160301,Tanjung Agung,-3.8974362246103595,103.81253032951463,1603
160302,Muara Enim,-3.664130937241509,103.8015313762452,1603
160303,Rambang Niru,-3.6168069168623025,104.01403285250659,1603
160304,Gunung Megang,-3.52840864578692,103.8822572935716,1603
160306,Gelumbang,-3.2135108363635276,104.419730516462,1603
160307,Lawang Kidul,-3.773499322909348,103.83491703384716,1603
160308,Semende Darat Laut,-4.099836890697405,103.64215258243951,1603
160309,Semende Darat Tengah,-4.182199934604634,103.47729877193926,1603
160310,Semende Darat Ulu,-4.274150498623126,103.5112056463044,1603
160311,Ujan Mas,-3.53207846696787,103.70671674713701,1603
160314,Lubai,-3.6700851007889597,104.3123550362294,1603
160315,Rambang,-3.6070846148566647,104.15586380725502,1603
160316,Sungai Rotan,-3.156653762692534,104.28757811662616,1603
160317,Lembak,-3.3596590843756764,104.31583539734714,1603
160319,Benakat,-3.3924392180714955,103.73420154259438,1603
160321,Kelekar,-3.342193111621736,104.47771940923131,1603
160322,Muara Belida,-3.075000843420551,104.54953376242037,1603
160323,Belimbing,-3.4441855240686965,103.98197605912091,1603
160324,Belida Darat,-3.462093109907748,104.37452606661294,1603
160325,Lubai Ulu,-3.8079481806681987,104.10590977837252,1603
160326,Empat Petulai Dangku,-3.3892143963862265,104.08235766793253,1603
160327,Panang Enim,-4.01380710606832,103.7338295241016,1603
160401,Tanjungsakti Pumu,-4.081597468113387,103.01277402260999,1604
160406,Jarai,-3.940266601564515,103.16967823727283,1604
160407,Kota Agung,-4.110187496004032,103.42051423771338,1604
160408,Pulau Pinang,-3.8616201694931376,103.5223405274615,1604
160409,Merapi Barat,-3.7581092412200814,103.65064543819082,1604
160410,Lahat,-3.719255171448261,103.54235048807251,1604
160412,Pajar Bulan,-3.9653686026531285,103.29565585726449,1604
160415,Mulak Ulu,-4.052349311026497,103.53289853898373,1604
160416,Kikim Selatan,-3.7594383634364896,103.18661273419806,1604
160417,Kikim Timur,-3.6308536819296378,103.38253742422569,1604
160418,Kikim Tengah,-3.653933547669767,103.25184800812028,1604
160419,Kikim Barat,-3.58167123554678,103.20165594511151,1604
160420,Pseksu,-3.821489816481174,103.31951869479856,1604
160421,Gumay Talang,-3.7815641757094323,103.45847033108627,1604
160422,Pagar Gunung,-3.9396298535461876,103.5742197607379,1604
160423,Merapi Timur,-3.6309299883820665,103.65941292297849,1604
160424,Tanjung Sakti Pumi,-4.155149747888538,103.11336711350417,1604
160425,Gumay Ulu,-3.928386021160363,103.40373528101594,1604
160426,Merapi Selatan,-3.866040591923231,103.6607507586102,1604
160427,Tanjungtebat,-3.986492129120823,103.45995813463647,1604
160428,Muarapayang,-3.8972884615899406,103.13689218846379,1604
160429,Sukamerindu,-3.962863355774991,103.21703464178431,1604
160430,Mulak Sebingkai,-3.9827836760290527,103.52036263556545,1604
160431,Lahat Selatan,-3.8436859931422127,103.58088863375713,1604
160501,Tugumulyo,-3.1736491206139594,102.9619602120236,1605
160502,Muara Lakitan,-3.1401375143809065,103.40482185387657,1605
160503,Muara Kelingi,-3.04713114580293,103.22884705319716,1605
160508,Jayaloka,-3.348065232041799,103.19503814566053,1605
160509,Muara Beliti,-3.25842438289244,103.00764088510591,1605
160510,STL Ulu Terawas,-3.0757321777043605,102.7373402339319,1605
160511,Selangit,-3.2099279639283997,102.67446882345232,1605
160512,Megang Sakti,-2.9681866078571355,103.02073892609658,1605
160513,Purwodadi,-3.105064551115515,102.98831655192586,1605
160514,BTS. Ulu,-3.3506552973189216,103.31481445058598,1605
160518,Tiang Pumpung Kepungut,-3.360672541969337,103.08203710970095,1605
160519,Sumber Harta,-3.032989703510587,102.95114450200752,1605
160520,Tuah Negeri,-3.1543217291931502,103.10082521179103,1605
160521,Suka Karya,-3.232588098654191,103.18788468204662,1605
160601,Sekayu,-2.8819687062209427,103.8621088303998,1606
160602,Lais,-2.9061925493964385,104.06242319680679,1606
160603,Sungai Keruh,-3.0666255315924906,103.70823811355083,1606
160604,Batang Hari Leko,-2.463650161108493,103.47481283624799,1606
160605,Sanga Desa,-2.713257339587569,103.41729980043563,1606
160606,Babat Toman,-2.7263266453656567,103.57835355590072,1606
160607,Sungai Lilin,-2.5085209514524913,104.04160426021356,1606
160608,Keluang,-2.576531150991535,103.92129196253366,1606
160609,Bayung Lencir,-2.046607501422046,103.96215937531225,1606
160610,Plakat Tinggi,-2.9335354820788866,103.54555124491355,1606
160611,Lalan,-2.329437903724142,104.42126161516386,1606
160612,Tungkal Jaya,-2.3207224161598496,103.75531056325423,1606
160613,Lawan Wetan,-2.827896821941291,103.70715489499048,1606
160614,Babat Supat,-2.7130960374079898,104.1033115719749,1606
160615,Jirak Jaya,-3.173809548359129,103.62734242707978,1606
160701,Banyuasin I,-2.9258905388299095,104.91140352814807,1607
160702,Banyuasin II,-2.0580054427795615,104.56453766153328,1607
160703,Banyuasin III,-2.898291341246872,104.40389452508641,1607
160704,Pulau Rimau,-2.584231240908941,104.40968538149683,1607
160705,Betung,-2.8141388472367477,104.24224436897056,1607
160706,Rambutan,-3.0657367368743387,104.95799118789289,1607
160707,Muara Padang,-2.815577083425095,105.1660343693569,1607
160708,Muara Telang,-2.6893397975101876,104.88531361852432,1607
160709,Makarti Jaya,-2.4733781740424865,104.98647046627278,1607
160710,Talang Kelapa,-2.8420995387391077,104.70924038565528,1607
160711,Rantau Bayur,-3.00953843371378,104.40803555140651,1607
160712,Tanjung Lago,-2.6583246504197224,104.68256877623277,1607
160713,Muara Sugihan,-2.4463269664893117,105.24958550073612,1607
160714,Air Salek,-2.6047666460515337,105.02694396436715,1607
160715,Tungkal Ilir,-2.496690770418534,104.22023580033287,1607
160716,Suak Tapeh,-2.7867239389139304,104.38565301353755,1607
160717,Sembawa,-2.88362374290534,104.54746833725217,1607
160718,Sumber Marga Telang,-2.5603504619416277,104.81936700913855,1607
160719,Air Kumbang,-2.861650950957636,105.0205485638144,1607
160720,Karang Agung Ilir,-2.2522979206779965,104.70109237402094,1607
160721,Selat Penuguan,-2.4936202936191587,104.52199025864009,1607
160801,Martapura,-4.298863617829607,104.32599504262697,1608
160802,Buay Madang,-4.242693638040158,104.48277219701407,1608
160803,Belitang,-4.145938212839689,104.63922653707672,1608
160804,Cempaka,-3.75068691661004,104.69834080492947,1608
160805,Buay Pemuka Peliung,-4.246344388008389,104.39193501693808,1608
160806,Madang Suku II,-4.06659877968148,104.49334694662831,1608
160807,Madang Suku I,-3.96229251895973,104.54363303984267,1608
160808,Semendawai Suku III,-3.9669183988435153,104.69482176875069,1608
160809,Belitang II,-4.020220794026419,104.82919740392957,1608
160810,Belitang III,-4.134253372127293,104.7333342623101,1608
160811,Bunga Mayang,-4.452950389030652,104.26825079092666,1608
160812,Buay Madang Timur,-4.181153357030917,104.56344395719864,1608
160813,Madang Suku III,-4.094957044372497,104.38018151134662,1608
160814,Semendawai Barat,-3.861391215140759,104.66492344820892,1608
160815,Semendawai Timur,-3.8706129753426213,104.82919444837111,1608
160816,Jayapura,-4.431107895169407,104.30491180691078,1608
160817,Belitang Jaya,-4.211753502750523,104.68345999937631,1608
160818,Belitang Madang Raya,-4.062718627297407,104.59871463301012,1608
160819,Belitang Mulya,-4.046550072052247,104.73549233062525,1608
160820,Buay Pemuka Bangsa Raja,-4.159676976274451,104.47144589867949,1608
160901,Muara Dua,-4.5318742294997305,104.04760539897426,1609
160902,Pulau Beringin,-4.5109051683202805,103.66966459761377,1609
160903,Banding Agung,-4.792739839936363,103.9219334681144,1609
160904,Muara Dua Kisam,-4.386470113174914,103.70157416368279,1609
160905,Simpang,-4.454191352295154,104.17635964924489,1609
160906,Buay Sandang Aji,-4.5337812887523805,103.88731321595428,1609
160907,Buay Runjung,-4.482081953668478,103.86258103049494,1609
160908,Mekakau Ilir,-4.666221052294188,103.78491435375733,1609
160909,Buay Pemaca,-4.720962832647493,104.21229026126115,1609
160910,Kisam Tinggi,-4.317999042249909,103.7841864960695,1609
160911,Kisam Ilir,-4.477857407553681,103.7794075808533,1609
160912,Buay Pematang Ribu Ranau Tengah,-4.779367227584968,104.0476728662322,1609
160913,Warkuk Ranau Selatan,-4.858403241634098,104.1116454070888,1609
160914,Runjung Agung,-4.41069791821635,103.90714266168283,1609
160915,Sungai Are,-4.481687604152985,103.47089962939111,1609
160916,Sindang Danau,-4.439577010666759,103.54631794698344,1609
160917,Buana Pemaca,-4.548826217654374,104.20009767332886,1609
160918,Tiga Dihaji,-4.620718629630373,103.92162087278027,1609
160919,Buay Rawan,-4.6425504315156525,104.04808810341105,1609
161001,Muara Kuang,-3.6663319852341294,104.57727899585191,1610
161002,Tanjung Batu,-3.3400045413083963,104.62155544426577,1610
161003,Tanjung Raja,-3.3408088860167426,104.7425591427006,1610
161004,Indralaya,-3.2477747845863782,104.68515659165827,1610
161005,Pemulutan,-3.108848482714949,104.7628606139743,1610
161006,Rantau Alai,-3.4411131741771412,104.73556311423735,1610
161007,Indralaya Utara,-3.1591216785267897,104.62483511367154,1610
161008,Indralaya Selatan,-3.30191913481566,104.68657680964495,1610
161009,Pemulutan Selatan,-3.22102915749124,104.77883333875735,1610
161010,Pemulutan Barat,-3.176116408649709,104.72829196867424,1610
161011,Rantau Panjang,-3.2879416386659535,104.77410939392557,1610
161012,Sungai Pinang,-3.3610019665974815,104.79310656005774,1610
161013,Kandis,-3.4250364461892877,104.79409633075234,1610
161014,Rambang Kuang,-3.6150720267401346,104.453758734014,1610
161015,Lubuk Keliat,-3.4810371959246442,104.62204754392535,1610
161016,Payaraman,-3.435058171188187,104.52108746157856,1610
161101,Muara Pinang,-3.855309885535742,103.08569923976302,1611
161102,Pendopo,-3.8376719834498303,102.96590956379468,1611
161103,Ulu Musi,-3.7008107041503098,102.79864286038676,1611
161104,Tebing Tinggi,-3.6035020483878726,103.06166873031695,1611
161105,Lintang Kanan,-3.936299321299838,103.01442568421356,1611
161106,Talang Padang,-3.68395071200442,102.93296659527066,1611
161107,Pasemah Air Keruh,-3.876888990197088,102.77544264610908,1611
161108,Sikap Dalam,-3.844089979307792,102.86717013126642,1611
161109,Saling,-3.5103532486755933,103.02039781798298,1611
161110,Pendopo Barat,-3.7538300586049,102.92492484876283,1611
161201,Talang Ubi,-3.2862562345058928,103.86129442339906,1612
161202,Penukal Utara,-3.0988565107226056,103.93865827985361,1612
161203,Penukal,-3.1728985523102504,104.03488515608908,1612
161204,Abab,-3.150262793213387,104.17116445271397,1612
161205,Tanah Abang,-3.306756601308062,104.12492629007566,1612
161301,Rupit,-2.7447841488858087,102.82760192654371,1613
161302,Rawas Ulu,-2.6319738108199693,102.74952580543167,1613
161303,Nibung,-2.4531891410633695,102.95574360527807,1613
161304,Rawas Ilir,-2.6064129005067964,103.17229940674015,1613
161305,Karang Dapo,-2.7577158858791306,102.99268862105644,1613
161306,Karang Jaya,-2.9180033181902387,102.61755066288819,1613
161307,Ulu Rawas,-2.8162609761729462,102.32234032768103,1613
167101,Ilir Barat Dua,-2.9991804440037457,104.74415544059482,1671
167102,Seberang Ulu Satu,-3.005524184727254,104.76026392066555,1671
167103,Seberang Ulu Dua,-2.99473305998999,104.78852566116257,1671
167104,Ilir Barat Satu,-2.9719065280923074,104.69095557809952,1671
167105,Ilir Timur Satu,-2.9731831828609394,104.75051869901843,1671
167106,Ilir Timur Dua,-2.9722165592043415,104.79030247276596,1671
167107,Sukarami,-2.906062635350931,104.71531382120935,1671
167108,Sako,-2.920071627949345,104.78388676814681,1671
167109,Kemuning,-2.9547097745779753,104.75053730806,1671
167110,Kalidoni,-2.9617867687596995,104.82053303211953,1671
167111,Bukitkecil,-2.98761762843137,104.75223179058158,1671
167112,Gandus,-3.003516804414016,104.67391516119113,1671
167113,Kertapati,-3.0409901725471005,104.72138165697329,1671
167114,Plaju,-3.0069888186371516,104.81618148640113,1671
167115,Alang-alang Lebar,-2.939535610605464,104.70135167305084,1671
167116,Sematangborang,-2.930708578765847,104.82466486533909,1671
167117,Jakabaring,-3.021425831077703,104.7789623642953,1671
167118,Ilir Timur Tiga,-2.958865822864969,104.76756211478457,1671
167201,Pagar Alam Utara,-4.01103885251018,103.2101461961572,1672
167202,Pagar Alam Selatan,-4.038611293688784,103.1930439134975,1672
167203,Dempo Utara,-4.089554604577928,103.19852908118341,1672
167204,Dempo Selatan,-4.139564946598132,103.3315036102571,1672
167205,Dempo Tengah,-4.148840569082837,103.24658377858903,1672
167301,Lubuk Linggau Timur I,-3.2878963867968323,102.90037600561662,1673
167302,Lubuk Linggau Barat I,-3.307316646100394,102.82780377235979,1673
167303,Lubuk Linggau Selatan I,-3.3258031647967092,102.93173201431702,1673
167304,Lubuk Linggau Utara I,-3.2077276071458063,102.85172875194323,1673
167305,Lubuk Linggau Timur II,-3.308939685086519,102.88075987735103,1673
167306,Lubuk Linggau Barat II,-3.285190295917654,102.84522293361351,1673
167307,Lubuk Linggau Selatan II,-3.2449117108519214,102.9227938301229,1673
167308,Lubuk Linggau Utara II,-3.2579706289673203,102.87728142987703,1673
167401,Prabumulih Barat,-3.407385986266152,104.17197791252082,1674
167402,Prabumulih Timur,-3.4237113385648708,104.28246175543595,1674
167403,Cambai,-3.3784005176794527,104.26796850968965,1674
167404,Rambang Kapak Tengah,-3.5213927475499505,104.22868114223532,1674
167405,Prabumulih Utara,-3.416575637093578,104.21635410215592,1674
167406,Prabumulih Selatan,-3.487139547015923,104.2433655138567,1674
170101,Kedurang,-4.371743294212781,103.15784102400849,1701
170102,Seginim,-4.440210608188065,103.01597209748441,1701
170103,Pino,-4.389204478283312,102.97059787588798,1701
170104,Manna,-4.462639203423928,102.94879769596487,1701
170105,Kota Manna,-4.432225949891469,102.91146397964532,1701
170106,Pino Raya,-4.295256260549006,102.90373163507184,1701
170107,Kedurang Ilir,-4.506168441033663,103.05238436381359,1701
170108,Air Nipis,-4.332395290847843,103.10169424300013,1701
170109,Ulu Manna,-4.277802832571912,103.00799369959027,1701
170110,Bunga Mas,-4.494603469838666,102.98941936211048,1701
170111,Pasar Manna,-4.4677500419883,102.91710814077437,1701
170206,Kota Padang,-3.4812814605937543,102.95066845104371,1702
170207,Padang Ulak Tanding,-3.3621229972281657,102.74985408539017,1702
170208,Sindang Kelingi,-3.4869113283021904,102.66272947381447,1702
170209,Curup,-3.472953466089236,102.51666945628287,1702
170210,Bermani Ulu,-3.4286741618710166,102.43888166692636,1702
170211,Selupu Rejang,-3.4507686489442375,102.60944880940907,1702
170216,Curup Utara,-3.433741726898466,102.51963117574134,1702
170217,Curup Timur,-3.4519235768125296,102.54832876334679,1702
170218,Curup Selatan,-3.5005425928998823,102.47138603770358,1702
170219,Curup Tengah,-3.4826115428098348,102.54748430140255,1702
170220,Binduriang,-3.4426249968880804,102.75009358810854,1702
170221,Sindang Beliti Ulu,-3.4736775143313436,102.80126698143681,1702
170222,Sindang Dataran,-3.5279896647251245,102.72423096721398,1702
170223,Sindang Beliti Ilir,-3.4610986066031137,102.8860820221099,1702
170224,Bermani Ulu Raya,-3.358911095766839,102.54150806823552,1702
170301,Enggano,-5.393863571827012,102.24687755569873,1703
170306,Kerkap,-3.4938787253137717,102.33148419160747,1703
170307,Kota Arga Makmur,-3.3706766259944043,102.22571340269658,1703
170308,Giri Mulya,-3.2921560861221795,102.07156067960233,1703
170309,Padang Jaya,-3.3253423626997316,102.14628690325621,1703
170310,Lais,-3.495668165820984,102.06497014066262,1703
170311,Batik Nau,-3.4161813202888593,101.98012820236306,1703
170312,Ketahun,-3.32368867147522,101.81419259112292,1703
170313,Napal Putih,-3.0551336526168824,101.9651327985365,1703
170314,Putri Hijau,-3.2167968070721913,101.65870321407522,1703
170315,Air Besi,-3.5243564834184626,102.13928053480677,1703
170316,Air Napal,-3.5952822825499133,102.16299316266611,1703
170319,Hulu Palik,-3.4431347653364,102.3077272434602,1703
170320,Air Padang,-3.455122802379705,102.07089202676592,1703
170321,Arma Jaya,-3.4787374730861993,102.21825341289124,1703
170322,Tanjung Agung Palik,-3.559997700790128,102.20283247654733,1703
170323,Ulok Kupai,-3.1877464248654053,101.8058037361504,1703
170324,Pinang Raya,-3.2771640429840456,101.96174759603859,1703
170325,Marga Sakti Sebelat,-2.995568793493301,101.79310141949288,1703
170401,Kinal,-4.453032576138648,103.32999023918023,1704
170402,Tanjung Kemuning,-4.580004540480255,103.15498925568365,1704
170403,Kaur Utara,-4.493677542408668,103.20072443347004,1704
170404,Kaur Tengah,-4.709327678387875,103.30116716743944,1704
170405,Kaur Selatan,-4.779569699603341,103.35723933845708,1704
170406,Maje,-4.796138011644509,103.44903568826005,1704
170407,Nasal,-4.76784913204951,103.62371036514305,1704
170408,Semidang Gumay,-4.652151115443032,103.25834083355119,1704
170409,Kelam Tengah,-4.565935477526452,103.21510576999128,1704
170410,Luas,-4.65740855292703,103.33318542232571,1704
170411,Muara Sahung,-4.592709472419979,103.45294895700222,1704
170412,Tetap,-4.724591869706124,103.358386455036,1704
170413,Lungkang Kule,-4.5473414992263805,103.25597613147454,1704
170414,Padang Guci Hilir,-4.510127814967224,103.14605549837042,1704
170415,Padang Guci Hulu,-4.381035566514331,103.2538098684211,1704
170501,Sukaraja,-3.9213515756008115,102.3890516774412,1705
170502,Seluma,-4.066163541613854,102.56279319541504,1705
170503,Talo,-4.1482144747654734,102.69066287364703,1705
170504,Semidang Alas,-4.1309538750539465,102.87059349359747,1705
170505,Semidang Alas Maras,-4.293385177087876,102.7874121279946,1705
170506,Air Periukan,-3.997572749584657,102.41974308579158,1705
170507,Lubuk Sandi,-3.9280476973949936,102.51466500843873,1705
170508,Seluma Barat,-4.040546626595115,102.51587582838842,1705
170509,Seluma Timur,-4.108104140770261,102.61288295096095,1705
170510,Seluma Utara,-3.938378934498608,102.64468197739427,1705
170511,Seluma Selatan,-4.117142839974632,102.53034599937243,1705
170512,Talo Kecil,-4.203407439506278,102.74459256175376,1705
170513,Ulu Talo,-4.0397020953817115,102.7573495493839,1705
170514,Ilir Talo,-4.209711341009715,102.6493363800416,1705
170601,Lubuk Pinang,-2.4222753468070595,101.15485881565792,1706
170602,Kota Mukomuko,-2.57489085395189,101.14828888855182,1706
170603,Teras Terunjam,-2.563655459072876,101.24433240338865,1706
170604,Pondok Suguh,-2.741165829603216,101.53561505511337,1706
170605,Ipuh,-2.9801958238764383,101.5145952650866,1706
170606,Malin Deman,-2.845274216544109,101.71816937812677,1706
170607,Air Rami,-3.0369717389929436,101.64615939629759,1706
170608,Teramang Jaya,-2.679318453429048,101.44649263719252,1706
170609,Selagan Raya,-2.485207587660071,101.40191884109473,1706
170610,Penarik,-2.592621314328396,101.4203049328974,1706
170611,XIV Koto,-2.4812080471626725,101.08267498864116,1706
170612,V Koto,-2.4015945208585627,101.29006787377304,1706
170613,Air Manjunto,-2.49477006499879,101.16572881470779,1706
170614,Air Dikit,-2.6483536289685348,101.25318798874055,1706
170615,Sungai Rumbai,-2.7918791653517308,101.59994384601728,1706
170701,Lebong Utara,-3.098791210154303,102.1748524042735,1707
170702,Lebong Atas,-3.194774767852116,102.17982533304863,1707
170703,Lebong Tengah,-3.2063375427058656,102.2416033464882,1707
170704,Lebong Selatan,-3.2903750816384343,102.33149051254718,1707
170705,Rimbo Pengadang,-3.294103695025666,102.43500053853354,1707
170706,Topos,-3.1495511547974266,102.40295924927638,1707
170707,Bingin Kuning,-3.1743853413349354,102.28386078988471,1707
170708,Lebong Sakti,-3.1320481872064523,102.25433268318308,1707
170709,Tubei,-3.1492434904711706,102.16104182321024,1707
170710,Amen,-3.1306515086012356,102.21558653625493,1707
170711,Uram Jaya,-3.085137127574287,102.27102325824885,1707
170712,Pinang Belapis,-2.909665090848994,102.09781849347615,1707
170801,Bermani Ilir,-3.6951507800422543,102.70606706781118,1708
170802,Ujan Mas,-3.550945161102356,102.52946045295914,1708
170803,Tebat Karai,-3.652202316967031,102.64293625391699,1708
170804,Kepahiang,-3.6394391346053263,102.56377001278771,1708
170805,Merigi,-3.5073480041135894,102.52419848493614,1708
170806,Kebawetan,-3.573700303658659,102.6195142524059,1708
170807,Seberang Musi,-3.7343311064177684,102.61940003995846,1708
170808,Muara Kemumu,-3.5990676443352996,102.74184342718523,1708
170901,Karang Tinggi,-3.7400338897115937,102.41028123378678,1709
170902,Talang Empat,-3.80448320964612,102.36560097542078,1709
170903,Pondok Kelapa,-3.6806778644838727,102.27031049549225,1709
170904,Pematang Tiga,-3.5759869012015493,102.27717282329405,1709
170905,Pagar Jati,-3.62132531273684,102.36734766352428,1709
170906,Taba Penanjung,-3.7320443462874926,102.53634016717581,1709
170907,Merigi Kelindang,-3.598706052331959,102.45365825534272,1709
170908,Merigi Sakti,-3.643152457335212,102.41498961308649,1709
170909,Pondok Kubang,-3.718094406065108,102.33910229042803,1709
170910,Bang Haji,-3.588651195934437,102.33070172572738,1709
170911,Semidang Lagan,-3.807726607285614,102.46700977412145,1709
177101,Selebar,-3.848569963557617,102.33911077269788,1771
177102,Gading Cempaka,-3.8232948289679958,102.30761028184628,1771
177103,Teluk Segara,-3.7902341363854744,102.25606155090325,1771
177104,Muara Bangka Hulu,-3.7644462262759717,102.28821253010575,1771
177105,Kampung Melayu,-3.910295616000662,102.30524633181749,1771
177106,Ratu Agung,-3.8073150105520197,102.27946978811873,1771
177107,Ratu Samban,-3.8003266513175413,102.265467297699,1771
177108,Sungai Serut,-3.7870861018854263,102.30286783371352,1771
177109,Singaran Pati,-3.807636611616965,102.30308791208827,1771
180104,Natar,-5.264901053949514,105.21735306659146,1801
180105,Tanjung Bintang,-5.393132492059904,105.3995451553783,1801
180106,Kalianda,-5.684168185130179,105.58790229087856,1801
180107,Sidomulyo,-5.596744731166819,105.4964071474439,1801
180108,Katibung,-5.535120084109531,105.43685037430619,1801
180109,Penengahan,-5.752514675035311,105.68563183816515,1801
180110,Palas,-5.624807182962552,105.67068975977446,1801
180113,Jati Agung,-5.287920921267335,105.35511150474332,1801
180114,Ketapang,-5.743068534605234,105.76854023145003,1801
180115,Sragi,-5.641685693811788,105.75516845945256,1801
180116,Raja Basa,-5.911638659617352,105.54184082568358,1801
180117,Candipuro,-5.529055124284996,105.58469088521711,1801
180118,Merbau Mataram,-5.462378664700033,105.41840233549577,1801
180121,Bakauheni,-5.841105908400054,105.72172459680209,1801
180122,Tanjung Sari,-5.353640095521022,105.47806983183693,1801
180123,Way Sulan,-5.478342688918355,105.54645173900282,1801
180124,Way Panji,-5.601133391877146,105.60170154685918,1801
180201,Kalirejo,-5.207561719331819,104.97497610667783,1802
180202,Bangun Rejo,-5.129968361379508,105.02924036755077,1802
180203,Padang Ratu,-5.063305698017082,104.961400992488,1802
180204,Gunung Sugih,-4.988938117772432,105.21575066763191,1802
180205,Trimurjo,-5.119083487538786,105.25357538997238,1802
180206,Punggur,-5.029650841279904,105.27455373132813,1802
180207,Terbanggi Besar,-4.880629740513781,105.23016838831032,1802
180208,Seputih Raman,-4.902685658012645,105.36691543310205,1802
180209,Rumbia,-4.763457707178652,105.57924202276652,1802
180210,Seputih Banyak,-4.851286913531409,105.48387347974949,1802
180211,Seputih Mataram,-4.800855854867682,105.35130647598548,1802
180212,Seputih Surabaya,-4.678609507995503,105.63899563818714,1802
180213,Terusan Nunyai,-4.7089337502658335,105.21815701570719,1802
180214,Bumi Ratu Nuban,-5.087889613218328,105.207626703637,1802
180215,Bekri,-5.100680271413542,105.1326063014479,1802
180216,Seputih Agung,-4.939988582263521,105.12962744005407,1802
180217,Way Pengubuan,-4.834409607071539,105.16509226112842,1802
180218,Bandar Mataram,-4.613090236711517,105.51067536262516,1802
180219,Pubian,-5.09206529883711,104.86715815024134,1802
180220,Selagai Lingga,-5.07627728400623,104.74494950035032,1802
180221,Anak Tuha,-5.018593581122361,105.05917577933656,1802
180222,Sendang Agung,-5.185918221535287,104.88087425500461,1802
180223,Kota Gajah,-5.006490418756188,105.32007522485165,1802
180224,Bumi Nabung,-4.6840137239746085,105.5554302417836,1802
180225,Way Seputih,-4.805074714053884,105.45326941254298,1802
180226,Bandar Surabaya,-4.697513184878291,105.74963510429349,1802
180227,Anak Ratu Aji,-4.953222022104966,104.95290858426036,1802
180228,Putra Rumbia,-4.824081910260092,105.58840919424804,1802
180301,Bukit Kemuning,-4.9290597292600555,104.55294507445666,1803
180302,Kotabumi,-4.8254060869282,104.84702216751911,1803
180303,Sungkai Selatan,-4.712459054469405,104.79559442790136,1803
180304,Tanjung Raja,-4.970004924700948,104.64643735961008,1803
180305,Abung Timur,-4.7457232708533885,104.97596279663371,1803
180306,Abung Barat,-4.855572570094336,104.70455260469215,1803
180307,Abung Selatan,-4.896531184672418,104.9296699066653,1803
180308,Sungkai Utara,-4.614385352586373,104.75953802879764,1803
180309,Kotabumi Utara,-4.748705527208379,104.86123828129152,1803
180310,Kotabumi Selatan,-4.892975698734316,104.87022503066152,1803
180311,Abung Tengah,-4.937535833294496,104.74537532687587,1803
180312,Abung Tinggi,-4.879079370000242,104.6161830188935,1803
180313,Abung Semuli,-4.8060211574734835,105.04969878149377,1803
180314,Abung Surakarta,-4.70645164558837,105.02853910143234,1803
180315,Muara Sungkai,-4.6043460577181525,104.96236682740056,1803
180316,Bunga Mayang,-4.592683708040381,104.87854435301061,1803
180317,Hulu Sungkai,-4.650711104231186,104.67241927182683,1803
180318,Sungkai Tengah,-4.720667356601821,104.70145853902804,1803
180319,Abung Pekurun,-5.012841589480836,104.72741653479945,1803
180320,Sungkai Jaya,-4.803413348248397,104.75511441357644,1803
180321,Sungkai Barat,-4.781537845399555,104.68518001161235,1803
180322,Abung Kunang,-4.89327575199253,104.81018613897538,1803
180323,Blambangan Pagar,-4.887942396733085,105.02499932097449,1803
180404,Balik Bukit,-5.023501603377796,104.0744000692517,1804
180405,Sumber Jaya,-4.993378838281984,104.45970408677066,1804
180406,Belalau,-4.952666266483671,104.19559213763006,1804
180407,Way Tenong,-5.048606280319797,104.3730696710963,1804
180408,Sekincau,-5.048943787788791,104.29906630817015,1804
180409,Suoh,-5.285115900136047,104.30554669920105,1804
180410,Batu Brak,-5.0585660128293535,104.16950497576225,1804
180411,Sukau,-4.947288630292858,104.04199166752176,1804
180415,Gedung Surian,-5.100756187915775,104.48190728260147,1804
180418,Kebun Tebu,-5.055825789676835,104.5398547998137,1804
180419,Air Hitam,-5.124052664654945,104.40405643033023,1804
180420,Pagar Dewa,-4.928880843409251,104.35594664178811,1804
180421,Batu Ketulis,-5.010495187252834,104.25007747160316,1804
180422,Lumbok Seminung,-4.934754276803035,103.90864048203277,1804
180423,Bandar Negeri Suoh,-5.172489026631242,104.24337860586989,1804
180502,Menggala,-4.515385162089416,105.22994963496129,1805
180506,Gedung Aji,-4.281971774986466,105.42730458937967,1805
180508,Banjar Agung,-4.294845356595466,105.24354019689623,1805
180511,Gedung Meneng,-4.434858481269734,105.50438416212684,1805
180512,Rawa Jitu Selatan,-4.236230393935362,105.7082443261107,1805
180513,Penawar Tama,-4.180572738405715,105.43001264301724,1805
180518,Rawa Jitu Timur,-4.242245128643997,105.7960610216842,1805
180520,Banjar Margo,-4.226023390180676,105.29837090260585,1805
180522,Rawa Pitu,-4.316338346930165,105.59287084116933,1805
180523,Penawar Aji,-4.273880790837218,105.4973987215979,1805
180525,Dente Teladas,-4.500383125101965,105.81202026920802,1805
180526,Meraksa Aji,-4.277391374512137,105.43646545204699,1805
180527,Gedung Aji Baru,-4.225566073388327,105.57363375959785,1805
180529,Banjar Baru,-4.353077682581007,105.26403214880548,1805
180530,Menggala Timur,-4.395993424427355,105.3056323839099,1805
180601,Kota Agung,-5.457021050274017,104.63982730430754,1806
180602,Talang Padang,-5.366238938221859,104.77834955118406,1806
180603,Wonosobo,-5.445090272835261,104.54200226161146,1806
180604,Pulau Panggung,-5.335282219709908,104.68399256242601,1806
180609,Cukuh Balak,-5.653206544652978,104.90906344661089,1806
180611,Pugung,-5.411509131404609,104.8188075958203,1806
180612,Semaka,-5.4603873655656825,104.43862146627735,1806
180613,Sumberejo,-5.374990749207454,104.70738609853767,1806
180615,Ulu Belu,-5.253894513239329,104.52014264147903,1806
180616,Pematang Sawa,-5.758858140232894,104.62741038497438,1806
180617,Kelumbayan,-5.722365651870902,105.05004628734157,1806
180618,Kota Agung Barat,-5.465411728917472,104.58128750565558,1806
180619,Kota Agung Timur,-5.492058023209678,104.70876726518071,1806
180620,Gisting,-5.4245501115216594,104.72193148706822,1806
180621,Gunung Alip,-5.401777982033086,104.7689428553509,1806
180624,Limau,-5.563761743254224,104.80227360617519,1806
180625,Bandar Negeri Semuong,-5.379937896013837,104.44614531793313,1806
180626,Air Naningan,-5.210600032585023,104.70149631975445,1806
180627,Bulok,-5.504771212678915,104.87028465498385,1806
180628,Kelumbayan Barat,-5.652661057489181,105.02972742988072,1806
180701,Sukadana,-5.015343573705197,105.61833848614005,1807
180702,Labuhan Maringgai,-5.305588628390594,105.81800592154732,1807
180703,Jabung,-5.486176031654362,105.70124069631649,1807
180704,Pekalongan,-5.068999239748502,105.36948315513474,1807
180705,Sekampung,-5.161128385461152,105.44931760062433,1807
180706,Batanghari,-5.146898183320393,105.37677292047631,1807
180707,Way Jepara,-5.199711012004818,105.69744899857523,1807
180708,Purbolinggo,-4.974530764562846,105.52081567636233,1807
180709,Raman Utara,-4.948596124215862,105.44479073121741,1807
180710,Metro Kibang,-5.197517875338648,105.32653875771305,1807
180711,Marga Tiga,-5.204069264676106,105.51329728867894,1807
180712,Sekampung Udik,-5.28921828445909,105.56251201996889,1807
180713,Batanghari Nuban,-5.025762133109049,105.40952399056302,1807
180714,Bumi Agung,-5.115309500989643,105.5307572328315,1807
180715,Bandar Sribhawono,-5.2761611859628115,105.6825213941893,1807
180716,Mataram Baru,-5.270593819123081,105.7596506704352,1807
180717,Melinting,-5.367513864845055,105.74070143319405,1807
180718,Gunung Pelindung,-5.434211996956484,105.76391769414525,1807
180719,Pasir Sakti,-5.542617042772231,105.78125316353146,1807
180720,Waway Karya,-5.428052642646354,105.58486410816482,1807
180721,Labuhan Ratu,-4.945393711350962,105.77908614127834,1807
180722,Braja Selebah,-5.151987081712027,105.79985414824402,1807
180723,Way Bungur,-4.855098574388101,105.64864179440869,1807
180724,Marga Sekampung,-5.373332060432147,105.63008618799995,1807
180801,Blambangan Umpu,-4.484308769677575,104.50314960568738,1808
180802,Kasui,-4.718158463489366,104.43351207161965,1808
180803,Banjit,-4.822817507706071,104.43551487597726,1808
180804,Baradatu,-4.7098395690965695,104.53874424822034,1808
180805,Bahuga,-4.300551652586171,104.64042585996019,1808
180806,Pakuan Ratu,-4.403158067840525,104.76462858165179,1808
180807,Negeri Agung,-4.533991539504008,104.64834944369055,1808
180808,Way Tuba,-4.44040337300738,104.38556624519583,1808
180809,Rebang Tangkas,-4.6546632692702214,104.35333674390475,1808
180810,Gunung Labuhan,-4.761025281952178,104.58904563965339,1808
180811,Negara Batin,-4.337498199976698,104.87546023054932,1808
180812,Negeri Besar,-4.362943744212148,104.95686516248581,1808
180813,Buay Bahuga,-4.286929193829685,104.55144035449916,1808
180814,Bumi Agung,-4.345057283711033,104.5365406947113,1808
180815,Umpu Semenguk,-4.617936961081301,104.50366508308032,1808
180901,Gedong Tataan,-5.395992532865656,105.12965822681686,1809
180902,Negeri Katon,-5.284669584146166,105.09727066462474,1809
180903,Tegineneng,-5.178245867849562,105.1407605783968,1809
180904,Way Lima,-5.453034819887013,105.0682486117909,1809
180905,Padang Cermin,-5.577889879861987,105.14352862311785,1809
180906,Punduh Pidada,-5.761826467376634,105.18387521398563,1809
180907,Kedondong,-5.506007730550147,105.02588584038034,1809
180908,Marga Punduh,-5.676248727537938,105.14864381019457,1809
180909,Way Khilau,-5.508344697644968,104.97255912008609,1809
180910,Teluk Pandan,-5.514279682697711,105.20429363077078,1809
180911,Way Ratai,-5.5812586836458244,105.06838296587107,1809
181001,Pringsewu,-5.356431624112994,104.9652366318555,1810
181002,Gading Rejo,-5.369427670480863,105.02847680011293,1810
181003,Ambarawa,-5.410865947150979,104.95013937883434,1810
181004,Pardasuka,-5.506450426893038,104.92690019619,1810
181005,Pagelaran,-5.372356169876859,104.90441334922454,1810
181006,Banyumas,-5.291128730066941,104.91433091540569,1810
181007,Adiluwih,-5.2486236343737795,105.01708497132232,1810
181008,Sukoharjo,-5.302444717283638,104.98687702093996,1810
181009,Pagelaran Utara,-5.2580727260152935,104.83916961425699,1810
181101,Mesuji,-3.9028400615276686,105.48501442396858,1811
181102,Mesuji Timur,-4.077021576281137,105.38792740062809,1811
181103,Rawa Jitu Utara,-4.14028186016289,105.63840641180984,1811
181104,Way Serdang,-4.12098465390911,105.12430896490051,1811
181105,Simpang Pematang,-3.9715005385399684,105.19554112029269,1811
181106,Panca Jaya,-3.9406643900000398,105.27899348803513,1811
181107,Tanjung Raya,-3.890532857050194,105.35996675449263,1811
181201,Tulang Bawang Tengah,-4.535291372431581,105.12466664467627,1812
181202,Tumijajar,-4.664319541019735,105.0945833749508,1812
181203,Tulang Bawang Udik,-4.547966247120885,105.0191061703719,1812
181204,Gunung Terang,-4.332134436015568,105.07828405864234,1812
181205,Gunung Agung,-4.231591554222393,105.03843875678562,1812
181206,Way Kenanga,-4.23153350212267,105.17472420436042,1812
181207,Lambu Kibang,-4.350100927804255,105.15864613895127,1812
181208,Pagar Dewa,-4.412713716373176,105.14654362997813,1812
181209,Batu Putih,-4.352221765304778,105.02709780673094,1812
181301,Pesisir Tengah,-5.1602171414215725,104.01576739160798,1813
181302,Pesisir Selatan,-5.268927292647799,104.0941456555101,1813
181303,Lemong,-4.9026862622328276,103.75409234422713,1813
181304,Pesisir Utara,-5.028694429050374,103.8224070285804,1813
181305,Karya Penggawa,-5.05548969206371,103.93708728096607,1813
181306,Pulau Pisang,-5.120854616255384,103.84619905554506,1813
181307,Way Krui,-5.139706233329155,103.97959182016608,1813
181308,Krui Selatan,-5.224439876551885,103.94424873929755,1813
181309,Ngambur,-5.371749283300299,104.19673454632573,1813
181310,Ngaras,-5.443813844692476,104.28740089785754,1813
181311,Bangkunat,-5.671859524008366,104.47285237615151,1813
187101,Kedaton,-5.391115849567,105.25969220176911,1871
187102,Sukarame,-5.380266577089603,105.30086844401013,1871
187103,Tanjungkarang Barat,-5.410761209074883,105.23472093795091,1871
187104,Panjang,-5.475575459388357,105.32373080510419,1871
187105,Tanjungkarang Timur,-5.413332751579019,105.26811401169134,1871
187106,Tanjungkarang Pusat,-5.417560095917807,105.2488574476337,1871
187107,Telukbetung Selatan,-5.4411086149227845,105.2544894360445,1871
187108,Telukbetung Barat,-5.4409169324528435,105.21701793879224,1871
187109,Telukbetung Utara,-5.434348090880076,105.26217458357895,1871
187110,Rajabasa,-5.358042679485276,105.24216500857453,1871
187111,Tanjung Senang,-5.357768325557537,105.27542850845337,1871
187112,Sukabumi,-5.421030900469635,105.31551517613907,1871
187113,Kemiling,-5.401433946941609,105.203664160615,1871
187114,Labuhan Ratu,-5.371549427574144,105.25758526931445,1871
187115,Way Halim,-5.391252596899829,105.27517894297789,1871
187116,Langkapura,-5.390341103094352,105.23180481190997,1871
187117,Enggal,-5.421595783659337,105.26446164769206,1871
187118,Kedamaian,-5.414849197508163,105.28382684737903,1871
187119,Telukbetung Timur,-5.4704819369732505,105.24018699082447,1871
187120,Bumi Waras,-5.441947565382039,105.28527544698176,1871
187201,Metro Pusat,-5.1048999708801315,105.31103871546138,1872
187202,Metro Utara,-5.082171414731376,105.31131873451909,1872
187203,Metro Barat,-5.1362458059245855,105.28694025279725,1872
187204,Metro Timur,-5.124934810541853,105.32499927113061,1872
187205,Metro Selatan,-5.157808533305344,105.30234922689957,1872
190101,Sungailiat,-1.87928670423535,106.11878018857095,1901
190102,Belinyu,-1.6267392723062686,105.84285686269045,1901
190103,Merawang,-2.0111133694399075,106.08708278651486,1901
190104,Mendo Barat,-2.170527286964809,105.91557770641587,1901
190105,Pemali,-1.8912622853232923,106.03530514634309,1901
190106,Bakam,-1.911192719740121,105.8721109085327,1901
190107,Riau Silip,-1.7545266909411352,105.92764750903589,1901
190108,Puding Besar,-2.044680812830355,105.85703739690264,1901
190201,Tanjungpandan,-2.7571426024105716,107.69488266886577,1902
190202,Membalong,-3.047305905446813,107.69492908511654,1902
190203,Selat Nasik,-2.88534496275577,107.42279669670847,1902
190204,Sijuk,-2.6269220930408657,107.77224164238172,1902
190205,Badau,-2.799436889426842,107.78435874529129,1902
190301,Toboali,-2.9111582797510653,106.50903237117913,1903
190302,Lepar,-2.957975152494504,106.81205225371328,1903
190303,Airgegas,-2.7190931869048347,106.37391463464397,1903
190304,Simpang Rimba,-2.651140053646343,105.98300321906063,1903
190305,Payung,-2.6236462377961614,106.13844974847825,1903
190306,Tukak Sadai,-3.0248859880274876,106.66608721043076,1903
190307,Pulau Besar,-2.8007649897350873,106.13961586372278,1903
190308,Kepulauan Pongok,-2.871799913695547,107.05980726895184,1903
190401,Koba,-2.4989066095815162,106.30544356523296,1904
190402,Pangkalan Baru,-2.1928031160753436,106.13769263603139,1904
190403,Sungai Selan,-2.3916163987465464,106.00904200350126,1904
190404,Simpang Katis,-2.281248947855543,106.0948002652493,1904
190405,Namang,-2.3313182336315537,106.20280377536145,1904
190406,Lubuk Besar,-2.594885782094926,106.60559183724259,1904
190501,Mentok,-2.022737608068278,105.23018789438225,1905
190502,Simpang Teritip,-1.9634285309748019,105.40549175527035,1905
190503,Jebus,-1.7157090420333592,105.49282929051698,1905
190504,Kelapa,-1.869420681859623,105.59829704091132,1905
190505,Tempilang,-2.033662620644679,105.6662023063116,1905
190506,Parittiga,-1.6283482420091604,105.5616311752015,1905
190601,Manggar,-2.8436990652261565,108.19780930300132,1906
190602,Gantung,-3.0376847892970043,108.1266529937317,1906
190603,Dendang,-2.976415599565454,107.88244329513633,1906
190604,Kelapa Kampit,-2.7011396665850094,108.02286063284602,1906
190605,Damar,-2.7636457049753296,108.20326124507098,1906
190606,Simpang Renggiang,-2.8814628271943983,107.9927273834439,1906
190607,Simpang Pesak,-3.161790898057767,108.00575158395503,1906
197101,Bukit Intan,-2.1247129225456063,106.15082181674661,1971
197102,Taman Sari,-2.1225206559655456,106.10996640299972,1971
197103,Pangkal Balam,-2.101309454760011,106.12590838763555,1971
197104,Rangkui,-2.1382850074858366,106.1021971419399,1971
197105,Gerunggang,-2.101445251215524,106.07072795793435,1971
197106,Gabek,-2.085701399315572,106.11164507416538,1971
197107,Girimaya,-2.1437078984863014,106.11876713352021,1971
210104,Gunung Kijang,1.03061199127586,104.60738038180264,2101
210106,Bintan Timur,0.8617033449364121,104.57022682785248,2101
210107,Bintan Utara,1.0834577698038808,104.2531480305674,2101
210108,Teluk Bintan,1.0425940887019045,104.45513712710888,2101
210109,Tambelan,0.8704217667763263,107.43486628516787,2101
210110,Teluk Sebong,1.13921073702118,104.41938683935713,2101
210112,Toapaya,1.0227413397731127,104.54852745298692,2101
210113,Mantang,0.7763657171366262,104.59331720427308,2101
210114,Bintan Pesisir,0.8596016551073011,104.72638746209856,2101
210115,Seri Kuala Lobam,1.037897440996065,104.30223091237761,2101
210201,Moro,0.7563464337181257,103.70170698069106,2102
210202,Kundur,0.6900684868594049,103.44517856632532,2102
210203,Karimun,1.0001489309613465,103.42761098716633,2102
210204,Meral,1.0149252879201562,103.37703500388531,2102
210205,Tebing,1.0792622170645294,103.38940992763678,2102
210206,Buru,0.891231563533059,103.46724815586768,2102
210207,Kundur Utara,0.7880293084915073,103.4423574273159,2102
210208,Kundur Barat,0.7761159225206122,103.38106886512271,2102
210209,Durai,0.5594283242691178,103.6361826987594,2102
210210,Meral Barat,1.0746447738550429,103.33790282210757,2102
210211,Ungar,0.6627631581768081,103.5088169453881,2102
210212,Belat,0.8191040571713852,103.48615447767777,2102
210213,Selat Gelam,0.9351217298622474,103.43335923172933,2102
210214,Sugie Besar,0.8313602969109231,103.82413150726201,2102
210304,Midai,3.0547036524954216,107.75229220848134,2103
210305,Bunguran Barat,3.8242562023451843,108.14172710135742,2103
210306,Serasan,2.520615101417204,109.00875048175885,2103
210307,Bunguran Timur,3.9074669609424855,108.34470955473704,2103
210308,Bunguran Utara,4.03900867540628,108.10777652706942,2103
210309,Subi,2.928027650804643,108.84287654228514,2103
210310,Pulau Laut,4.710290697442561,107.96704831792167,2103
210311,Pulau Tiga,3.6346077086988458,108.11016078926066,2103
210315,Bunguran Timur Laut,4.027621493888916,108.2462957971466,2103
210316,Bunguran Tengah,3.8998196829652088,108.26943199826233,2103
210318,Bunguran Selatan,3.742891630126956,108.28273855080026,2103
210319,Serasan Timur,2.5133266904881957,109.08524872616239,2103
210320,Bunguran Batubi,3.870636722032042,108.16396276322628,2103
210321,Pulau Tiga Barat,3.668235703997728,108.08344072559339,2103
210322,Suak Midai,3.000470287617715,107.79262810326424,2103
210323,Pulau Panjang,2.7186981480086545,108.77626591663122,2103
210324,Pulau Seluan,4.135081325163725,107.85481363740531,2103
210401,Singkep,-0.5228316434876233,104.51284239888237,2104
210402,Lingga,-0.1887802097926783,104.56119981197465,2104
210403,Senayang,0.09204222308279184,104.61895928570631,2104
210404,Singkep Barat,-0.46779800125967497,104.3734221308082,2104
210405,Lingga Utara,-0.11522676253598411,104.66858790203466,2104
210406,Singkep Pesisir,-0.4220389236731253,104.5258683906939,2104
210407,Lingga Timur,-0.25959226477875585,104.84572280056594,2104
210408,Selayar,-0.3022195460822444,104.4425393783233,2104
210409,Singkep Selatan,-0.576706904953656,104.42668333116961,2104
210410,Kepulauan Posek,-0.3805151300762059,104.19953839459303,2104
210411,Katang Bidare,0.4139961491615929,104.46005274215231,2104
210412,Temiang Pesisir,0.29907742521834,104.39209747192699,2104
210413,Bakung Serumpun,0.10919595808869281,104.40842141920436,2104
210501,Siantan,3.199619114974521,106.23513735417312,2105
210502,Palmatak,3.3430005851055467,106.31808238014412,2105
210503,Siantan Timur,3.138497477455519,106.33564088739271,2105
210504,Siantan Selatan,2.9729343674062463,106.16087285353689,2105
210505,Jemaja Timur,2.9193265680005562,105.76867840329156,2105
210506,Jemaja,2.9606281205846656,105.71145602012426,2105
210507,Siantan Tengah,3.258218094332738,106.27700567533957,2105
210508,Siantan Utara,3.3379336758659175,106.2029508661878,2105
210509,Jemaja Barat,3.0964985507153377,105.67314844954264,2105
210510,Kute Siantan,3.3223429297070832,106.25838465625547,2105
217101,Belakang Padang,1.044134792839632,103.81591181082027,2171
217102,Batu Ampar,1.1694098385282403,104.0108262302133,2171
217103,Sekupang,1.1015998001265586,103.96216456482777,2171
217104,Nongsa,1.105323438036192,104.12446560821593,2171
217105,Bulang,0.9704187169600472,103.93325060196474,2171
217106,Lubuk Baja,1.1338402568784107,104.00681192400013,2171
217107,Sei Beduk,1.0503726082259135,104.06028625759933,2171
217108,Galang,0.7903388893002709,104.20303494325628,2171
217109,Bengkong,1.1568128885591165,104.03619009670335,2171
217110,Batam Kota,1.1182948011917084,104.05832167803935,2171
217111,Sagulung,1.0219406045888269,103.98706049004969,2171
217112,Batu Aji,1.061265972820695,103.94578375025966,2171
217201,Tanjung Pinang Barat,0.9154395996470553,104.44680711558682,2172
217202,Tanjung Pinang Timur,0.9267008782969848,104.51047574416762,2172
217203,Tanjung Pinang Kota,0.9588109146114596,104.45608254056036,2172
217204,Bukit Bestari,0.8769829777490169,104.48711255670325,2172
310101,Kepulauan Seribu Utara,-5.580134480445578,106.55358267845662,3101
310102,Kepulauan Seribu Selatan,-5.901010624718457,106.62129892420687,3101
317101,Gambir,-6.171453896602028,106.8181279227156,3171
317102,Sawah Besar,-6.153896221378743,106.83323769911055,3171
317103,Kemayoran,-6.16269807870628,106.85581721328691,3171
317104,Senen,-6.18424857156275,106.84590415766465,3171
317105,Cempaka Putih,-6.18088192060371,106.86811785980164,3171
317106,Menteng,-6.19583005252484,106.83529809326643,3171
317107,Tanah Abang,-6.205426813835966,106.80938373353526,3171
317108,Johar Baru,-6.182114152910898,106.8545912496906,3171
317201,Penjaringan,-6.115036458837119,106.76393197306923,3172
317202,Tanjung Priok,-6.131885747073055,106.87496607722233,3172
317203,Koja,-6.121465205514953,106.90495663255965,3172
317204,Cilincing,-6.124277181193998,106.94209030958855,3172
317205,Pademangan,-6.130056563494497,106.83812385928758,3172
317206,Kelapa Gading,-6.16104315016031,106.9036876345263,3172
317301,Cengkareng,-6.151468872680602,106.73685127999504,3173
317302,Grogol Petamburan,-6.163413442390468,106.78648613173367,3173
317303,Taman Sari,-6.148141423362761,106.81837525398913,3173
317304,Tambora,-6.14749967363009,106.80349541272655,3173
317305,Kebon Jeruk,-6.189506823266986,106.76905850448844,3173
317306,Kalideres,-6.134610930317455,106.70390275499048,3173
317307,Pal Merah,-6.191733924712838,106.79558621177404,3173
317308,Kembangan,-6.198229339800881,106.74182320739199,3173
317401,Tebet,-6.228858057552371,106.85087909597982,3174
317402,Setiabudi,-6.2196218755991675,106.8299854176784,3174
317403,Mampang Prapatan,-6.2523139926038285,106.82098630073784,3174
317404,Pasar Minggu,-6.2908320141715155,106.82929198995235,3174
317405,Kebayoran Lama,-6.249501734838234,106.78007755677423,3174
317406,Cilandak,-6.2926711592312525,106.79333338631108,3174
317407,Kebayoran Baru,-6.244730147721967,106.8014416777701,3174
317408,Pancoran,-6.255339272513472,106.84363261419357,3174
317409,Jagakarsa,-6.334019847854105,106.8223585474081,3174
317410,Pesanggrahan,-6.250382432937097,106.75868031992285,3174
317501,Matraman,-6.203612994783978,106.86453674921707,3175
317502,Pulogadung,-6.19319900131276,106.88900534779202,3175
317503,Jatinegara,-6.227303830193152,106.87742491284244,3175
317504,Kramatjati,-6.276307267205226,106.86544206684994,3175
317505,Pasar Rebo,-6.3264150192353,106.8572563051998,3175
317506,Cakung,-6.188479664466107,106.94085061111132,3175
317507,Duren Sawit,-6.232501077289724,106.92055669092795,3175
317508,Makasar,-6.266307940513858,106.89111114401288,3175
317509,Ciracas,-6.333897503641409,106.87839573729612,3175
317510,Cipayung,-6.325341687674984,106.90355627185113,3175
320101,Cibinong,-6.48390569501783,106.83541719818761,3201
320102,Gunungputri,-6.405192714067646,106.93127021856837,3201
320103,Citeureup,-6.525043243088736,106.89242357053085,3201
320104,Sukaraja,-6.579201198887759,106.84079892067189,3201
320105,Babakan Madang,-6.591661394148854,106.90197700659529,3201
320106,Jonggol,-6.496066368270023,107.04562204920836,3201
320107,Cileungsi,-6.4094051887102745,106.99622200979536,3201
320108,Cariu,-6.527281476808874,107.1370684044144,3201
320109,Sukamakmur,-6.593570102769124,107.02013212017296,3201
320110,Parung,-6.434856234636373,106.71281254390544,3201
320111,Gunungsindur,-6.387128887376252,106.68721943378495,3201
320112,Kemang,-6.502459182374794,106.73450828104752,3201
320113,Bojonggede,-6.477401907953613,106.79273511489511,3201
320114,Leuwiliang,-6.640227443861726,106.60990520122014,3201
320115,Ciampea,-6.5742207487527615,106.69802664970993,3201
320116,Cibungbulang,-6.576052180231052,106.66102501127858,3201
320117,Pamijahan,-6.693283499622371,106.65963312852932,3201
320118,Rumpin,-6.459626598536754,106.63112731195424,3201
320119,Jasinga,-6.48060271115781,106.455923872036,3201
320120,Parungpanjang,-6.376761615704275,106.55505340837993,3201
320121,Nanggung,-6.672533535618429,106.53772277756148,3201
320122,Cigudeg,-6.4936542788251375,106.54605748166152,3201
320123,Tenjo,-6.372331378354921,106.4793818873534,3201
320124,Ciawi,-6.709093002184856,106.89365174574894,3201
320125,Cisarua,-6.69845334340762,106.95522431519684,3201
320126,Megamendung,-6.663464222485757,106.91768785552749,3201
320127,Caringin,-6.736575803542062,106.86597305734085,3201
320128,Cijeruk,-6.686022605791328,106.7843443477357,3201
320129,Ciomas,-6.609516763244583,106.76204453858422,3201
320130,Dramaga,-6.588798558582711,106.7298008450625,3201
320131,Tamansari,-6.656406469990399,106.74580999163179,3201
320132,Klapanunggal,-6.483000214114358,106.95529418648107,3201
320133,Ciseeng,-6.455595702809638,106.67850398535693,3201
320134,Rancabungur,-6.521677233463218,106.71369318196359,3201
320135,Sukajaya,-6.631320740691592,106.4704612618857,3201
320136,Tanjungsari,-6.611507200580591,107.14057255931762,3201
320137,Tajurhalang,-6.469029230590332,106.75960465009595,3201
320138,Cigombong,-6.746055291708446,106.81278143241326,3201
320139,Leuwisadeng,-6.573582760694713,106.58765287692692,3201
320140,Tenjolaya,-6.65373455670666,106.70803781853661,3201
320201,Palabuhanratu,-6.975257629555311,106.57482240042805,3202
320202,Simpenan,-7.076993472802744,106.58917150035877,3202
320203,Cikakak,-6.892724310714374,106.52703347065082,3202
320204,Bantargadung,-6.971380939404399,106.66289653593698,3202
320205,Cisolok,-6.878293639583911,106.46004330909766,3202
320206,Cikidang,-6.8905646163776915,106.63764241187506,3202
320207,Lengkong,-7.116029485784395,106.68631361515516,3202
320208,Jampangtengah,-7.066912468116389,106.79409548363834,3202
320209,Warungkiara,-6.991247155141264,106.72073573915547,3202
320210,Cikembar,-6.974101907138499,106.79796723150231,3202
320211,Cibadak,-6.8954991478699155,106.76299038166565,3202
320212,Nagrak,-6.8431097875703175,106.83912281032853,3202
320213,Parungkuda,-6.840220723660507,106.75115576293913,3202
320214,Bojonggenteng,-6.834027304856795,106.72128689321052,3202
320215,Parakansalak,-6.791669818744504,106.70472135923369,3202
320216,Cicurug,-6.76547090809498,106.77852621875893,3202
320217,Cidahu,-6.766090800446328,106.73157215614296,3202
320218,Kalapanunggal,-6.813982163598966,106.66634847238437,3202
320219,Kabandungan,-6.786187091114585,106.59514839980412,3202
320220,Waluran,-7.211235543909869,106.59719724947745,3202
320221,Jampangkulon,-7.251590595628324,106.63947077185995,3202
320222,Ciemas,-7.209498481234168,106.48394826466627,3202
320223,Kalibunder,-7.2599163207228745,106.71757545429084,3202
320224,Surade,-7.343090007194879,106.56225969276325,3202
320225,Cibitung,-7.364507470715795,106.62802968928213,3202
320226,Ciracap,-7.327680419592435,106.47106613153193,3202
320227,Gunungguruh,-6.950096460198091,106.87597773003888,3202
320228,Cicantayan,-6.922090903814519,106.83114700867291,3202
320229,Cisaat,-6.902875142417764,106.88924402017217,3202
320230,Kadudampit,-6.827332411646959,106.93474037129069,3202
320231,Caringin,-6.850565497558447,106.88165918038608,3202
320232,Sukabumi,-6.856426372501649,106.95694111352785,3202
320233,Sukaraja,-6.88095911670456,106.97769476368522,3202
320234,Kebonpedes,-6.944091940411772,106.96989321051093,3202
320235,Cireunghas,-6.935814119180581,107.02355529240059,3202
320236,Sukalarang,-6.884112617354778,107.01285531327264,3202
320237,Pabuaran,-7.192889931758069,106.78674277540622,3202
320238,Purabaya,-7.103690298606345,106.88550325064463,3202
320239,Nyalindung,-7.015743070297728,106.92305374380373,3202
320240,Gegerbitung,-6.99334626746838,107.01123819063002,3202
320241,Sagaranten,-7.200803189227676,106.87241214927177,3202
320242,Curugkembar,-7.1905645249004975,106.94627066580732,3202
320243,Cidolog,-7.289269967832293,106.85798776504802,3202
320244,Cidadap,-7.29952058816789,106.92085078993476,3202
320245,Tegalbuleud,-7.355056144373124,106.74347072631012,3202
320246,Cimanggu,-7.23499550181769,106.68145562081435,3202
320247,Ciambar,-6.811477144489623,106.82297237726765,3202
320301,Cianjur,-6.818976222752829,107.13058544294852,3203
320302,Warungkondang,-6.855218923403275,107.07041922877495,3203
320303,Cibeber,-6.93507140992789,107.13940950206,3203
320304,Cilaku,-6.868510971799673,107.15136990065153,3203
320305,Ciranjang,-6.8065730862806815,107.26571927152537,3203
320306,Bonjogpicung,-6.888339566459562,107.25568240480156,3203
320307,Karangtengah,-6.8052744816431305,107.18884934532511,3203
320308,Mande,-6.756490683767007,107.19527595575768,3203
320309,Sukaluyu,-6.830399483813506,107.2202372137461,3203
320310,Pacet,-6.747490193210074,107.0405723717771,3203
320311,Cugenang,-6.800580736556491,107.06588281816083,3203
320312,Cikalongkulon,-6.684769436588711,107.21196197638669,3203
320313,Sukaresmi,-6.709304156329179,107.10224101800702,3203
320314,Sukanagara,-7.09960583444463,107.0911768675059,3203
320315,Campaka,-7.0035801449480966,107.11416446377466,3203
320316,Takokak,-7.105244892408381,106.98754529846697,3203
320317,Kadupandak,-7.215397454543069,107.0262441284806,3203
320318,Pagelarang,-7.157416046550669,107.17839484021009,3203
320319,Tanggeung,-7.257382954410104,107.12123809524635,3203
320320,Cubinong,-7.325566678046231,107.15041660906779,3203
320321,Sindangbarang,-7.427511473343902,107.11292067046992,3203
320322,Agrabinta,-7.393706545370899,106.8959569947847,3203
320323,Cidaun,-7.403478611105519,107.38086478491536,3203
320324,Naringgul,-7.353722124408203,107.3339287139056,3203
320325,Campakamulya,-7.0772642531492425,107.214854938356,3203
320326,Cikadu,-7.310134857973512,107.25810187577395,3203
320327,Gekbrong,-6.871463067357948,107.04756189334458,3203
320328,Cipanas,-6.717421806691295,107.01246049841446,3203
320329,Cijati,-7.282016016938648,107.01581864700539,3203
320330,Leles,-7.341853524625603,107.0179280401111,3203
320331,Haurwangi,-6.850002140481312,107.3114606654459,3203
320332,Pasirkuda,-7.204522194771848,107.21957411454017,3203
320405,Cileunyi,-6.933382786100257,107.73819613594465,3204
320406,Cimenyan,-6.862465947296605,107.66936546021327,3204
320407,Cilengkrang,-6.866933368701429,107.7223960924482,3204
320408,Bojongsoang,-6.983924732131249,107.66412833739354,3204
320409,Margahayu,-6.9751062888889095,107.57433434898213,3204
320410,Margaasih,-6.948825476663925,107.54457591730446,3204
320411,Katapang,-7.004347404078016,107.5608223959137,3204
320412,Dayeuhkolot,-6.972578083381589,107.61285444646526,3204
320413,Banjaran,-7.075948178070521,107.59400202510176,3204
320414,Pameungpeuk,-7.019580974625061,107.58780512064746,3204
320415,Pangalengan,-7.203518102280208,107.57076306469024,3204
320416,Arjasari,-7.068130563609226,107.64116859832781,3204
320417,Cimaung,-7.1128490317806445,107.57495702411259,3204
320425,Cicalengka,-6.985986723162617,107.86014961079916,3204
320426,Nagreg,-7.026841911850576,107.88888714757788,3204
320427,Cikancung,-7.031271857631862,107.82518801806982,3204
320428,Rancaekek,-6.980005486194228,107.76691428790552,3204
320429,Ciparay,-7.04646039039136,107.69786851413313,3204
320430,Pacet,-7.134326829423959,107.69743424635784,3204
320431,Kertasari,-7.2355681601754185,107.67748546137388,3204
320432,Baleendah,-7.012403597721291,107.63848873246609,3204
320433,Majalaya,-7.054031914832494,107.74363320324478,3204
320434,Solokanjeruk,-7.010842779184991,107.74893469316466,3204
320435,Paseh,-7.068664554532709,107.79719573065618,3204
320436,Ibun,-7.1174439095781175,107.76832762816055,3204
320437,Soreang,-7.041337157048537,107.5186959915976,3204
320438,Pasirjambu,-7.173010321599453,107.45844568900047,3204
320439,Ciwidey,-7.087584233420583,107.43526834381034,3204
320440,Rancabali,-7.160917953025599,107.35170554713238,3204
320444,Cangkuang,-7.058195858131993,107.54095073898742,3204
320446,Kutawaringin,-6.9991779460399215,107.50929401429912,3204
320501,Garut Kota,-7.244927308809117,107.9263746604642,3205
320502,Karangpawitan,-7.219764166546115,107.95307131736385,3205
320503,Wanaraja,-7.188732346933726,108.00827173522528,3205
320504,Tarogong Kaler,-7.1740421988389755,107.8630979717303,3205
320505,Tarogong Kidul,-7.2145927796177896,107.88388029960626,3205
320506,Banyuresmi,-7.1510689130547656,107.93499633148241,3205
320507,Samarang,-7.185806000180976,107.81053568233226,3205
320508,Pasirwangi,-7.211064093337782,107.76272762129607,3205
320509,Leles,-7.113666821349528,107.86549553664067,3205
320510,Kadungora,-7.0740469353305535,107.89493950001439,3205
320511,Leuwigoong,-7.108330100981729,107.94365557474623,3205
320512,Cibatu,-7.085295644754155,107.99832133490173,3205
320513,Kersamanah,-7.070335500259685,108.03108520933816,3205
320514,Malangbong,-7.058852976709533,108.08182295600537,3205
320515,Sukawening,-7.135129704663135,108.01499566832018,3205
320516,Karangtengah,-7.1600629582613955,108.05695220060024,3205
320517,Bayongbong,-7.2737282047064316,107.84446242365779,3205
320518,Cigedug,-7.328968755887945,107.82538577787598,3205
320519,Cilawu,-7.299926277815884,107.89941095807261,3205
320520,Cisurupan,-7.304425792805771,107.76646952113242,3205
320521,Sukaresmi,-7.245347244964065,107.7723642125133,3205
320522,Cikajang,-7.399371021002025,107.79944749726431,3205
320523,Banjarwangi,-7.404828657206032,107.8830052910101,3205
320524,Singajaya,-7.477589521141136,107.92088425658272,3205
320525,Cihurip,-7.5036506271276044,107.85069743869542,3205
320526,Peundeuy,-7.548667266231191,107.909243822569,3205
320527,Pameungpeuk,-7.628304511985035,107.73124131833697,3205
320528,Cisompet,-7.554817760132564,107.80818004678468,3205
320529,Cibalong,-7.662087855469096,107.85093031843365,3205
320530,Cikelet,-7.553216189617371,107.69635906384481,3205
320531,Bungbulang,-7.435078701130039,107.59004780726539,3205
320532,Mekarmukti,-7.527559102399156,107.56338343761628,3205
320533,Pakenjeng,-7.469233367926394,107.68634467616512,3205
320534,Pamulihan,-7.35696902650205,107.68306660419216,3205
320535,Cisewu,-7.377583591302113,107.52319666926498,3205
320536,Caringin,-7.464239212483737,107.49604939166727,3205
320537,Talegong,-7.292263809290406,107.52468214397285,3205
320538,Limbangan,-7.005399479074484,107.95212188178013,3205
320539,Selaawi,-7.000782661216113,108.01168243333491,3205
320540,Cibiuk,-7.0648014274056985,107.95553701558329,3205
320541,Pangatikan,-7.175076168821612,108.02032392548965,3205
320542,Sucinaraja,-7.2151069288097744,108.00645692710133,3205
320601,Cipatujah,-7.7013924027454355,108.02639933688518,3206
320602,Karangnunggal,-7.663255951542709,108.1512242240342,3206
320603,Cikalong,-7.751188808795491,108.21638347427611,3206
320604,Pancatengah,-7.68927259111444,108.30319101699256,3206
320605,Cikatomas,-7.617633557357356,108.26901549674926,3206
320606,Cibalong,-7.565491884724073,108.18949394302828,3206
320607,Parungponteng,-7.493934284878754,108.13862331517798,3206
320608,Bantarkalong,-7.579615296067537,108.0815162998054,3206
320609,Bojongasih,-7.554110573480862,108.12876448644575,3206
320610,Culamega,-7.5952855656323965,108.03174471131852,3206
320611,Bojonggambir,-7.571239920308905,107.96249142368528,3206
320612,Sodonghilir,-7.490055520206158,108.05406370295803,3206
320613,Taraju,-7.443254661226024,107.9901172467045,3206
320614,Salawu,-7.372077626351095,107.98383696858347,3206
320615,Puspahiang,-7.415987246071783,108.03066562604131,3206
320616,Tanjungjaya,-7.4127951835447545,108.12495207249002,3206
320617,Sukaraja,-7.442063896718171,108.1668973292906,3206
320618,Salopa,-7.505948450624414,108.28833329836314,3206
320619,Jatiwaras,-7.49795854612363,108.22540599462198,3206
320620,Cineam,-7.419896784921227,108.36347972504363,3206
320621,Karang Jaya,-7.449941396012576,108.39656382486416,3206
320622,Manonjaya,-7.369653821299324,108.31991263089365,3206
320623,Gunung Tanjung,-7.428116870974266,108.30283198739897,3206
320624,Singaparna,-7.349345246756868,108.1293241476893,3206
320625,Mangunreja,-7.381669001931903,108.08351128868752,3206
320626,Sukarame,-7.373831859397919,108.14928316113857,3206
320627,Cigalontang,-7.305777131794179,108.00510891055565,3206
320628,Leuwisari,-7.304165336112946,108.09065743838958,3206
320629,Padakembang,-7.308400360482984,108.12178506382152,3206
320630,Sariwangi,-7.2922734688479425,108.05652041982113,3206
320631,Sukaratu,-7.275239677844064,108.12455244782005,3206
320632,Cisayong,-7.242330278918924,108.13258486292146,3206
320633,Sukahening,-7.21064296020389,108.1191293503112,3206
320634,Rajapolah,-7.216349081822572,108.18322726871936,3206
320635,Jamanis,-7.187299074172699,108.16310496360244,3206
320636,Ciawi,-7.16886207756009,108.1179469978767,3206
320637,Kadipaten,-7.120073818757763,108.11534326657362,3206
320638,Pagerageung,-7.099264132151183,108.17405122361508,3206
320639,Sukaresik,-7.156902056773084,108.18250340638771,3206
320701,Ciamis,-7.329053450064192,108.33598322976867,3207
320702,Cikoneng,-7.269729063946556,108.2744876256595,3207
320703,Cijeungjing,-7.333073300375274,108.41882522074403,3207
320704,Sadananya,-7.253368414649022,108.30696220441385,3207
320705,Cidolog,-7.426960517091157,108.43947541823741,3207
320706,Cihaurbeuti,-7.2241454204962245,108.22314898391564,3207
320707,Panumbangan,-7.126418885097566,108.22285224616861,3207
320708,Panjalu,-7.141975174479397,108.27935475978713,3207
320709,Kawali,-7.174204176908811,108.36139523637802,3207
320710,Panawangan,-7.108563288764452,108.38215405119976,3207
320711,Cipaku,-7.233345849323031,108.36248464759115,3207
320712,Jatinagara,-7.1819429287072465,108.40612026827444,3207
320713,Rajadesa,-7.172518780555739,108.45133886674697,3207
320714,Sukadana,-7.272508483498301,108.4492733139785,3207
320715,Rancah,-7.206185513093647,108.49566768382971,3207
320716,Tambaksari,-7.238773202147873,108.54900473480852,3207
320717,Lakbok,-7.40536593081715,108.66478886586684,3207
320718,Banjarsari,-7.500824315104782,108.62854113090616,3207
320719,Pamarican,-7.455217677237166,108.51377241090606,3207
320729,Cimaragas,-7.380830480980867,108.44888354013116,3207
320730,Cisaga,-7.3160103917215,108.50851794759437,3207
320731,Sindangkasih,-7.283180934686535,108.23857274434405,3207
320732,Baregbeg,-7.2872437224605395,108.3681178444143,3207
320733,Sukamantri,-7.0787718734482095,108.29145482507609,3207
320734,Lumbung,-7.154820335200094,108.32576214524258,3207
320735,Purwadadi,-7.439051798260742,108.64248675089793,3207
320737,Banjaranyar,-7.519673290266805,108.5510368046868,3207
320801,Kadugede,-7.007722134135178,108.45230264605665,3208
320802,Ciniru,-7.056757594557127,108.50559701548966,3208
320803,Subang,-7.128565357726016,108.53852082548926,3208
320804,Ciwaru,-7.087147613797003,108.63233337132588,3208
320805,Cibingbin,-7.054097856052471,108.7585691743603,3208
320806,Luragung,-7.018268043076782,108.63663948257641,3208
320807,Lebakwangi,-7.01021780430383,108.58596231724944,3208
320808,Garawangi,-7.013115849105044,108.52730808142756,3208
320809,Kuningan,-6.979442625264476,108.4918595136758,3208
320810,Ciawigebang,-6.946966075937254,108.59910826182825,3208
320811,Cidahu,-6.9639377922468695,108.66227940371152,3208
320812,Jalaksana,-6.915729807587054,108.4655177776962,3208
320813,Cilimus,-6.876312804990217,108.47173811826042,3208
320814,Mandirancan,-6.843823904088398,108.45542047448815,3208
320815,Selajambe,-7.104511554131186,108.46857929741738,3208
320816,Kramatmulya,-6.940595858593472,108.49229965043932,3208
320817,Darma,-7.011899834051048,108.40374238714388,3208
320818,Cigugur,-6.948847096470385,108.43680053575805,3208
320819,Pasawahan,-6.823414041937048,108.42450113377294,3208
320820,Nusaherang,-7.01537011147554,108.4322732449504,3208
320821,Cipicung,-6.941826963304572,108.55172719601995,3208
320822,Pancalang,-6.817113394672254,108.49499377827397,3208
320823,Japara,-6.9118906125861415,108.54213371300565,3208
320824,Cimahi,-6.997774487149657,108.70345347329744,3208
320825,Cilebak,-7.13988564979415,108.5774974792636,3208
320826,Hantara,-7.063841263050701,108.45442989863724,3208
320827,Kalimanggis,-6.9530451372018085,108.62739161404429,3208
320828,Cibeureum,-7.0788414552571535,108.71544145536913,3208
320829,Karangkancana,-7.100474359522404,108.67331000657637,3208
320830,Maleber,-7.056067478918328,108.57234244187957,3208
320831,Sindangagung,-6.9715882587132985,108.5312585340122,3208
320832,Cigandamekar,-6.887973832261371,108.53323744179502,3208
320901,Waled,-6.909667255996199,108.68514100530939,3209
320902,Ciledug,-6.899861514921566,108.74701968566639,3209
320903,Losari,-6.804050521489124,108.80808819122666,3209
320904,Pabedilan,-6.862703342178632,108.76998743827464,3209
320905,Babakan,-6.86596382242319,108.71530538965142,3209
320906,Karangsembung,-6.843598092323943,108.66481346809468,3209
320907,Lemahabang,-6.834206756089844,108.61513455384795,3209
320908,Susukan Lebak,-6.863276266922578,108.61721173917346,3209
320909,Sedong,-6.871855021331784,108.57497939601527,3209
320910,Astanajapura,-6.803709166057564,108.6212601942109,3209
320911,Pangenan,-6.795618567692646,108.6660464939952,3209
320912,Mundu,-6.774770713681235,108.58188954014729,3209
320913,Beber,-6.825142551616158,108.52425812577016,3209
320914,Talun,-6.768655791695083,108.50857080280149,3209
320915,Sumber,-6.762286535179243,108.4779030023832,3209
320916,Dukupuntang,-6.760625725741072,108.40768302888438,3209
320917,Palimanan,-6.712183727916941,108.42687970162558,3209
320918,Plumbon,-6.70613293095119,108.47710414304834,3209
320919,Weru,-6.714695788147023,108.49653094748258,3209
320920,Kedawung,-6.715281186416873,108.53331478884793,3209
320921,Gunung Jati,-6.665276088112762,108.53556358847574,3209
320922,Kepetakan,-6.573679054347549,108.51336116725957,3209
320923,Klangenan,-6.668539664452684,108.45127950704182,3209
320924,Arjawinangun,-6.641925753704943,108.40858572319813,3209
320925,Panguragan,-6.618548368381548,108.46165798177404,3209
320926,Ciwaringin,-6.676123381231133,108.38101805988747,3209
320927,Susukan,-6.6252918891117405,108.35945078412318,3209
320928,Gegesik,-6.575209673945066,108.42957776007455,3209
320929,Kaliwedi,-6.580097925548449,108.38808615928573,3209
320930,Gebang,-6.829282043951667,108.73303043434204,3209
320931,Depok,-6.735413412146465,108.44639429891984,3209
320932,Pasaleman,-6.955596602133209,108.7372275649199,3209
320933,Pabuaran,-6.894614601339338,108.72100559274236,3209
320934,Karangwareng,-6.8840196350645035,108.64796047578993,3209
320935,Tengah Tani,-6.69938357663288,108.52290351479425,3209
320936,Plered,-6.68245681508457,108.50518460442562,3209
320937,Gempol,-6.707721154386464,108.39629177475508,3209
320938,Greged,-6.816950703633983,108.55987488765217,3209
320939,Suranenggala,-6.630140024581092,108.52347930424487,3209
320940,Jamblang,-6.665981165058644,108.47536031287879,3209
321001,Lemahsugih,-7.007454845490636,108.19082252041382,3210
321002,Bantarujeg,-6.9643706331826545,108.25172744065796,3210
321003,Cikijing,-7.006054790377763,108.36639782416017,3210
321004,Talaga,-6.990479990561107,108.3197519497569,3210
321005,Argapura,-6.898802743358914,108.35315771787215,3210
321006,Maja,-6.902154959398305,108.27502774162396,3210
321007,Majalengka,-6.856383071125318,108.22553384712982,3210
321008,Sukahaji,-6.814114455910125,108.29512519234332,3210
321009,Rajagaluh,-6.827676566498424,108.36147163749057,3210
321010,Leuwimunding,-6.74418392339538,108.33964290260953,3210
321011,Jatiwangi,-6.745216540358272,108.26055046322874,3210
321012,Dawuan,-6.724854557073157,108.20784427507259,3210
321013,Kadipaten,-6.759929241879553,108.17612919364277,3210
321014,Kertajati,-6.642703019453592,108.13186280908762,3210
321015,Jatitujuh,-6.624272649107971,108.23062746140964,3210
321016,Ligung,-6.662035152054531,108.28564185253848,3210
321017,Sumberjaya,-6.690164682243855,108.33162315027755,3210
321018,Panyingkiran,-6.812502671885577,108.18041675735859,3210
321019,Palasah,-6.737574948939181,108.29910887247006,3210
321020,Cigasong,-6.818451024462334,108.25399017744849,3210
321021,Sindangwangi,-6.801591628087178,108.38045591010979,3210
321022,Banjaran,-6.952555966756755,108.33615640863543,3210
321023,Cingambul,-7.042838538424772,108.33391294039464,3210
321024,Kasokandel,-6.773149479012185,108.22588463969723,3210
321025,Sindang,-6.837689265510291,108.32450543506343,3210
321026,Malausma,-7.03996813083321,108.24900788525602,3210
321101,Wado,-6.9867482429095285,108.11629767734487,3211
321102,Jatinunggal,-6.935632462609596,108.16092464199362,3211
321103,Darmaraja,-6.911640903153963,108.06011150960377,3211
321104,Cibugel,-6.9661524624742475,108.02656050074899,3211
321105,Cisitu,-6.875854849552512,108.04047790858844,3211
321106,Situraja,-6.856391017998179,108.01406550529485,3211
321107,Conggeang,-6.723027938902484,108.01879755933831,3211
321108,Paseh,-6.796815475764709,108.01282428960371,3211
321109,Surian,-6.639785422101855,107.87868779810063,3211
321110,Buahdua,-6.6865988030196695,107.94457527321093,3211
321111,Tanjungsari,-6.867818456826341,107.79684376821027,3211
321112,Sukasari,-6.864580465380123,107.76697375030712,3211
321113,Pamulihan,-6.894254505719282,107.84721635808752,3211
321114,Cimanggung,-6.949068364388619,107.85230825805365,3211
321115,Jatinangor,-6.931383826490473,107.77697413292948,3211
321116,Rancakalong,-6.8237378982453585,107.84258541921729,3211
321117,Sumedang Selatan,-6.901991148255144,107.9216165245459,3211
321118,Sumedang Utara,-6.83582687019764,107.9087731687621,3211
321119,Ganeas,-6.870807949863241,107.96820881634208,3211
321120,Tanjungkerta,-6.762338167113467,107.90175153847385,3211
321121,Tanjungmedar,-6.733019336241582,107.86068042545494,3211
321122,Cimalaka,-6.792850038655205,107.94402263162988,3211
321123,Cisarua,-6.832348482807086,107.96837628118075,3211
321124,Tomo,-6.789026809311121,108.1175620058539,3211
321125,Ujungjaya,-6.709341700625749,108.09283005725486,3211
321126,Jatigede,-6.87217154919212,108.13407691847196,3211
321201,Haurgeulis,-6.446351717616512,107.93749640910885,3212
321202,Kroya,-6.4998287937556505,108.04083376526025,3212
321203,Gabuswetan,-6.428330186363298,108.06788409031077,3212
321204,Cikedung,-6.5365599365339255,108.17488018841766,3212
321205,Lelea,-6.461021363570233,108.22573334462889,3212
321206,Bangodua,-6.515990994622076,108.28173487381449,3212
321207,Widasari,-6.466812052456463,108.27365838599297,3212
321208,Kertasemaya,-6.518930966012464,108.36730048667755,3212
321209,Krangkeng,-6.5168890257724925,108.4857238251258,3212
321210,Karangampel,-6.470835784060848,108.45259744741627,3212
321211,Juntinyuat,-6.436072125164957,108.41065517690318,3212
321212,Sliyeg,-6.450386642038387,108.3491138441894,3212
321213,Jatibarang,-6.440719426752777,108.31285397782877,3212
321214,Balongan,-6.384207596502241,108.37493467063928,3212
321215,Indramayu,-6.3461787922142445,108.33988719068634,3212
321216,Sindang,-6.330632640431429,108.29587805044699,3212
321217,Cantigi,-6.299038033213376,108.22627503771511,3212
321218,Lohbener,-6.399720794381819,108.25643795779064,3212
321219,Arahan,-6.362836745296218,108.24585292153216,3212
321220,Losarang,-6.386442216721184,108.16953860451989,3212
321221,Kandanghaur,-6.356659963011896,108.0949030805283,3212
321222,Bongas,-6.379713221014084,108.01784962821061,3212
321223,Anjatan,-6.376671480865089,107.94654189042659,3212
321224,Sukra,-6.293387027047403,107.94589688590098,3212
321225,Gantar,-6.546624354840623,107.94991876082412,3212
321226,Terisi,-6.556141319698627,108.07000477886635,3212
321227,Sukagumiwang,-6.581675804304436,108.32359959833798,3212
321228,Kedokan Bunder,-6.498735570790959,108.41347212675957,3212
321229,Pasekan,-6.268724364952883,108.3049851479548,3212
321230,Tukdana,-6.559705339726666,108.2721813976383,3212
321231,Patrol,-6.320695144567639,108.00096324639857,3212
321301,Sagalaherang,-6.683388985675627,107.64367655655812,3213
321302,Cisalak,-6.762679864694577,107.74568755675138,3213
321303,Subang,-6.570599382109936,107.76631087719997,3213
321304,Kalijati,-6.52756671989776,107.64489298956688,3213
321305,Pabuaran,-6.420752220123847,107.59177530057431,3213
321306,Purwadadi,-6.443620488382392,107.68382606119494,3213
321307,Pagaden,-6.47973364614781,107.79790751041114,3213
321308,Binong,-6.399336673336343,107.79801236032611,3213
321309,Ciasem,-6.320894451765781,107.6582783518391,3213
321310,Pusakanagara,-6.2458840214746205,107.87223266686264,3213
321311,Pamanukan,-6.288763741772965,107.82032022657268,3213
321312,Jalancagak,-6.6701367122648,107.69644077930113,3213
321313,Blanakan,-6.261640076061725,107.66599559631508,3213
321314,Tanjungsiang,-6.746167625717989,107.81095557655753,3213
321315,Compreng,-6.385365094267028,107.87341986876322,3213
321316,Patokbeusi,-6.368429621472181,107.6170175566271,3213
321317,Cibogo,-6.56920535846065,107.83744142952808,3213
321318,Cipunagara,-6.487685619198114,107.86291439445068,3213
321319,Cijambe,-6.6317334831027885,107.77697092068983,3213
321320,Cipeundeuy,-6.497314628789762,107.5941561017655,3213
321321,Legonkulon,-6.232218951831062,107.80632372922115,3213
321322,Cikaum,-6.414623090164227,107.73556515000726,3213
321323,Serangpanjang,-6.646112190117532,107.60909281703975,3213
321324,Sukasari,-6.286893947721756,107.75531553249785,3213
321325,Tambakdahan,-6.341357041266954,107.8095083658062,3213
321326,Kasomalang,-6.6970098928567525,107.75461128050405,3213
321327,Dawuan,-6.572022539828793,107.68415597242932,3213
321328,Pagaden Barat,-6.4836195674808295,107.76496616586722,3213
321329,Ciater,-6.738207967058663,107.66953467093948,3213
321330,Pusakajaya,-6.30641549797979,107.88893320467466,3213
321401,Purwakarta,-6.539875565115433,107.45523135979172,3214
321402,Campaka,-6.4875127060274576,107.50864846766262,3214
321403,Jatiluhur,-6.557641542189521,107.41761793896733,3214
321404,Plered,-6.6462796063318255,107.37991688036844,3214
321405,Sukatani,-6.587114523829535,107.38203914550728,3214
321406,Darangdan,-6.6906952559224315,107.44926803407516,3214
321407,Maniis,-6.684247793102088,107.30117284058325,3214
321408,Tegalwaru,-6.6264041735869705,107.33183672664445,3214
321409,Wanayasa,-6.669872156496071,107.54611300736882,3214
321410,Pasawahan,-6.572890492145943,107.47737378301385,3214
321411,Bojong,-6.699844283471736,107.51555340404555,3214
321412,Babakancikao,-6.490764236502057,107.42390184458696,3214
321413,Bungursari,-6.455869877241284,107.47685906667637,3214
321414,Cibatu,-6.531190902587055,107.53713561304437,3214
321415,Sukasari,-6.557169282890663,107.29888036024586,3214
321416,Pondoksalam,-6.618269918266515,107.49167686765529,3214
321417,Kiarapedes,-6.632667750538676,107.56604085091826,3214
321501,Karawang Barat,-6.273030679704042,107.29482302257037,3215
321502,Pangkalan,-6.462420235278983,107.22827841740717,3215
321503,Telukjambe Timur,-6.340625145563368,107.28760616630886,3215
321504,Ciampel,-6.430248863521965,107.33333460184889,3215
321505,Klari,-6.394391629051868,107.37949972835916,3215
321506,Rengasdengklok,-6.177211493390156,107.30016789190762,3215
321507,Kutawaluya,-6.175481313930069,107.34481461865428,3215
321508,Batujaya,-6.049899243399192,107.19477390143034,3215
321509,Tirtajaya,-6.0308704258034815,107.25590423201552,3215
321510,Pedes,-6.0899644459776034,107.3715113464198,3215
321511,Cibuaya,-6.014995167609701,107.32806325506785,3215
321512,Pakisjaya,-6.005513408476824,107.12485089028296,3215
321513,Cikampek,-6.412664898329303,107.4364423558964,3215
321514,Jatisari,-6.3558537230092185,107.522479888469,3215
321515,Cilamaya Wetan,-6.22617026069015,107.57945645232138,3215
321516,Tirtamulya,-6.339808954332082,107.46360515463883,3215
321517,Telagasari,-6.2699912371971545,107.41370174159137,3215
321518,Rawamerta,-6.234002082881747,107.35231485808872,3215
321519,Lemahabang,-6.283302145074748,107.45697867049115,3215
321520,Tempuran,-6.194668583680751,107.4433103904724,3215
321521,Majalaya,-6.306016051965641,107.36824957975901,3215
321522,Jayakerta,-6.104989068081563,107.29786687206565,3215
321523,Cilamaya Kulon,-6.216669280815481,107.51508061038763,3215
321524,Banyusari,-6.30195160947378,107.53973477741138,3215
321525,Kota Baru,-6.395781831815541,107.48719600402673,3215
321526,Karawang Timur,-6.297568244455568,107.33236501287104,3215
321527,Telukjambe Barat,-6.357316909892571,107.24486666485323,3215
321528,Tegalwaru,-6.5211945352938265,107.24307225162237,3215
321529,Purwasari,-6.369516359493696,107.40918103538382,3215
321530,Cilebar,-6.132656903375833,107.41281128199789,3215
321601,Tarumajaya,-6.12185558501524,106.99746012678736,3216
321602,Babelan,-6.1256557031042504,107.03410459306825,3216
321603,Sukawangi,-6.118738562233635,107.09104204135909,3216
321604,Tambelang,-6.166990483435064,107.12729971150193,3216
321605,Tambun Utara,-6.192739055238695,107.06107794604694,3216
321606,Tambun Selatan,-6.257052666953647,107.05425820933016,3216
321607,Cibitung,-6.235675689541902,107.10042146149837,3216
321608,Cikarang Barat,-6.2972769113400915,107.09405899286975,3216
321609,Cikarang Utara,-6.275390141000221,107.15564862072642,3216
321610,Karang Bahagia,-6.217185336712241,107.19697443937955,3216
321611,Cikarang Timur,-6.288478624037119,107.2089539592699,3216
321612,Kedung Waringin,-6.2515704352290875,107.24828325390013,3216
321613,Pebayuran,-6.159318701759308,107.24846601433266,3216
321614,Sukakarya,-6.14492604307542,107.18561643060636,3216
321615,Sukatani,-6.191793018659181,107.15588452692953,3216
321616,Cabangbungin,-6.078079666810899,107.13625864573183,3216
321617,Muaragembong,-6.003304604842241,107.04986221316895,3216
321618,Setu,-6.363716984719245,107.03734089292816,3216
321619,Cikarang Selatan,-6.338452148850188,107.12793490937415,3216
321620,Cikarang Pusat,-6.359550336520544,107.1836329070249,3216
321621,Serang Baru,-6.3956069527675545,107.11427004061234,3216
321622,Cibarusah,-6.434044024462156,107.11077803512386,3216
321623,Bojongmangu,-6.438931571170425,107.17782210087758,3216
321701,Lembang,-6.810074183854903,107.65078991928914,3217
321702,Parongpong,-6.80503056241864,107.58379730974391,3217
321703,Cisarua,-6.794605503063964,107.54418389561292,3217
321704,Cikalongwetan,-6.743085933067611,107.44480542320468,3217
321705,Cipeundeuy,-6.755103553141781,107.34413265807311,3217
321706,Ngamprah,-6.835695930794277,107.51133287220021,3217
321707,Cipatat,-6.828049151846604,107.38877316419605,3217
321708,Padalarang,-6.842280321236598,107.4748681766158,3217
321709,Batujajar,-6.906750955674475,107.48549050894968,3217
321710,Cihampelas,-6.936004002663356,107.47140038726067,3217
321711,Cililin,-6.975453755529759,107.44585349690017,3217
321712,Cipongkor,-6.943930522475831,107.35280264039831,3217
321713,Rongga,-6.96966448624227,107.25571924696419,3217
321714,Sindangkerta,-7.0328877278708894,107.40080213905188,3217
321715,Gununghalu,-7.03891097862172,107.29868697897898,3217
321716,Saguling,-6.888031169291407,107.40423136124596,3217
321801,Parigi,-7.650324578693836,108.51576778348073,3218
321802,Cijulang,-7.715835066622316,108.44267356231201,3218
321803,Cimerak,-7.7625647288093615,108.39157925027216,3218
321804,Cigugur,-7.6235198711684475,108.401167561361,3218
321805,Langkaplancar,-7.551856721599436,108.4374680056837,3218
321806,Mangunjaya,-7.486155643882679,108.68954111522679,3218
321807,Padaherang,-7.552550210667459,108.69389980753039,3218
321808,Kalipucang,-7.638566876765075,108.71485175807715,3218
321809,Pangandaran,-7.649756558955528,108.65043258230706,3218
321810,Sidamulih,-7.621006171139206,108.58875601525756,3218
327101,Bogor Selatan,-6.644745100056547,106.81351399488199,3271
327102,Bogor Timur,-6.620666104164917,106.82644671012879,3271
327103,Bogor Tengah,-6.5932332540867735,106.79856279854742,3271
327104,Bogor Barat,-6.573192412436535,106.76548991767615,3271
327105,Bogor Utara,-6.570802766280904,106.81960905623583,3271
327106,Tanah Sareal,-6.546830773206896,106.78545132794729,3271
327201,Gunung Puyuh,-6.9084494490813935,106.91746052603416,3272
327202,Cikole,-6.915587195332624,106.93939156737247,3272
327203,Citamiang,-6.937210032481215,106.93102528967736,3272
327204,Warudoyong,-6.930702957522121,106.91319918005117,3272
327205,Baros,-6.9597320025327365,106.93203424781107,3272
327206,Lembursitu,-6.965144703756187,106.90003148410116,3272
327207,Cibeureum,-6.941407589359178,106.94814548711457,3272
327301,Sukasari,-6.866710075709871,107.58716604539175,3273
327302,Coblong,-6.884883447472015,107.61538017670745,3273
327303,Babakan Ciparay,-6.943698328998423,107.57854891253082,3273
327304,Bojongloa Kaler,-6.9328690135446225,107.58943174007857,3273
327305,Andir,-6.910459123613892,107.57987042747253,3273
327306,Cicendo,-6.90174990130684,107.58401638634786,3273
327307,Sukajadi,-6.888330854955033,107.590020316372,3273
327308,Cidadap,-6.863624902410537,107.60618765531174,3273
327309,Bandung Wetan,-6.904806049182917,107.61707402652888,3273
327310,Astanaanyar,-6.9336620790102605,107.60159064915644,3273
327311,Regol,-6.94044903354868,107.61271780375439,3273
327312,Batununggal,-6.925909577916448,107.63714076908118,3273
327313,Lengkong,-6.933830755169425,107.62481057318215,3273
327314,Cibeunying Kidul,-6.900741346807442,107.6453511805854,3273
327315,Bandung Kulon,-6.930866443890469,107.5650956724027,3273
327316,Kiaracondong,-6.9249713253337175,107.65004182612287,3273
327317,Bojongloa Kidul,-6.951211754624938,107.59797417756153,3273
327318,Cibeunying Kaler,-6.888261980675895,107.63018242902287,3273
327319,Sumur Bandung,-6.91492143697771,107.6152089744246,3273
327320,Antapani,-6.91689774305395,107.66117137944605,3273
327321,Bandung Kidul,-6.957561186987981,107.6314949944666,3273
327322,Buahbatu,-6.950136153921217,107.65586156519139,3273
327323,Rancasari,-6.954398814368688,107.67387355537345,3273
327324,Arcamanik,-6.920335433159247,107.6770012362843,3273
327325,Cibiru,-6.914722769328724,107.72277798035465,3273
327326,Ujungberung,-6.90539927539534,107.70549125111005,3273
327327,Gedebage,-6.9533417483402715,107.6973367176904,3273
327328,Panyileukan,-6.932289903299879,107.70623579149795,3273
327329,Cinambo,-6.9275070894032655,107.69167497781157,3273
327330,Mandalajati,-6.897673254520427,107.67214918675943,3273
327401,Kejaksan,-6.704372796584494,108.5558224332437,3274
327402,Lemahwungkuk,-6.731177937643038,108.57538988010604,3274
327403,Harjamukti,-6.761357379281236,108.54798404625087,3274
327404,Pekalipan,-6.723300752326374,108.56350687582993,3274
327405,Kesambi,-6.733022439278708,108.54262574768956,3274
327501,Bekasi Timur,-6.242144305846036,107.0191336534925,3275
327502,Bekasi Barat,-6.233559299061097,106.96281200530314,3275
327503,Bekasi Utara,-6.207387000312081,107.00641920877608,3275
327504,Bekasi Selatan,-6.2581541588255964,106.97780127042166,3275
327505,Rawalumbu,-6.281218105446986,106.99421047290578,3275
327506,Medansatria,-6.198893795834866,106.98361188579,3275
327507,Bantargebang,-6.33852434386496,106.99115909632677,3275
327508,Pondokgede,-6.2690865042301525,106.92989114997269,3275
327509,Jatiasih,-6.307164152133102,106.95236017474123,3275
327510,Jatisampurna,-6.3654333246446475,106.92487692786389,3275
327511,Mustikajaya,-6.307635305199376,107.01662811715191,3275
327512,Pondokmelati,-6.309540962883098,106.92824624135964,3275
327601,Pancoran Mas,-6.398387787805227,106.79981984439566,3276
327602,Cimanggis,-6.367700504237314,106.86936283105082,3276
327603,Sawangan,-6.406658490019652,106.7641447627669,3276
327604,Limo,-6.368585087624625,106.78079514008803,3276
327605,Sukmajaya,-6.397254414260452,106.84363093515664,3276
327606,Beji,-6.373064655077891,106.8190490693359,3276
327607,Cipayung,-6.429700674163172,106.80282576613146,3276
327608,Cilodong,-6.430335445623412,106.83785780666338,3276
327609,Cinere,-6.331546263082382,106.78936351214502,3276
327610,Tapos,-6.419207203062354,106.88048493348425,3276
327611,Bojongsari,-6.394325836196823,106.73778484840567,3276
327701,Cimahi Selatan,-6.907539024168052,107.53861306791497,3277
327702,Cimahi Tengah,-6.88433171299084,107.53961709441695,3277
327703,Cimahi Utara,-6.861699291634216,107.5507028599229,3277
327801,Cihideung,-7.33637652288582,108.2125619017153,3278
327802,Cipedes,-7.3140176882921155,108.2227823201415,3278
327803,Tawang,-7.339046109318985,108.22744174290605,3278
327804,Indihiang,-7.290684483844545,108.19795448122615,3278
327805,Kawalu,-7.403028356180259,108.20272030785245,3278
327806,Cibeureum,-7.354547292800279,108.25857276676093,3278
327807,Tamansari,-7.396593808455129,108.24842171937541,3278
327808,Mangkubumi,-7.347454164750369,108.18530621692294,3278
327809,Bungursari,-7.3093401231653905,108.17802620269242,3278
327810,Purbaratu,-7.3328344475691125,108.26626274227327,3278
327901,Banjar,-7.374230915724493,108.50451350644136,3279
327902,Pataruman,-7.3916798437598725,108.56503623140739,3279
327903,Purwaharja,-7.351924492349071,108.55649408923094,3279
327904,Langensari,-7.367587426652475,108.62924484622948,3279
330101,Kedungreja,-7.519647745344107,108.7710399299614,3301
330102,Kesugihan,-7.626298029458522,109.09186719496064,3301
330103,Adipala,-7.66390543958536,109.1681875617749,3301
330104,Binangun,-7.6748505162145575,109.27382585293878,3301
330105,Nusawungu,-7.673199438296443,109.3443331666124,3301
330106,Kroya,-7.626521887094911,109.23593124915378,3301
330107,Maos,-7.603952735080446,109.15723407356545,3301
330108,Jeruklegi,-7.5941501249503816,109.0172382521211,3301
330109,Kawunganten,-7.610133495372471,108.93622211127726,3301
330110,Gandrungmangu,-7.507241271011715,108.85226011487558,3301
330111,Sidareja,-7.460076062478165,108.79965123366449,3301
330112,Karangpucung,-7.380429009601793,108.90248131193142,3301
330113,Cimanggu,-7.310448046748521,108.8409204296562,3301
330114,Majenang,-7.263395900126908,108.75488021829322,3301
330115,Wanareja,-7.3059167022750895,108.68166041163731,3301
330116,Dayeuhluhur,-7.229554807320868,108.6133473845262,3301
330117,Sampang,-7.580198867867959,109.2008045610825,3301
330118,Cipari,-7.405148289790973,108.77463876947762,3301
330119,Patimuan,-7.612374829575909,108.78392169466358,3301
330120,Bantarsari,-7.537129132988208,108.91405276563562,3301
330121,Cilacap selatan,-7.73377179422786,108.91516570240476,3301
330122,Cilacap tengah,-7.68989168783908,108.9908638177653,3301
330123,Cilacap utara,-7.672427291353134,109.03489394441898,3301
330124,Kampung laut,-7.670958179381979,108.87817887350919,3301
330201,Lumbir,-7.465556834608319,108.97591119209439,3302
330202,Wangon,-7.5133153500580105,109.05484484614658,3302
330203,Jatilawang,-7.545480518518208,109.11253069566015,3302
330204,Rawalo,-7.522539536100317,109.16478795002106,3302
330205,Kebasen,-7.546126762892984,109.22751275983515,3302
330206,Kemranjen,-7.591064682461812,109.30771628604374,3302
330207,Sumpiuh,-7.597421509442242,109.3675495565517,3302
330208,Tambak,-7.601082011865145,109.40964934454563,3302
330209,Somagede,-7.525731187197615,109.34476457559344,3302
330210,Kalibagor,-7.488038546610586,109.30411531721475,3302
330211,Banyumas,-7.5319935308701575,109.27308878525423,3302
330212,Patikraja,-7.476873268204251,109.21311442830876,3302
330213,Purwojati,-7.484077483756299,109.10998874937168,3302
330214,Ajibarang,-7.42511019561218,109.07259292743048,3302
330215,Gumelar,-7.389082981633459,108.99698394734921,3302
330216,Pekuncen,-7.351144065902604,109.08065468073171,3302
330217,Cilongok,-7.37091113702285,109.14849205871955,3302
330218,Karanglewas,-7.39568620062866,109.18540590307538,3302
330219,Sokaraja,-7.4505954356906825,109.29198098006603,3302
330220,Kembaran,-7.41265534084344,109.28781631504617,3302
330221,Sumbang,-7.340572873326901,109.26173391496543,3302
330222,Baturraden,-7.314359668923979,109.22528838141923,3302
330223,Kedungbanteng,-7.337139733544967,109.20015097399492,3302
330224,Purwokerto Selatan,-7.447817940456052,109.24411279421483,3302
330225,Purwokerto Barat,-7.422042720061234,109.21582332480254,3302
330226,Purwokerto Timur,-7.422782362612129,109.2503183252037,3302
330227,Purwokerto Utara,-7.402662611909515,109.23986455350372,3302
330301,Kemangkon,-7.455766017240778,109.37092899197796,3303
330302,Bukateja,-7.43537527591786,109.45028013299896,3303
330303,Kejobong,-7.401160028419358,109.48651312388847,3303
330304,Kaligondang,-7.375158327521047,109.41647465237837,3303
330305,Purbalingga,-7.397783370947323,109.37357817943447,3303
330306,Kalimanah,-7.4153741168405425,109.34298763554489,3303
330307,Kutasari,-7.329416097983655,109.29852212444777,3303
330308,Mrebet,-7.305559790119808,109.3395179435127,3303
330309,Bobotsari,-7.281513746545751,109.36677741684389,3303
330310,Karangreja,-7.239243559817636,109.3086485766328,3303
330311,Karanganyar,-7.295753228632048,109.40536606842188,3303
330312,Karangmoncol,-7.266558680318566,109.46304692698763,3303
330313,Rembang,-7.288821002412777,109.52411443169548,3303
330314,Bojongsari,-7.3116074675309255,109.30977168475262,3303
330315,Padamara,-7.379938494209787,109.32123668582148,3303
330316,Pengadegan,-7.366036663505668,109.48512274254195,3303
330317,Karangjambu,-7.213227569670073,109.40171727451978,3303
330318,Kertanegara,-7.277571234966658,109.42916097041213,3303
330401,Susukan,-7.504564509208816,109.4069502601998,3304
330402,Purworeja Klampok,-7.47775267565666,109.4501841073552,3304
330403,Mandiraja,-7.480977214014198,109.49819788862555,3304
330404,Purwanegara,-7.467816776575976,109.5697272675585,3304
330405,Bawang,-7.429816734243722,109.62758156894544,3304
330406,Banjarnegara,-7.411270170970244,109.71320879147018,3304
330407,Sigaluh,-7.42164047401024,109.78227961286001,3304
330408,Madukara,-7.36323376939631,109.73159201353626,3304
330409,Banjarmangu,-7.330124950841413,109.682714593825,3304
330410,Wanadadi,-7.369185453180831,109.6376234880422,3304
330411,Rakit,-7.4158958962373,109.54699521817943,3304
330412,Punggelan,-7.335604990426292,109.59204599624951,3304
330413,Karangkobar,-7.278428435524085,109.71222408197578,3304
330414,Pagentan,-7.307463597313939,109.79291919379499,3304
330415,Pejawaran,-7.242528081026003,109.81054952033035,3304
330416,Batur,-7.205466968814832,109.8539168815873,3304
330417,Wanayasa,-7.2374095308062785,109.75362408431927,3304
330418,Kalibening,-7.226496194805119,109.66091462017647,3304
330419,Pandanarum,-7.250954349618836,109.59158391213926,3304
330420,Pagedongan,-7.457635750565367,109.68440242347242,3304
330501,Ayah,-7.712129819913146,109.4183657892085,3305
330502,Buayan,-7.678455256396817,109.46969775712951,3305
330503,Puring,-7.73350665484187,109.52499646274899,3305
330504,Petanahan,-7.7345697255636505,109.59273611248489,3305
330505,Klirong,-7.73704107899665,109.633872406889,3305
330506,Buluspesantren,-7.754114387061408,109.67852906581962,3305
330507,Ambal,-7.767936861399516,109.73708064526849,3305
330508,Mirit,-7.785047650204243,109.79349700016519,3305
330509,Prembun,-7.703252862536218,109.79774522286351,3305
330510,Kutowinangun,-7.6991850642891295,109.74571092990965,3305
330511,Alian,-7.628914656428289,109.70763955314523,3305
330512,Kebumen,-7.682438198595986,109.6811153485986,3305
330513,Pejagoan,-7.627580287218104,109.64200691750383,3305
330514,Sruweng,-7.642801888451281,109.61142254496646,3305
330515,Adimulyo,-7.6747314176086014,109.55810087327028,3305
330516,Kuwarasan,-7.660899548058471,109.51136600393875,3305
330517,Rowokele,-7.600440372309907,109.44503558829865,3305
330518,Sempor,-7.5495188133781985,109.51101643969271,3305
330519,Gombong,-7.611484471975269,109.5207230009102,3305
330520,Karanganyar,-7.611654292147886,109.56711125678679,3305
330521,Karanggayam,-7.547618608144345,109.61628073144078,3305
330522,Sadang,-7.504551594164232,109.72593574545843,3305
330523,Bonorowo,-7.75750501953807,109.81596337469433,3305
330524,Padureso,-7.632437820905508,109.78762441351006,3305
330525,Poncowarno,-7.65796001487718,109.74897577645956,3305
330526,Karangsambung,-7.572285661804197,109.70170945422187,3305
330601,Grabag,-7.810920695432879,109.87950703481339,3306
330602,Ngombol,-7.827739005233335,109.94809187330132,3306
330603,Purwodadi,-7.834464042745058,109.99938002546854,3306
330604,Bagelen,-7.811558165396076,110.03965155332146,3306
330605,Kaligesing,-7.732378994652387,110.09376777002578,3306
330606,Purworejo,-7.723053869075011,110.03062689840044,3306
330607,Banyuurip,-7.754964958430349,109.97579905982491,3306
330608,Bayan,-7.722560215922153,109.94345400814655,3306
330609,Kutoarjo,-7.723135754106257,109.90693332818232,3306
330610,Butuh,-7.743917946186346,109.85856794480243,3306
330611,Pituruh,-7.645410317242944,109.83529479543452,3306
330612,Kemiri,-7.647296313497211,109.90460204462546,3306
330613,Bruno,-7.568536021767604,109.92154794342181,3306
330614,Gebang,-7.642203125861992,109.99245911581669,3306
330615,Loano,-7.66728022743973,110.06607144150666,3306
330616,Bener,-7.604941097080394,110.06640981556119,3306
330701,Wadaslintang,-7.548464920737284,109.80105117064139,3307
330702,Kepil,-7.511232629822122,110.01541202135395,3307
330703,Sapuran,-7.451111424301161,109.99411006451611,3307
330704,Kaliwiro,-7.473095051519959,109.83457942141925,3307
330705,Leksono,-7.400833261345161,109.85645138072763,3307
330706,Selomerto,-7.416159110888363,109.90333353359024,3307
330707,Kalikajar,-7.401448491565093,109.99464484807659,3307
330708,Kertek,-7.354460457069264,109.9795910002928,3307
330709,Wonosobo,-7.360265419187457,109.91791552487213,3307
330710,Watumalang,-7.310913255977071,109.85135896932628,3307
330711,Mojotengah,-7.3163509212047,109.90795471650902,3307
330712,Garung,-7.2838854209292725,109.9315922014265,3307
330713,Kejajar,-7.241955790782049,109.93434631864938,3307
330714,Sukoharjo,-7.376217888516914,109.80715882147538,3307
330715,Kalibawang,-7.501876255756284,109.92561925773593,3307
330801,Salaman,-7.580621730098636,110.12325875369274,3308
330802,Borobudur,-7.619637127646021,110.19548587312329,3308
330803,Ngluwar,-7.660054232152914,110.27562628310942,3308
330804,Salam,-7.622473466850952,110.2986737448993,3308
330805,Srumbung,-7.586507626914246,110.36008880070199,3308
330806,Dukun,-7.543661329106672,110.36844712532367,3308
330807,Sawangan,-7.504572067039823,110.35415238693614,3308
330808,Muntilan,-7.592557745319778,110.27085987354701,3308
330809,Mungkid,-7.56835982120701,110.24614178795981,3308
330810,Mertoyudan,-7.540020771428221,110.20890482558755,3308
330811,Tempuran,-7.536529652899689,110.15989377328793,3308
330812,Kajoran,-7.495671341469034,110.08287919104495,3308
330813,Kaliangkrik,-7.446837051876457,110.11471649437634,3308
330814,Bandongan,-7.4619593598879375,110.1811570167471,3308
330815,Candimulyo,-7.498108185666336,110.28031329725711,3308
330816,Pakis,-7.452215173685148,110.3612994986523,3308
330817,Ngablak,-7.395227689758703,110.38173705246592,3308
330818,Grabag,-7.378831615529773,110.32580099308832,3308
330819,Tegalrejo,-7.456307368814828,110.26873786913944,3308
330820,Secang,-7.4100157798516735,110.24984175855721,3308
330821,Windusari,-7.406909044159466,110.15671701042105,3308
330901,Selo,-7.498624999988474,110.45052734145438,3309
330902,Ampel,-7.464671767697778,110.56745946636036,3309
330903,Cepogo,-7.512095249436836,110.5215886364511,3309
330904,Musuk,-7.551021201180085,110.53908509407819,3309
330905,Boyolali,-7.512566376569043,110.59358640807314,3309
330906,Mojosongo,-7.544495461750875,110.61362280831908,3309
330907,Teras,-7.544421222300267,110.65385288013887,3309
330908,Sawit,-7.57532467162501,110.68889091404326,3309
330909,Banyudono,-7.538011008086851,110.69373376658838,3309
330910,Sambi,-7.479103482263221,110.68547661837285,3309
330911,Ngemplak,-7.509116303781675,110.76910547996398,3309
330912,Nogosari,-7.460562795002119,110.75689881585203,3309
330913,Simo,-7.431257141673368,110.68375036550067,3309
330914,Karanggede,-7.369630042821024,110.65741485234999,3309
330915,Klego,-7.368959933097545,110.70966012543047,3309
330916,Andong,-7.367687100189487,110.7640211990794,3309
330917,Kemusu,-7.28378825713554,110.76929450467031,3309
330918,Wonosegoro,-7.294782331165054,110.68617997935732,3309
330919,Juwangi,-7.21132574095416,110.74521544744375,3309
330920,Gladagsari,-7.445018656873762,110.49111853183848,3309
330921,Tamansari,-7.581760044976144,110.51946144332646,3309
330922,Wonosamodro,-7.272003184337739,110.64262105096353,3309
331001,Prambanan,-7.746298053324245,110.51202514298726,3310
331002,Gantiwarno,-7.7770176076551385,110.56005952223485,3310
331003,Wedi,-7.771974742002257,110.60090162744383,3310
331004,Bayat,-7.771387183001272,110.6553090549135,3310
331005,Cawas,-7.761287157633225,110.71270512669926,3310
331006,Trucuk,-7.724868093046293,110.6704054145765,3310
331007,Kebonarum,-7.697348979267394,110.56174455479594,3310
331008,Jogonalan,-7.727519561855275,110.54741887173192,3310
331009,Manisrenggo,-7.68627510264403,110.49828558537541,3310
331010,Karangnongko,-7.665530896161968,110.54164425595305,3310
331011,Ceper,-7.679258403223036,110.67110060962176,3310
331012,Pedan,-7.692324064261295,110.70887164317192,3310
331013,Karangdowo,-7.706474213445385,110.74441280798986,3310
331014,Juwiring,-7.658853055356003,110.73887377374545,3310
331015,Wonosari,-7.626383499848758,110.7431515808279,3310
331016,Delanggu,-7.627258451279206,110.69161910405481,3310
331017,Polanharjo,-7.6148895221471316,110.66332414519059,3310
331018,Karanganom,-7.6439871910796064,110.63356164199877,3310
331019,Tulung,-7.598249655210603,110.6044928982079,3310
331020,Jatinom,-7.634062700696812,110.5746500437344,3310
331021,Kemalang,-7.610055574808058,110.48816974989242,3310
331022,Ngawen,-7.671490389733306,110.60586340925607,3310
331023,Kalikotes,-7.726216594673351,110.62394363048128,3310
331024,Klaten Utara,-7.69011268177506,110.61605561755333,3310
331025,Klaten Tengah,-7.715497133068357,110.6083753116808,3310
331026,Klaten Selatan,-7.719738632533571,110.58805836899694,3310
331101,Weru,-7.784937593127825,110.75836982396142,3311
331102,Bulu,-7.767912072973871,110.82939414636425,3311
331103,Tawangsari,-7.728259766771688,110.78536087364577,3311
331104,Sukoharjo,-7.679834419130302,110.81882304628239,3311
331105,Nguter,-7.734203989093728,110.8881023868419,3311
331106,Bendosari,-7.686875547467735,110.89192506932888,3311
331107,Polokarto,-7.644132943248264,110.90166603385889,3311
331108,Mojolaban,-7.595976306803878,110.87136555941348,3311
331109,Grogol,-7.61325663355563,110.81357766109203,3311
331110,Baki,-7.608044543524227,110.77867400370128,3311
331111,Gatak,-7.589982493124147,110.74119938275284,3311
331112,Kartasura,-7.557910249876691,110.74762724911203,3311
331201,Pracimantoro,-8.07163564228607,110.81609798755592,3312
331202,Giritontro,-8.090341332857454,110.89038570985667,3312
331203,Giriwoyo,-8.03815965681957,110.94452275375173,3312
331204,Batuwarno,-7.983958618173424,111.00793018750339,3312
331205,Tirtomoyo,-7.953491187723932,111.0824028573133,3312
331206,Nguntoronadi,-7.8948200844881455,110.95879240563144,3312
331207,Baturetno,-7.9576828723761155,110.93175347521816,3312
331208,Eromoko,-7.966952027860852,110.82298016758011,3312
331209,Wuryantoro,-7.899096787667749,110.86200705806198,3312
331210,Manyaran,-7.845729958117956,110.81532315027644,3312
331211,Selogiri,-7.79269999977597,110.88340080675972,3312
331212,Wonogiri,-7.805275302465639,110.93882853560324,3312
331213,Ngadirojo,-7.828932703160914,111.00598064580201,3312
331214,Sidoharjo,-7.86401381982609,111.05840636015517,3312
331215,Jatiroto,-7.895632505091941,111.1265060639572,3312
331216,Kismantoro,-7.901944231407088,111.24301526441923,3312
331217,Purwantoro,-7.834555654101494,111.26039416346211,3312
331218,Bulukerto,-7.766787309134916,111.21815871296246,3312
331219,Slogohimo,-7.8208247928794465,111.191807839676,3312
331220,Jatisrono,-7.844901890945659,111.13373312219183,3312
331221,Jatipurno,-7.775218716869045,111.14401940148862,3312
331222,Girimarto,-7.773661436184835,111.08754621366356,3312
331223,Karangtengah,-8.029107190305371,111.06664027649974,3312
331224,Paranggupito,-8.168965669859922,110.86199285888348,3312
331225,Puhpelem,-7.767870889725763,111.2637426149145,3312
331301,Jatipuro,-7.745369036547613,111.01526121975212,3313
331302,Jatiyoso,-7.712109387432705,111.1036725880503,3313
331303,Jumapolo,-7.705834917529898,111.00294867285625,3313
331304,Jumantono,-7.659727396717012,110.992541512911,3313
331305,Matesih,-7.643199016901963,111.04469808052202,3313
331306,Tawangmangu,-7.664293845573193,111.13850232407408,3313
331307,Ngargoyoso,-7.608387472639623,111.1225453751043,3313
331308,Karangpandan,-7.616390352414857,111.06218513817042,3313
331309,Karanganyar,-7.603430783709504,110.97778112286385,3313
331310,Tasikmadu,-7.569369764692744,110.93816555353342,3313
331311,Jaten,-7.563949867586863,110.89488744228576,3313
331312,Colomadu,-7.535491850569778,110.76006719835104,3313
331313,Gondangrejo,-7.499639898667637,110.845473824005,3313
331314,Kebakkramat,-7.520482202179401,110.92359383152002,3313
331315,Mojogedang,-7.553868146729064,111.00150854485354,3313
331316,Kerjo,-7.542836915980073,111.06596899880978,3313
331317,Jenawi,-7.563362456115251,111.1377846161488,3313
331401,Kalijambe,-7.436135914300998,110.81379259609345,3314
331402,Plupuh,-7.439254383788188,110.88873703623143,3314
331403,Masaran,-7.478338386632739,110.93708716714579,3314
331404,Kedawung,-7.496933991973601,111.0267434728849,3314
331405,Sambirejo,-7.4965251157706065,111.10788758076943,3314
331406,Gondang,-7.432354094598014,111.09987997293717,3314
331407,Sambungmacan,-7.370312810593302,111.10130575680259,3314
331408,Ngrampal,-7.387098624578627,111.04907468324033,3314
331409,Karangmalang,-7.455516264820865,111.02054556000323,3314
331410,Sragen,-7.405381091020992,111.01846855527745,3314
331411,Sidoharjo,-7.422599070998574,110.96729530341443,3314
331412,Tanon,-7.382745176297744,110.91765518714578,3314
331413,Gemolong,-7.395501541710975,110.84121023147668,3314
331414,Miri,-7.336131276025357,110.81274691161563,3314
331415,Sumberlawang,-7.311500914190241,110.86402742004533,3314
331416,Mondokan,-7.318970718656369,110.92968147982651,3314
331417,Sukodono,-7.325793456991907,110.97534000488648,3314
331418,Gesi,-7.3285727666483,111.00705260059493,3314
331419,Tangen,-7.2909675640209635,111.05695262488297,3314
331420,Jenar,-7.3087762812235555,111.10989132045773,3314
331501,Kedungjati,-7.173035104320847,110.63485918807228,3315
331502,Karangrayung,-7.1494606600325445,110.76500589463437,3315
331503,Penawangan,-7.103324169748332,110.8309588261397,3315
331504,Toroh,-7.159962128790062,110.92053133822488,3315
331505,Geyer,-7.23016038357605,110.93587851696023,3315
331506,Pulokulon,-7.166251127058592,111.05091845871263,3315
331507,Kradenan,-7.176970273267961,111.12165827986276,3315
331508,Gabus,-7.1879376147424034,111.1940901820196,3315
331509,Ngaringan,-7.047164275324016,111.16721026001521,3315
331510,Wirosari,-7.040372059165999,111.0852329679078,3315
331511,Tawangharjo,-7.043906969437052,111.0101340719409,3315
331512,Grobogan,-7.01437667986029,110.9569180038834,3315
331513,Purwodadi,-7.099256621641793,110.91634818567307,3315
331514,Brati,-7.022694093581814,110.89068982961855,3315
331515,Klambu,-7.001463174595185,110.81153308258524,3315
331516,Godong,-7.051811922963859,110.75568623586435,3315
331517,Gubug,-7.065804520177763,110.67718012665942,3315
331518,Tegowanu,-7.03812086800175,110.6265078929512,3315
331519,Tanggungharjo,-7.10404714550835,110.61562060088711,3315
331601,Jati,-7.222190136917173,111.2972757442495,3316
331602,Randublatung,-7.1870841060427875,111.39276930734678,3316
331603,Kradenan,-7.282404467271472,111.43225079356114,3316
331604,Kedungtuban,-7.167603706958185,111.5010550635613,3316
331605,Cepu,-7.162759775928034,111.56650773705233,3316
331606,Sambong,-7.088914343266376,111.55954091322846,3316
331607,Jiken,-7.010838050557996,111.5464304650973,3316
331608,Jepon,-7.016403573312862,111.45974556560286,3316
331609,Blora,-6.956505433703964,111.43425413105942,3316
331610,Tunjungan,-6.9334465546828365,111.37965459696412,3316
331611,Banjarejo,-7.0487062953921535,111.37307486148421,3316
331612,Ngawen,-7.028949907082791,111.29993636683324,3316
331613,Kunduran,-7.066556311786918,111.25080722695722,3316
331614,Todanan,-6.937003652186326,111.18437077666385,3316
331615,Bogorejo,-6.925444438960464,111.52474935275379,3316
331616,Japah,-6.919638421631511,111.29282613073758,3316
331701,Sumber,-6.799596526038283,111.28453909889981,3317
331702,Bulu,-6.855895369768182,111.37745456721107,3317
331703,Gunem,-6.8420405336058945,111.47666979407143,3317
331704,Sale,-6.852839051012827,111.5647037690427,3317
331705,Sarang,-6.7722720471759885,111.63387801377952,3317
331706,Sedan,-6.757664806675868,111.5549578471686,3317
331707,Pamotan,-6.770861239811914,111.45984685121908,3317
331708,Sulang,-6.788517415814203,111.36539808598106,3317
331709,Kaliori,-6.722864466223329,111.27716518434487,3317
331710,Rembang,-6.720599110534212,111.37290568682377,3317
331711,Pancur,-6.724897458849621,111.4809285091621,3317
331712,Kragan,-6.691905968705289,111.57668748154526,3317
331713,Sluke,-6.650196123263247,111.51453017850183,3317
331714,Lasem,-6.686321579572506,111.46561410142803,3317
331801,Sukolilo,-6.936417157915116,110.89513579451645,3318
331802,Kayen,-6.9062045643652725,110.99232881954988,3318
331803,Tambakromo,-6.899872087731192,111.05055058223607,3318
331804,Winong,-6.846479242657086,111.09941079369287,3318
331805,Pucakwangi,-6.850945532551363,111.16870232936853,3318
331806,Jaken,-6.795556511465017,111.22210622649584,3318
331807,Batangan,-6.712929479804902,111.20349227140065,3318
331808,Juwana,-6.704235189902754,111.14423325003759,3318
331809,Jakenan,-6.763670513144696,111.1300125119208,3318
331810,Pati,-6.740544483782812,111.05682706825503,3318
331811,Gabus,-6.816871031557247,111.03501853355894,3318
331812,Margorejo,-6.767340035655059,110.99183543678205,3318
331813,Gembong,-6.680332967055764,110.9478505046715,3318
331814,Tlogowungu,-6.661019254863066,110.99401700797144,3318
331815,Wedarijaksa,-6.68515772836148,111.08577358659505,3318
331816,Margoyoso,-6.607963583232595,111.0580450765777,3318
331817,Gunungwungkal,-6.581640514924284,110.97574180509315,3318
331818,Cluwak,-6.529134858196239,110.94720897846649,3318
331819,Tayu,-6.541665151247557,111.04020856443545,3318
331820,Dukuhseti,-6.465419457740146,111.00851772392514,3318
331821,Trangkil,-6.649763086714597,111.07692886501441,3318
331901,Kaliwungu,-6.792783444897929,110.79449105734791,3319
331902,Kota Kudus,-6.80431889427274,110.8443472728555,3319
331903,Jati,-6.829800628389745,110.83894178147241,3319
331904,Undaan,-6.906485610765411,110.82867899776177,3319
331905,Mejobo,-6.840663298574916,110.8879422070866,3319
331906,Jekulo,-6.801341708408908,110.9346131786352,3319
331907,Bae,-6.780036773551154,110.86589904883148,3319
331908,Gebog,-6.705228694274356,110.84670038810098,3319
331909,Dawe,-6.70823715077687,110.89164715390464,3319
332001,Kedung,-6.680935112637252,110.65703881776632,3320
332002,Pecangaan,-6.695645821233018,110.70174144542568,3320
332003,Welahan,-6.765116877815817,110.70796098796573,3320
332004,Mayong,-6.702796565876313,110.7737883449389,3320
332005,Batealit,-6.63603954099813,110.77809544278416,3320
332006,Jepara,-6.576794793282473,110.67329455568203,3320
332007,Mlonggo,-6.521633910550211,110.70574703357681,3320
332008,Bangsri,-6.530675133467355,110.77373619524039,3320
332009,Keling,-6.515862974117341,110.87180256536492,3320
332010,Karimunjawa,-5.825760669411888,110.43196388346267,3320
332011,Tahunan,-6.623851945363533,110.68570978849495,3320
332012,Nalumsari,-6.724854386875637,110.80109710290635,3320
332013,Kalinyamatan,-6.723241392109919,110.71709614989105,3320
332014,Kembang,-6.499442439551762,110.80896810207393,3320
332015,Pakis Aji,-6.582453797578068,110.75755941556427,3320
332016,Donorojo,-6.443393361757775,110.91482260195956,3320
332101,Mranggen,-7.039175526429118,110.51867322474234,3321
332102,Karangawen,-7.07397258664894,110.56239741345325,3321
332103,Guntur,-6.980895232381846,110.6034483559173,3321
332104,Sayung,-6.924962373430146,110.5284535091834,3321
332105,Karangtengah,-6.920009908852733,110.57587126967938,3321
332106,Wonosalam,-6.919054617381093,110.66785631777603,3321
332107,Dempet,-6.958555213083223,110.74007435409193,3321
332108,Gajah,-6.901260553139131,110.74698283536455,3321
332109,Karanganyar,-6.8471757822402095,110.77155900136916,3321
332110,Mijen,-6.810271254385817,110.70204694395821,3321
332111,Demak,-6.872628781030152,110.655831823523,3321
332112,Bonang,-6.847404743890881,110.59105631603558,3321
332113,Wedung,-6.767559992417368,110.61732369251796,3321
332114,Kebonagung,-7.002817122891718,110.70957675819791,3321
332201,Getasan,-7.388654336087034,110.44325483672026,3322
332202,Tengaran,-7.401152507993995,110.53224725890787,3322
332203,Susukan,-7.4093710220001,110.60029278415143,3322
332204,Suruh,-7.3495155579127465,110.59016579840451,3322
332205,Pabelan,-7.304763071867408,110.54351206660628,3322
332206,Tuntang,-7.279754898632369,110.47464182425036,3322
332207,Banyubiru,-7.321118309226574,110.4122538770931,3322
332208,Jambu,-7.291855305794281,110.35096678984556,3322
332209,Sumowono,-7.225470061575995,110.29812470382217,3322
332210,Ambarawa,-7.260738800995868,110.3996629773255,3322
332211,Bawen,-7.2333921609082825,110.44646900403941,3322
332212,Bringin,-7.228181959407483,110.55108605447012,3322
332213,Bergas,-7.177180761960016,110.42685666259732,3322
332215,Pringapus,-7.170835104927405,110.50565321011369,3322
332216,Bancak,-7.25561948019264,110.59716102927129,3322
332217,Kaliwungu,-7.469687720250046,110.61799649803535,3322
332218,Ungaran Barat,-7.140621118426167,110.3803639669427,3322
332219,Ungaran Timur,-7.1223657990323455,110.4518042222651,3322
332220,Bandungan,-7.221052585483148,110.36329645719661,3322
332301,Bulu,-7.318601806209739,110.10900069882925,3323
332302,Tembarak,-7.359503092432867,110.1584415931843,3323
332303,Temanggung,-7.319704669727409,110.18148869902251,3323
332304,Pringsurat,-7.330071651435845,110.2894120916961,3323
332305,Kaloran,-7.26851314693387,110.24541175814564,3323
332306,Kandangan,-7.230387670123146,110.20252817768423,3323
332307,Kedu,-7.261801616244028,110.13647229852235,3323
332308,Parakan,-7.288970069610422,110.08888284590486,3323
332309,Ngadirejo,-7.255582179342234,110.04299788904113,3323
332310,Jumo,-7.217745710099459,110.09618958463014,3323
332311,Tretep,-7.183582296967083,109.99495871544075,3323
332312,Candiroto,-7.199605665211628,110.06196601534143,3323
332313,Kranggan,-7.331422077853525,110.23388952872085,3323
332314,Tlogomulyo,-7.346991139379257,110.12407712998318,3323
332315,Selopampang,-7.37820792105123,110.157573137243,3323
332316,Bansari,-7.287524682917409,110.04729209345282,3323
332317,Kledung,-7.329062717375236,110.04760409440307,3323
332318,Bejen,-7.1249998412081545,110.10740311653434,3323
332319,Wonoboyo,-7.211269806141088,110.00901975849473,3323
332320,Gemawang,-7.187198997652431,110.15436827451066,3323
332401,Plantungan,-7.100761304220317,109.97308547813579,3324
332402,Pageruyung,-7.032799048634172,110.03735579434363,3324
332403,Sukorejo,-7.128102856641282,110.00008324150355,3324
332404,Patean,-7.078848905917148,110.10462502906094,3324
332405,Singorojo,-7.10141440786963,110.21747498778062,3324
332406,Limbangan,-7.164988762297982,110.29044871752603,3324
332407,Boja,-7.107409411537492,110.29879713188213,3324
332408,Kaliwungu,-6.948388036324831,110.2710120023987,3324
332409,Brangsong,-6.958518447525592,110.22121679050234,3324
332410,Pegandon,-7.001848969395342,110.15921094807871,3324
332411,Gemuh,-6.996520777915978,110.11869932487805,3324
332412,Weleri,-6.982489205900209,110.0733944737873,3324
332413,Cepiring,-6.90831128785115,110.15260038258461,3324
332414,Patebon,-6.896858654994753,110.1829551802749,3324
332415,Kendal,-6.916469647471377,110.2091976085473,3324
332416,Rowosari,-6.92510266695478,110.06446895831695,3324
332417,Kangkung,-6.912172852241686,110.11681348498507,3324
332418,Ringinarum,-6.995796199105727,110.1051270809537,3324
332419,Ngampel,-6.988703987997992,110.18439849432791,3324
332420,Kaliwungu Selatan,-7.005352539756112,110.24250970663142,3324
332501,Wonotunggal,-7.024584188794968,109.75624103154917,3325
332502,Bandar,-7.061976227986331,109.79647995112236,3325
332503,Blado,-7.112938153936119,109.83344227551069,3325
332504,Reban,-7.110025209653142,109.87914136723343,3325
332505,Bawang,-7.12715618885457,109.91969173448382,3325
332506,Tersono,-7.0381521683645785,109.96619268098343,3325
332507,Gringsing,-6.956975291364366,110.00508922672724,3325
332508,Limpung,-7.021670149004537,109.92417992496588,3325
332509,Subah,-6.959953042794438,109.87394357729612,3325
332510,Tulis,-6.950423040458768,109.81152879688904,3325
332511,Batang,-6.9078444026702295,109.72922276533738,3325
332512,Warungasem,-6.950556271681126,109.70712820893881,3325
332513,Kandeman,-6.92123279851793,109.7736122942926,3325
332514,Pecalungan,-7.021431393071473,109.86140871722674,3325
332515,Banyuputih,-6.96026277267293,109.94136091337893,3325
332601,Kandangserang,-7.161286009793613,109.5325986293726,3326
332602,Paninggaran,-7.155199054153167,109.58402762787162,3326
332603,Lebakbarang,-7.133855999015383,109.65865953017175,3326
332604,Petungkriyono,-7.1521155778980985,109.73452679518375,3326
332605,Talun,-7.043808783007454,109.73224186380558,3326
332606,Doro,-7.0593804752713245,109.68649099971582,3326
332607,Karanganyar,-7.05031180336659,109.62788705933336,3326
332608,Kajen,-7.059008702857477,109.5759300333375,3326
332609,Kesesi,-7.026199969044477,109.51677734552025,3326
332610,Sragi,-6.947829984340497,109.55291060886827,3326
332611,Bojong,-6.971377269721197,109.58259970944333,3326
332612,Wonopringgo,-6.991489697621985,109.63486467137486,3326
332613,Kedungwuni,-6.965717060588523,109.65053280906734,3326
332614,Buaran,-6.9347408519946105,109.65862527330765,3326
332615,Tirto,-6.901904693233809,109.6364073784547,3326
332616,Wiradesa,-6.905974854367869,109.61266721874131,3326
332617,Siwalan,-6.889401993347954,109.58713906186762,3326
332618,Karangdadap,-6.977597359540612,109.69049704628841,3326
332619,Wonokerto,-6.8635071438374196,109.62450452321823,3326
332701,Moga,-7.12750286347708,109.24270942491557,3327
332702,Pulosari,-7.1894718835912865,109.24061645939214,3327
332703,Belik,-7.160780445649412,109.33653990472497,3327
332704,Watukumpul,-7.160235291727113,109.45650019563539,3327
332705,Bodeh,-7.032542818353488,109.47739059710258,3327
332706,Bantarbolang,-7.044973090979573,109.3957874418444,3327
332707,Randudongkal,-7.057564612436772,109.31947551514233,3327
332708,Pemalang,-6.932792881139152,109.36452033375866,3327
332709,Taman,-6.9131196166729545,109.42197092569648,3327
332710,Petarukan,-6.880067631608443,109.47186721954624,3327
332711,Ampelgading,-6.9483348189869485,109.47762110470053,3327
332712,Comal,-6.884459759828129,109.53165045412628,3327
332713,Ulujami,-6.840913766103984,109.54105409722264,3327
332714,Warungpring,-7.0813970263595065,109.26423347163514,3327
332801,Margasari,-7.098730507372621,109.01888521992937,3328
332802,Bumijawa,-7.180815637412149,109.12227428531186,3328
332803,Bojong,-7.155611867974004,109.17751102869732,3328
332804,Balapulang,-7.083964037936165,109.11104630894243,3328
332805,Pagerbarang,-7.016937628386985,109.05474890386171,3328
332806,Lebaksiu,-7.032733977430051,109.1280664276916,3328
332807,Jatinegara,-7.045500333198987,109.22818392634565,3328
332808,Kedungbanteng,-6.97816837193463,109.22585628427434,3328
332809,Pangkah,-6.988514024644866,109.16451922527717,3328
332810,Slawi,-6.987184650744208,109.13367795171222,3328
332811,Adiwerna,-6.935329774567936,109.11000445917857,3328
332812,Talang,-6.911098843541429,109.15032695332262,3328
332813,Dukuhturi,-6.901410004997438,109.10677527661176,3328
332814,Tarub,-6.92423058408295,109.18497080874228,3328
332815,Kramat,-6.880130262975853,109.1938740400532,3328
332816,Suradadi,-6.909974495706967,109.25711369972537,3328
332817,Warureja,-6.916949043237649,109.31649110477845,3328
332818,Dukuhwaru,-6.971582722327906,109.09641723048786,3328
332901,Salem,-7.160809899936041,108.79177914722214,3329
332902,Bantarkawung,-7.2211646062652814,108.91482740832569,3329
332903,Bumiayu,-7.24445738723774,108.98581128275272,3329
332904,Paguyangan,-7.2914211086755385,109.05715925882893,3329
332905,Sirampog,-7.231817232450768,109.0985682816486,3329
332906,Tonjong,-7.1748839994767595,109.01741906548082,3329
332907,Jatibarang,-6.9464574747086125,109.05213816926883,3329
332908,Wanasari,-6.876585532831917,109.00611051949798,3329
332909,Brebes,-6.846549656806424,109.05392735160315,3329
332910,Songgom,-7.004219649601343,109.0046477646101,3329
332911,Kersana,-6.9285285642167445,108.86305346991158,3329
332912,Losari,-6.875408595432612,108.81467697515441,3329
332913,Tanjung,-6.87479955077717,108.86460575650183,3329
332914,Bulakamba,-6.879421089779813,108.94689953096167,3329
332915,Larangan,-7.030085627209518,108.94640333973473,3329
332916,Ketanggungan,-7.032091980765941,108.88395856793097,3329
332917,Banjarharjo,-7.022786377566709,108.81344118859235,3329
337101,Magelang Selatan,-7.495690159629676,110.21861806169893,3371
337102,Magelang Utara,-7.454425179142923,110.22225982565047,3371
337103,Magelang Tengah,-7.479198900190738,110.21947746738654,3371
337201,Laweyan,-7.561429544158171,110.79315080101246,3372
337202,Serengan,-7.581805668637366,110.81772595744489,3372
337203,Pasar Kliwon,-7.581098108562677,110.83175224503987,3372
337204,Jebres,-7.554434984548734,110.84738520788757,3372
337205,Banjarsari,-7.546877826758753,110.81725715151282,3372
337301,Sidorejo,-7.306562267336549,110.49368415611187,3373
337302,Tingkir,-7.339620447748491,110.51956794291891,3373
337303,Argomulyo,-7.364171491042083,110.49827478324738,3373
337304,Sidomukti,-7.336434760977779,110.48488945678218,3373
337401,Semarang Tengah,-6.980291846363499,110.42077742751324,3374
337402,Semarang Utara,-6.958092626952956,110.41574980987899,3374
337403,Semarang Timur,-6.972622569632836,110.43667241190762,3374
337404,Gayamsari,-6.979072581038494,110.4464887652119,3374
337405,Genuk,-6.967050027409084,110.48041638058992,3374
337406,Pedurungan,-7.001767319716379,110.47349144553381,3374
337407,Semarang Selatan,-6.9969180550235395,110.42458279550554,3374
337408,Candisari,-7.015885349947923,110.42768294967786,3374
337409,Gajahmungkur,-7.0128351277994465,110.40563955044486,3374
337410,Tembalang,-7.049153429086996,110.46120834656226,3374
337411,Banyumanik,-7.070825478947587,110.4215201341217,3374
337412,Gunungpati,-7.065015724582416,110.3758351274423,3374
337413,Semarang Barat,-6.976381310568583,110.38265249494398,3374
337414,Mijen,-7.053304289490295,110.31692799695418,3374
337415,Ngaliyan,-7.000254489938168,110.32762424429129,3374
337416,Tugu,-6.970285036943334,110.32946820427584,3374
337501,Pekalongan Barat,-6.896379581195989,109.66009872581589,3375
337502,Pekalongan Timur,-6.894522902639628,109.6891129610039,3375
337503,Pekalongan Utara,-6.870878119282713,109.683061237297,3375
337504,Pekalongan Selatan,-6.919412760527059,109.67402259098716,3375
337601,Tegal Barat,-6.85810250461527,109.11460603092704,3376
337602,Tegal Timur,-6.864308465682767,109.14466412375633,3376
337603,Tegal Selatan,-6.886638502645485,109.12173341547502,3376
337604,Margadana,-6.874546899842365,109.09629404726593,3376
340101,Temon,-7.888895639212023,110.07196019719323,3401
340102,Wates,-7.890615524294856,110.13206745296065,3401
340103,Panjatan,-7.915962780415187,110.15692877152158,3401
340104,Galur,-7.9525191907774,110.20283091966184,3401
340105,Lendah,-7.913718315041878,110.23099067380456,3401
340106,Sentolo,-7.859855032410664,110.22022574830196,3401
340107,Pengasih,-7.830284079326769,110.15466319712007,3401
340108,Kokap,-7.830757726691454,110.09568089042534,3401
340109,Girimulyo,-7.750010396466045,110.15926389694552,3401
340110,Nanggulan,-7.7871854608445625,110.20092026888776,3401
340111,Samigaluh,-7.681493829869527,110.1693935602977,3401
340112,Kalibawang,-7.687723180857333,110.23247281638848,3401
340201,Srandakan,-7.961094045856654,110.2416045261647,3402
340202,Sanden,-7.980632222158085,110.26572933621179,3402
340203,Kretek,-7.9951078226213514,110.30583290768759,3402
340204,Pundong,-7.969072783720227,110.34201699986663,3402
340205,Bambanglipuro,-7.944397161540704,110.31287498149524,3402
340206,Pandak,-7.924351711911663,110.28762902166503,3402
340207,Pajangan,-7.870616154244499,110.28753604226586,3402
340208,Bantul,-7.8954261050041845,110.33296363998339,3402
340209,Jetis,-7.910759073665267,110.36514692583643,3402
340210,Imogiri,-7.9372914245211925,110.39766034191663,3402
340211,Dlingo,-7.920952627003953,110.45876086602986,3402
340212,Banguntapan,-7.82939357521849,110.40754602201638,3402
340213,Pleret,-7.876701361359256,110.41409418949021,3402
340214,Piyungan,-7.843193378814685,110.46276571282884,3402
340215,Sewon,-7.857506264728945,110.35702891955927,3402
340216,Kasihan,-7.828881427866199,110.3244355218998,3402
340217,Sedayu,-7.824289509386203,110.25833482288596,3402
340301,Wonosari,-7.977600725087336,110.5907709370838,3403
340302,Nglipar,-7.875684096411509,110.63309144548928,3403
340303,Playen,-7.9415429809703975,110.52215277566535,3403
340304,Patuk,-7.861286420086372,110.52490850269565,3403
340305,Paliyan,-8.014589529446754,110.52948735271866,3403
340306,Panggang,-8.032106789269356,110.44057349602477,3403
340307,Tepus,-8.121770315156368,110.6578426711878,3403
340308,Semanu,-8.031638656983555,110.65721645049136,3403
340309,Karangmojo,-7.938418768808864,110.6677831105174,3403
340310,Ponjong,-7.9711691859972325,110.7308181459954,3403
340311,Rongkop,-8.087212342115178,110.74408875030771,3403
340312,Semin,-7.862180356989138,110.74262446108068,3403
340313,Ngawen,-7.83113282013138,110.69138488365148,3403
340314,Gedangsari,-7.828707032142989,110.5949392179404,3403
340315,Saptosari,-8.078832908751945,110.51145078735232,3403
340316,Girisubo,-8.166430845295794,110.75907338986794,3403
340317,Tanjungsari,-8.092000410840065,110.59089987174087,3403
340318,Purwosari,-8.024431044620156,110.3766990125754,3403
340401,Gamping,-7.790316418954764,110.32020368650912,3404
340402,Godean,-7.768057580220639,110.29568421739609,3404
340403,Moyudan,-7.777419877880338,110.24783059640122,3404
340404,Minggir,-7.731786278090584,110.24841251935842,3404
340405,Seyegan,-7.726521888310193,110.30028869065919,3404
340406,Mlati,-7.739391242269725,110.34587950501745,3404
340407,Depok,-7.766896527885662,110.41075482459014,3404
340408,Berbah,-7.807384790863873,110.4504539057439,3404
340409,Prambanan,-7.797198667940567,110.50493756575406,3404
340410,Kalasan,-7.746653966392916,110.4641217930921,3404
340411,Ngemplak,-7.706860535407649,110.44355872478914,3404
340412,Ngaglik,-7.7118557696844565,110.39923130245162,3404
340413,Sleman,-7.693776338229793,110.34899376460888,3404
340414,Tempel,-7.665681904889085,110.3179664820878,3404
340415,Turi,-7.628473124195894,110.38172493523673,3404
340416,Pakem,-7.62812173689757,110.41542247352041,3404
340417,Cangkringan,-7.627229842771238,110.44985790988437,3404
347101,Tegalrejo,-7.778655573141476,110.3569349937438,3471
347102,Jetis,-7.78284844635095,110.36413809070793,3471
347103,Gondokusuman,-7.786121843091508,110.38135105951328,3471
347104,Danurejan,-7.7931859985373615,110.3721830138383,3471
347105,Gedongtengen,-7.792037003873532,110.36109704829887,3471
347106,Ngampilan,-7.800732252404164,110.35781981259629,3471
347107,Wirobrajan,-7.803393177948915,110.35042992858618,3471
347108,Mantrijeron,-7.8189367410480015,110.35909866257825,3471
347109,Kraton,-7.808989764458782,110.36283118629741,3471
347110,Gondomanan,-7.801682411236859,110.36717440167278,3471
347111,Pakualaman,-7.799972520873065,110.37546155544233,3471
347112,Mergangsan,-7.813726804479111,110.3737904310483,3471
347113,Umbulharjo,-7.813820712565175,110.38712367125586,3471
347114,Kotagede,-7.818640127069969,110.39878839966228,3471
350101,Donorojo,-8.140493062503138,110.94607222653477,3501
350102,Pringkuku,-8.189730316159443,111.03186050172975,3501
350103,Punung,-8.117269200158592,111.03264212834755,3501
350104,Pacitan,-8.185317854730892,111.10622486750704,3501
350105,Kebonagung,-8.220688231199025,111.17385423769892,3501
350106,Arjosari,-8.09612953275465,111.1581373912085,3501
350107,Nawangan,-7.988213110418344,111.18040864543819,3501
350108,Bandar,-7.995425612269807,111.26135946220474,3501
350109,Tegalombo,-8.05769765693228,111.29848631148135,3501
350110,Tulakan,-8.163685615880572,111.26907386732373,3501
350111,Ngadirojo,-8.200693019380521,111.32504574234427,3501
350112,Sudimoro,-8.223345752459172,111.37563525967568,3501
350201,Slahung,-8.025179851592025,111.39847011288883,3502
350202,Ngrayun,-8.10815922308474,111.44093896531588,3502
350203,Bungkal,-8.016836434617842,111.46419457203545,3502
350204,Sambit,-8.002446930488512,111.51512985427917,3502
350205,Sawoo,-7.981588297592911,111.58532741340734,3502
350206,Sooko,-7.919924961334677,111.6553542463841,3502
350207,Pulung,-7.863596025223278,111.63742325251403,3502
350208,Mlarak,-7.918748786801525,111.5239301254059,3502
350209,Jetis,-7.942291744074626,111.4785345879701,3502
350210,Siman,-7.888107417536487,111.51014475185147,3502
350211,Balong,-7.955356495309794,111.40143896317448,3502
350212,Kauman,-7.885517606570295,111.41450966714665,3502
350213,Badegan,-7.896618862622148,111.32055228282556,3502
350214,Sampung,-7.823584708547471,111.35051940629735,3502
350215,Sukorejo,-7.8263784450196665,111.4229292762539,3502
350216,Babadan,-7.816042874969022,111.47696600771663,3502
350217,Ponorogo,-7.866301048634479,111.4657654815228,3502
350218,Jenangan,-7.832511828966561,111.54817087264864,3502
350219,Ngebel,-7.802957623413581,111.64571248872217,3502
350220,Jambon,-7.920824424399165,111.37327024269769,3502
350221,Pudak,-7.859225737867538,111.7352476158607,3502
350301,Panggul,-8.23014160090684,111.4567862472301,3503
350302,Munjungan,-8.2964776689288,111.57805483832571,3503
350303,Pule,-8.116901314263604,111.53912118279545,3503
350304,Dongko,-8.203260068010742,111.56514754978603,3503
350305,Tugu,-8.031900536345256,111.63597949118078,3503
350306,Karangan,-8.079609596089153,111.67187605972642,3503
350307,Kampak,-8.201136700255667,111.65131556690334,3503
350308,Watulimo,-8.273959154566658,111.7026509697339,3503
350309,Bendungan,-7.948721709710068,111.71085552384542,3503
350310,Gandusari,-8.133184438899491,111.7114392468937,3503
350311,Trenggalek,-8.032912148728338,111.72200959038493,3503
350312,Pogalan,-8.084611545763018,111.75347851991924,3503
350313,Durenan,-8.098729633166885,111.8021398172417,3503
350314,Suruh,-8.115171954672201,111.61941673247254,3503
350401,Tulungagung,-8.067223088511653,111.90045497826944,3504
350402,Boyolangu,-8.104516539181056,111.89917956385774,3504
350403,Kedungwaru,-8.045360921391826,111.92373504731368,3504
350404,Ngantru,-8.011597963365357,111.948387773548,3504
350405,Kauman,-8.037668058785524,111.85869797024608,3504
350406,Pagerwojo,-7.9774014112369445,111.78526402019497,3504
350407,Sendang,-7.92811873206433,111.83045110786837,3504
350408,Karangrejo,-7.994158552842201,111.8917601649569,3504
350409,Gondang,-8.070740645890876,111.83323723473805,3504
350410,Sumbergempol,-8.101341036042037,111.95398314815304,3504
350411,Ngunut,-8.116158349771595,111.99802731027569,3504
350412,Pucanglaban,-8.241622276308636,112.00152587542914,3504
350413,Rejotangan,-8.144566396883954,112.06412823649863,3504
350414,Kalidawir,-8.198768964705096,111.9482344180033,3504
350415,Besuki,-8.23122118961171,111.77936930813412,3504
350416,Campurdarat,-8.16627569281913,111.8625206515052,3504
350417,Bandung,-8.166321673616405,111.76273010815746,3504
350418,Pakel,-8.151879773748318,111.82993139609823,3504
350419,Tanggunggunung,-8.233967212976074,111.88363267270698,3504
350501,Wonodadi,-8.053123605335253,112.00521106760273,3505
350502,Udanawu,-8.014179480836207,112.03220503608638,3505
350503,Srengat,-8.08345855691922,112.07020547160174,3505
350504,Kademangan,-8.187350489282531,112.10866789878395,3505
350505,Bakung,-8.27188628829885,112.07463946832567,3505
350506,Ponggok,-8.021016663050496,112.1201197253401,3505
350507,Sanankulon,-8.089038559535213,112.14185763000327,3505
350508,Wonotirto,-8.263817682817129,112.17588160519907,3505
350509,Nglegok,-7.997870108986323,112.22058203257296,3505
350510,Kanigoro,-8.124329597302015,112.20793717139885,3505
350511,Garum,-8.04120898413333,112.24336742047356,3505
350512,Sutojayan,-8.17506791383302,112.22827920289966,3505
350513,Panggungrejo,-8.26782632025323,112.26412007620104,3505
350514,Talun,-8.099391071186867,112.27383674544231,3505
350515,Gandusari,-7.996419596870171,112.32969324902066,3505
350516,Binangun,-8.207394472956606,112.33533283527399,3505
350517,Wlingi,-8.021195392162292,112.38051710004218,3505
350518,Doko,-8.041248486903203,112.40521600321695,3505
350519,Kesamben,-8.12666103393656,112.38093939707979,3505
350520,Wates,-8.289984758412526,112.34380663299862,3505
350521,Selorejo,-8.096259913133371,112.43673968221667,3505
350522,Selopuro,-8.137886875548174,112.31142460207799,3505
350601,Semen,-7.837448414250565,111.90097215987716,3506
350602,Mojo,-7.896491711466984,111.90616870544375,3506
350603,Kras,-7.963647125536527,111.97820666670357,3506
350604,Ngadiluwih,-7.896791664029217,111.9967902035129,3506
350605,Kandat,-7.91957539063431,112.04346312204213,3506
350606,Wates,-7.903742322343252,112.10196757069514,3506
350607,Ngancar,-7.941387822570551,112.18507902151863,3506
350608,Puncu,-7.850303942594638,112.24150795848111,3506
350609,Plosoklaten,-7.872199497669468,112.18415724469786,3506
350610,Gurah,-7.81770290449209,112.11041388360273,3506
350611,Pagu,-7.778336851772703,112.08170274258359,3506
350612,Gampengrejo,-7.7642354130887545,112.03297871243149,3506
350613,Grogol,-7.758214235602301,111.93692350446862,3506
350614,Papar,-7.705336528637889,112.08924681003204,3506
350615,Purwoasri,-7.637608745021513,112.1265097441232,3506
350616,Plemahan,-7.7052992782382885,112.1535817732835,3506
350617,Pare,-7.778312147100677,112.17280982853916,3506
350618,Kepung,-7.825572626179692,112.27993271526822,3506
350619,Kandangan,-7.752208785533778,112.30159961652764,3506
350620,Tarokan,-7.727006362061128,111.93834665938036,3506
350621,Kunjang,-7.662441970705207,112.17894685411889,3506
350622,Banyakan,-7.790622773369081,111.92430005012287,3506
350623,Ringinrejo,-7.975445395904097,112.04928223679262,3506
350624,Kayen Kidul,-7.7436264906465135,112.10212593788621,3506
350625,Ngasem,-7.802692138675843,112.04799255504689,3506
350626,Badas,-7.726147405621768,112.2101578525132,3506
350701,Donomulyo,-8.32490966946519,112.43080786953216,3507
350702,Pagak,-8.246673669390137,112.51884237676589,3507
350703,Bantur,-8.315004222531392,112.55290462503952,3507
350704,Sumbermanjing Wetan,-8.341053324675027,112.71528323439526,3507
350705,Dampit,-8.242175360629476,112.7688869408251,3507
350706,Ampelgading,-8.23150910252576,112.89169896808927,3507
350707,Poncokusumo,-8.04285179328827,112.84124684254105,3507
350708,Wajak,-8.121296338007,112.76946968162761,3507
350709,Turen,-8.177770006199077,112.69237233143811,3507
350710,Gondanglegi,-8.15778008796314,112.6345379638905,3507
350711,Kalipare,-8.212269184697918,112.43768611733663,3507
350712,Sumberpucung,-8.165208599359778,112.49354520538999,3507
350713,Kepanjen,-8.133106426026988,112.57162745800268,3507
350714,Bululawang,-8.101595443486517,112.65169091969895,3507
350715,Tajinan,-8.059676513619914,112.68136360172903,3507
350716,Tumpang,-8.011045460340199,112.75933131024622,3507
350717,Jabung,-7.946953941474477,112.79033993110271,3507
350718,Pakis,-7.960902592108056,112.70508770423281,3507
350719,Pakisaji,-8.056484268249697,112.59707310075922,3507
350720,Ngajum,-8.052197717824873,112.53202811535067,3507
350721,Wagir,-7.999978075067083,112.55865908841723,3507
350722,Dau,-7.947749478564544,112.53671747493851,3507
350723,Karangploso,-7.862121503303951,112.59513369894218,3507
350724,Singosari,-7.865482754466326,112.6568235778745,3507
350725,Lawang,-7.844399807090176,112.70261519936793,3507
350726,Pujon,-7.839350132986992,112.44802845217227,3507
350727,Ngantang,-7.892718173212576,112.37525696124368,3507
350728,Kasembon,-7.8061812828079455,112.33737730078667,3507
350729,Gedangan,-8.343083718872993,112.62206611990543,3507
350730,Tirtoyudo,-8.288068033338481,112.84638088159072,3507
350731,Kromengan,-8.122814131446633,112.49099280689674,3507
350732,Wonosari,-8.065990968085034,112.49382112326633,3507
350733,Pagelaran,-8.198761621829734,112.60421033653505,3507
350801,Tempursari,-8.285531116628185,112.97496146376439,3508
350802,Pronojiwo,-8.188286062027528,112.95801341319061,3508
350803,Candipuro,-8.17436674283615,113.05174600351096,3508
350804,Pasirian,-8.245167639863222,113.10293055929212,3508
350805,Tempeh,-8.213982950522919,113.17851624041893,3508
350806,Kunir,-8.223247679565533,113.22989522337006,3508
350807,Yosowilangun,-8.255780225739795,113.28275802788573,3508
350808,Rowokangkung,-8.178320876464097,113.31981945439873,3508
350809,Tekung,-8.1778074984047,113.258495195214,3508
350810,Lumajang,-8.134329478696563,113.23503335562093,3508
350811,Pasrujambe,-8.091373449853513,113.00467962063014,3508
350812,Senduro,-8.036715515022358,113.03777086298832,3508
350813,Gucialit,-8.024593585125604,113.13904124148694,3508
350814,Padang,-8.0929244489433,113.17539821083477,3508
350815,Sukodono,-8.105898365820797,113.23624568622866,3508
350816,Kedungjajang,-8.039607252925915,113.22466235938658,3508
350817,Jatiroto,-8.12827001419911,113.33138746014907,3508
350818,Randuagung,-8.057496933508634,113.31693549132972,3508
350819,Klakah,-7.997973105943805,113.2571038162858,3508
350820,Ranuyoso,-7.9483080490499685,113.26271969259291,3508
350821,Sumbersuko,-8.152161860434378,113.18586275631061,3508
350901,Jombang,-8.221481773824125,113.35899125673374,3509
350902,Kencong,-8.286539106982383,113.35733516997034,3509
350903,Sumberbaru,-8.0795728069365,113.40632329583717,3509
350904,Gumukmas,-8.327597310875163,113.40442086642591,3509
350905,Umbulsari,-8.240996561470627,113.43947411431441,3509
350906,Tanggul,-8.096041949934591,113.49842616064386,3509
350907,Semboro,-8.18141282937598,113.43606326264808,3509
350908,Puger,-8.403606865769516,113.40328617680349,3509
350909,Bangsalsari,-8.14847542054655,113.55188063055682,3509
350910,Balung,-8.270776777392141,113.52816643931523,3509
350911,Wuluhan,-8.358748311016372,113.54095656723587,3509
350912,Ambulu,-8.381158481476202,113.6114633701732,3509
350913,Rambipuji,-8.231523902811798,113.59730390855123,3509
350914,Panti,-8.069450460924125,113.62276875515438,3509
350915,Sukorambi,-8.119175594208114,113.66097372241607,3509
350916,Jenggawah,-8.291073465776456,113.64593342247531,3509
350917,Ajung,-8.2359982032046,113.65531682014337,3509
350918,Tempurejo,-8.415378603701404,113.76491833098662,3509
350919,Kaliwates,-8.184894971212033,113.6769001659529,3509
350920,Patrang,-8.135556668426734,113.69894122292351,3509
350921,Sumbersari,-8.177960823013551,113.72803084238318,3509
350922,Arjasa,-8.101717102621928,113.73154805755858,3509
350923,Mumbulsari,-8.258615811668273,113.74117254005824,3509
350924,Pakusari,-8.156923523954747,113.76919439547741,3509
350925,Jelbuk,-8.053508311781144,113.724027087747,3509
350926,Mayang,-8.203587696062105,113.80141112607292,3509
350927,Kalisat,-8.122423911151172,113.80665733349748,3509
350928,Ledokombo,-8.140864139477273,113.91548285578477,3509
350929,Sukowono,-8.06679419519003,113.83271592012522,3509
350930,Silo,-8.266900553234953,113.86944352115685,3509
350931,Sumberjambe,-8.078248201439294,113.93456739020442,3509
351001,Pesanggaran,-8.519741507521363,113.9719259839289,3510
351002,Bangorejo,-8.536630678127858,114.1752492506011,3510
351003,Purwoharjo,-8.535070445175341,114.24091182729829,3510
351004,Tegaldlimo,-8.648143103148644,114.42710015208834,3510
351005,Muncar,-8.447964751550451,114.32172953082106,3510
351006,Cluring,-8.435849437138122,114.2347280209113,3510
351007,Gambiran,-8.41206890009517,114.16725580574064,3510
351008,Srono,-8.378942008041237,114.26145600317474,3510
351009,Genteng,-8.34773399381257,114.14843270673404,3510
351010,Glenmore,-8.314350353017769,114.04835007310092,3510
351011,Kalibaru,-8.26961637092382,113.98077638570486,3510
351012,Singojuruh,-8.304372298249026,114.2313797732427,3510
351013,Rogojampi,-8.324921482842441,114.28929930241631,3510
351014,Kabat,-8.26575415724757,114.30435067652614,3510
351015,Glagah,-8.194321436873453,114.29990699637243,3510
351016,Banyuwangi,-8.228372443269812,114.3676838494936,3510
351017,Giri,-8.19190565082003,114.33412590814387,3510
351018,Wongsorejo,-7.9891630000279825,114.33294975211955,3510
351019,Songgon,-8.185459389753035,114.15648409108493,3510
351020,Sempu,-8.282250638116261,114.15171684070312,3510
351021,Kalipuro,-8.11591600225662,114.33369637644378,3510
351022,Siliragung,-8.512120928637126,114.09725185953131,3510
351023,Tegalsari,-8.423764085253579,114.12583586478354,3510
351024,Licin,-8.15871641005214,114.23653058230326,3510
351025,Blimbingsari,-8.3309705105877,114.33617008014654,3510
351101,Maesan,-8.01810482621235,113.74875149189138,3511
351102,Tamanan,-8.019918744593364,113.82960025928368,3511
351103,Tlogosari,-8.02980186046956,113.97395401731703,3511
351104,Sukosari,-7.941258494682826,113.95416063001086,3511
351105,Pujer,-7.982548348753559,113.888819606471,3511
351106,Grujugan,-7.976768693810761,113.7526795903544,3511
351107,Curahdami,-7.931137824906237,113.77337052217196,3511
351108,Tenggarang,-7.935117817852223,113.84981848393035,3511
351109,Wonosari,-7.916969468043909,113.89824954381257,3511
351110,Tapen,-7.885151109677895,113.93714899982729,3511
351111,Bondowoso,-7.928650014967159,113.81891812682804,3511
351112,Wringin,-7.828690256517449,113.7739158884366,3511
351113,Tegalampel,-7.872931964333572,113.821635715134,3511
351114,Klabang,-7.82806155002941,113.92050716066775,3511
351115,Cermee,-7.848661565351564,114.06870888077478,3511
351116,Prajekan,-7.811378800713305,113.9967559912537,3511
351117,Pakem,-7.90940281880004,113.70178899264975,3511
351118,Sumberwringin,-8.005635742495974,114.03135889784414,3511
351119,Sempol,-8.04793677433023,114.16251412251279,3511
351120,Binakal,-7.911263423464745,113.74008435231781,3511
351121,Taman Krocok,-7.851585111877824,113.86792970870948,3511
351122,Botolinggo,-7.911664853328775,114.03924798932727,3511
351123,Jambesari Darus Sholah,-7.989553352238428,113.85217002816073,3511
351201,Jatibanteng,-7.823691684754555,113.6520053610468,3512
351202,Besuki,-7.753810333082042,113.70253311986386,3512
351203,Suboh,-7.765703480093503,113.73124399474345,3512
351204,Mlandingan,-7.778232450718476,113.79176617575757,3512
351205,Kendit,-7.746006200641146,113.90530157501487,3512
351206,Panarukan,-7.696790133979703,113.97406688470863,3512
351207,Situbondo,-7.72132412237996,113.99631983640326,3512
351208,Panji,-7.715435876774477,114.03335805864629,3512
351209,Mangaran,-7.642066891953304,114.04089778180398,3512
351210,Kapongan,-7.711798976073754,114.07713491955856,3512
351211,Arjasa,-7.844638445921387,114.12734611036946,3512
351212,Jangkar,-7.772793663372335,114.16949523588325,3512
351213,Asembagus,-7.858712813676072,114.21386591664786,3512
351214,Banyuputih,-7.833301445747383,114.34683048074362,3512
351215,Sumbermalang,-7.882371958354599,113.67610220628903,3512
351216,Banyuglugur,-7.752554791151679,113.62652423618971,3512
351217,Bungatan,-7.7355962060428585,113.8289610502019,3512
351301,Sukapura,-7.921575711951807,113.01049027361273,3513
351302,Sumber,-7.955539971323127,113.08866534161423,3513
351303,Kuripan,-7.901805430616723,113.13807628531077,3513
351304,Bantaran,-7.870005275896759,113.18976968255791,3513
351305,Leces,-7.861555402061008,113.22911021769177,3513
351306,Banyuanyar,-7.859999904628827,113.30879526765086,3513
351307,Tiris,-7.951295232506888,113.38187725377489,3513
351308,Krucil,-7.9411453567089,113.50721482931856,3513
351309,Gading,-7.869096625175808,113.49794965723959,3513
351310,Pakuniran,-7.823429562097289,113.5520331868346,3513
351311,Kotaanyar,-7.764089919496592,113.55568290688304,3513
351312,Paiton,-7.7270569470336365,113.51665607666382,3513
351313,Besuk,-7.7893152762376845,113.47777130712143,3513
351314,Kraksaan,-7.756550410606038,113.42841074174723,3513
351315,Krejengan,-7.800588000485119,113.41635084360782,3513
351316,Pajarakan,-7.774924859789254,113.37258469548584,3513
351317,Maron,-7.842032482817975,113.36005546174265,3513
351318,Gending,-7.795145779874493,113.31312961772457,3513
351319,Dringu,-7.787909689214531,113.255761934557,3513
351320,Tegalsiwalan,-7.866134620884201,113.26638545763086,3513
351321,Sumberasih,-7.765991402756209,113.15765489448553,3513
351322,Wonomerto,-7.828487866207368,113.15045819341749,3513
351323,Tongas,-7.761350193473975,113.0934314466527,3513
351324,Lumbang,-7.845837843001004,113.05761192951462,3513
351401,Purwodadi,-7.813785017138091,112.7355967206333,3514
351402,Tutur,-7.8845751859489805,112.82497642321052,3514
351403,Puspo,-7.851646360311345,112.88639215690148,3514
351404,Lumbang,-7.819101675798793,112.98540437373146,3514
351405,Pasrepan,-7.791462505960846,112.87266000089993,3514
351406,Kejayan,-7.739545240098218,112.84354797825894,3514
351407,Wonorejo,-7.714963372364347,112.7893926883849,3514
351408,Purwosari,-7.76279960535315,112.70822831728168,3514
351409,Sukorejo,-7.693117539800541,112.7306298947692,3514
351410,Prigen,-7.706744587327374,112.6409136645513,3514
351411,Pandaan,-7.6496183926689385,112.7076293611741,3514
351412,Gempol,-7.594183240898128,112.68128534506876,3514
351413,Beji,-7.598278603558789,112.7433687754252,3514
351414,Bangil,-7.585805329437672,112.81262411714525,3514
351415,Rembang,-7.645414474820514,112.79633144673747,3514
351416,Kraton,-7.642734034879932,112.85275101175468,3514
351417,Pohjentrek,-7.663466110888654,112.87119772719502,3514
351418,Gondangwetan,-7.7086272394529445,112.9116820916076,3514
351419,Winongan,-7.749108760333139,112.94477221243105,3514
351420,Grati,-7.738178334916317,113.00263854417364,3514
351421,Nguling,-7.718693336535667,113.05345223620841,3514
351422,Lekok,-7.675218069513531,113.0085243151678,3514
351423,Rejoso,-7.679193162318712,112.95046362537904,3514
351424,Tosari,-7.899746820874071,112.90424426393196,3514
351501,Tarik,-7.447624071737489,112.51567704125571,3515
351502,Prambon,-7.464539782803279,112.58493661606964,3515
351503,Krembung,-7.515949368971505,112.63862035314806,3515
351504,Porong,-7.5285842775357255,112.70795341819127,3515
351505,Jabon,-7.544977997018423,112.79744713093369,3515
351506,Tanggulangin,-7.50706939556233,112.72229302114923,3515
351507,Candi,-7.483475495113345,112.72976833694545,3515
351508,Sidoarjo,-7.465154853155933,112.74817806859316,3515
351509,Tulangan,-7.475189627226153,112.64455394338832,3515
351510,Wonoayu,-7.429369135411879,112.63036087267625,3515
351511,Krian,-7.399738166082763,112.59555974643983,3515
351512,Balongbendo,-7.418357590247852,112.52807005264262,3515
351513,Taman,-7.365966859754482,112.67317812209913,3515
351514,Sukodono,-7.398893276944056,112.67354698751079,3515
351515,Buduran,-7.435368930877583,112.75578404016711,3515
351516,Gedangan,-7.391469196084025,112.72973624640375,3515
351517,Sedati,-7.4043040895224905,112.80397257981583,3515
351518,Waru,-7.354386376507916,112.76645679148359,3515
351601,Jatirejo,-7.650139203231221,112.43090631861483,3516
351602,Gondang,-7.6757851153187335,112.48220121321751,3516
351603,Pacet,-7.672743087976735,112.54297448962471,3516
351604,Trawas,-7.643078367722235,112.59393528807904,3516
351605,Ngoro,-7.566278723610119,112.61915838189361,3516
351606,Pungging,-7.536588606535374,112.57167637714252,3516
351607,Kutorejo,-7.56303464595264,112.5210871161413,3516
351608,Mojosari,-7.504961859904525,112.54300324262326,3516
351609,Dlanggu,-7.5706135294253665,112.47701334987438,3516
351610,Bangsal,-7.50611214057012,112.49951194003378,3516
351611,Puri,-7.529475260460661,112.44578760719234,3516
351612,Trowulan,-7.551946369767618,112.38993115726878,3516
351613,Sooko,-7.501326185612653,112.41063385249097,3516
351614,Gedeg,-7.4432628330834385,112.40075065485773,3516
351615,Kemlagi,-7.400423016423094,112.36840946050485,3516
351616,Jetis,-7.40440183856233,112.44542527488403,3516
351617,Dawarblandong,-7.343434828605194,112.42101496936597,3516
351618,Mojoanyar,-7.47503774486443,112.48103905160643,3516
351701,Perak,-7.570924352751144,112.17242719673398,3517
351702,Gudo,-7.626465618269935,112.1997557900585,3517
351703,Ngoro,-7.678782202543635,112.25141381632571,3517
351704,Bareng,-7.690137095765356,112.31419705353177,3517
351705,Wonosalam,-7.713265173148637,112.3892634381457,3517
351706,Mojoagung,-7.582454483216303,112.35511465977216,3517
351707,Mojowarno,-7.620364397833406,112.31216637480696,3517
351708,Diwek,-7.599159867040039,112.23498325727678,3517
351709,Jombang,-7.536991000913017,112.22122771804999,3517
351710,Peterongan,-7.514637063395189,112.27601664058339,3517
351711,Sumobito,-7.5221420536451395,112.32864674206442,3517
351712,Kesamben,-7.469291750774435,112.32866178845639,3517
351713,Tembelang,-7.478702838864074,112.2499649475243,3517
351714,Ploso,-7.439170182444384,112.2355258079371,3517
351715,Plandaan,-7.432040966707531,112.13494359401435,3517
351716,Kabuh,-7.387780514089907,112.20875225416962,3517
351717,Kudu,-7.413690281347154,112.29638169110943,3517
351718,Bandarkedungmulyo,-7.56715032243835,112.1399256289747,3517
351719,Jogoroto,-7.572344336692413,112.27849646930589,3517
351720,Megaluh,-7.499700015635117,112.19168697815397,3517
351721,Ngusikan,-7.389899618581903,112.31955663538693,3517
351801,Sawahan,-7.747061458183578,111.7732302698297,3518
351802,Ngetos,-7.7456229341884,111.82855117376407,3518
351803,Berbek,-7.6514041822310555,111.84329020508548,3518
351804,Loceret,-7.698757421738694,111.88438364401365,3518
351805,Pace,-7.684035966087218,111.92366370750568,3518
351806,Prambon,-7.703673870316933,112.00865859558239,3518
351807,Ngronggot,-7.675218572280891,112.05502183705339,3518
351808,Kertosono,-7.609993653770618,112.08934428324962,3518
351809,Patianrowo,-7.548564151934384,112.09958989455089,3518
351810,Baron,-7.584969922707979,112.05144924151371,3518
351811,Tanjunganom,-7.6297209223583256,111.99893560836063,3518
351812,Sukomoro,-7.596909403584088,111.94837638203141,3518
351813,Nganjuk,-7.595085234177046,111.90616163647243,3518
351814,Bagor,-7.585223106894354,111.8499211660546,3518
351815,Wilangan,-7.602466696205264,111.80708672239875,3518
351816,Rejoso,-7.496081842960772,111.89026630807702,3518
351817,Gondang,-7.526490796246463,111.99369499494698,3518
351818,Ngluyu,-7.4408332196097895,111.99096637356861,3518
351819,Lengkong,-7.482602950860191,112.06330860700228,3518
351820,Jatikalen,-7.490048655787262,112.12620984355112,3518
351901,Kebonsari,-7.7440540251404775,111.4847961117012,3519
351902,Dolopo,-7.777610759560234,111.54432170514504,3519
351903,Geger,-7.707518974060841,111.52789896252496,3519
351904,Dagangan,-7.729366715507365,111.59163726124362,3519
351905,Kare,-7.722205007288342,111.68149646169621,3519
351906,Gemarang,-7.637815162352967,111.7412008201156,3519
351907,Wungu,-7.654603587712479,111.59474515961841,3519
351908,Madiun,-7.592229770027083,111.57582708835838,3519
351909,Jiwan,-7.613006272841708,111.48864876849883,3519
351910,Balerejo,-7.539158382346384,111.59497261613306,3519
351911,Mejayan,-7.584441788952311,111.6786917122045,3519
351912,Saradan,-7.516437070413055,111.75525163524276,3519
351913,Pilangkenceng,-7.4745797777317335,111.66206473375526,3519
351914,Sawahan,-7.566852474835821,111.52211946568976,3519
351915,Wonoasri,-7.589453728260254,111.63354549583595,3519
352001,Poncol,-7.720425685604692,111.25032288929357,3520
352002,Parang,-7.750579933044954,111.3315542028049,3520
352003,Lembeyan,-7.752485025852597,111.4057507699579,3520
352004,Takeran,-7.67854165254399,111.47693220304278,3520
352005,Kawedanan,-7.6940529168001985,111.40705313527195,3520
352006,Magetan,-7.648204268606301,111.33295422553397,3520
352007,Plaosan,-7.677375022026421,111.23645460368769,3520
352008,Panekan,-7.616745403903176,111.28340793128355,3520
352009,Sukomoro,-7.625887820716519,111.37674105482938,3520
352010,Bendo,-7.6437141928234835,111.43301763705013,3520
352011,Maospati,-7.597563313337322,111.44435043077611,3520
352012,Barat,-7.555430410897555,111.46149435622982,3520
352013,Karangrejo,-7.5586455423936405,111.42103095450216,3520
352014,Karas,-7.575649137697791,111.37825914021558,3520
352015,Kartoharjo,-7.530969871708385,111.47712982371908,3520
352016,Ngariboyo,-7.686836465434482,111.33653521465713,3520
352017,Nguntoronadi,-7.710538291339372,111.44951590746624,3520
352018,Sidorejo,-7.649843883187818,111.26093132049301,3520
352101,Sine,-7.511604120545233,111.16955949261818,3521
352102,Ngrambe,-7.504344590120286,111.21732057346618,3521
352103,Jogorogo,-7.543684934446197,111.25089975381168,3521
352104,Kendal,-7.560029962832868,111.29917083222335,3521
352105,Geneng,-7.479946588459398,111.4382176575379,3521
352106,Kwadungan,-7.513272539953837,111.51110297897722,3521
352107,Karangjati,-7.449724088290353,111.60848052520551,3521
352108,Padas,-7.448564454378802,111.52796382247982,3521
352109,Ngawi,-7.414035858303917,111.45353062529645,3521
352110,Paron,-7.462681417234598,111.36789310632221,3521
352111,Kedunggalar,-7.425234981433042,111.30989588442095,3521
352112,Widodaren,-7.409209870755117,111.23319281591257,3521
352113,Mantingan,-7.390695519842091,111.15945038127238,3521
352114,Pangkur,-7.498044908630613,111.53976365533968,3521
352115,Bringin,-7.402090281161341,111.5848654067988,3521
352116,Pitu,-7.35848103854321,111.36401535193899,3521
352117,Karanganyar,-7.3105169549172855,111.21691466292685,3521
352118,Gerih,-7.5326905350064495,111.3853363197532,3521
352119,Kasreman,-7.395750984770444,111.51566486384006,3521
352201,Ngraho,-7.2560709690668785,111.5404663397768,3522
352202,Tambakrejo,-7.297783704862162,111.63001835599623,3522
352203,Ngambon,-7.329180730477099,111.7165185818495,3522
352204,Ngasem,-7.249401653529489,111.76117016566178,3522
352205,Bubulan,-7.323523038107309,111.8298960245514,3522
352206,Dander,-7.232899131791983,111.84406449231047,3522
352207,Sugihwaras,-7.331752584952664,111.96813401213129,3522
352208,Kedungadem,-7.320078385997651,112.03624590354242,3522
352209,Kepohbaru,-7.19062405244311,112.094107412999,3522
352210,Baureno,-7.122284686954405,112.10028669182644,3522
352211,Kanor,-7.118548655836749,112.02934595706039,3522
352212,Sumberrejo,-7.2090877928231425,112.02822238211304,3522
352213,Balen,-7.194485073986603,111.96422339603268,3522
352214,Kapas,-7.194640083040513,111.90331961400952,3522
352215,Bojonegoro,-7.155398067878705,111.89430264725053,3522
352216,Kalitidu,-7.1459513541607915,111.7854701850063,3522
352217,Malo,-7.108711687907574,111.71584117397892,3522
352218,Purwosari,-7.220494852179268,111.6690135180905,3522
352219,Padangan,-7.182859446458282,111.61271922999637,3522
352220,Kasiman,-7.117107162796707,111.64053515116393,3522
352221,Temayang,-7.36342118147091,111.91484867669887,3522
352222,Margomulyo,-7.318783706516288,111.49630377204367,3522
352223,Trucuk,-7.120172421306371,111.83292388565731,3522
352224,Sukosewu,-7.249670243784181,111.93203895295566,3522
352225,Kedewan,-7.046244896657521,111.6477618716245,3522
352226,Gondang,-7.403494123136843,111.82829962354057,3522
352227,Sekar,-7.400494061900072,111.71574716478608,3522
352228,Gayam,-7.173734128374025,111.70672989118438,3522
352301,Kenduruan,-6.939400210101602,111.63072697162346,3523
352302,Jatirogo,-6.871613694876596,111.67437621016276,3523
352303,Bangilan,-6.9586692906631935,111.71190065040544,3523
352304,Bancar,-6.8097536431309305,111.73620243939946,3523
352305,Senori,-7.040456640576626,111.72558877302784,3523
352306,Tambakboyo,-6.843532086222678,111.81087010178564,3523
352307,Singgahan,-6.986286956640677,111.77887716306489,3523
352308,Kerek,-6.8893167456582844,111.85335204053783,3523
352309,Parengan,-7.0631067563851735,111.8506740805082,3523
352310,Montong,-6.973840480718164,111.88386265729596,3523
352311,Soko,-7.0936442389128445,111.93461691766878,3523
352312,Jenu,-6.813167451670125,111.95969363965591,3523
352313,Merakurak,-6.880720628146913,111.95879105971584,3523
352314,Rengel,-7.069819544879157,112.00858157315679,3523
352315,Semanding,-6.955537045306928,112.05527139522468,3523
352316,Tuban,-6.895729998513347,112.03341511123304,3523
352317,Plumpang,-7.042417633134351,112.1083218285423,3523
352318,Palang,-6.935145655149098,112.15072910644832,3523
352319,Widang,-7.033309824791584,112.1746583516849,3523
352320,Grabagan,-7.007861843365304,111.99284467367151,3523
352401,Sukorame,-7.35067905692003,112.1086525934088,3524
352402,Bluluk,-7.298956504777079,112.12624713439342,3524
352403,Modo,-7.218764021910437,112.13862211944341,3524
352404,Ngimbang,-7.297197904120193,112.19515392914357,3524
352405,Babat,-7.108896715399023,112.21398509135942,3524
352406,Kedungpring,-7.1863628274815206,112.20328997839117,3524
352407,Brondong,-6.908311379274409,112.23919250066001,3524
352408,Laren,-6.977736322964547,112.27094729209796,3524
352409,Sekaran,-7.052073842086158,112.26623519815777,3524
352410,Maduran,-7.0096500528014465,112.27718370585194,3524
352411,Sambeng,-7.2992353823944836,112.2804950522713,3524
352412,Sugio,-7.180377496755849,112.27402155686224,3524
352413,Pucuk,-7.091578148937851,112.29311511433046,3524
352414,Paciran,-6.88560106997777,112.37042998154342,3524
352415,Solokuro,-6.927638790848808,112.3543116118349,3524
352416,Mantup,-7.268663002417913,112.35332352410009,3524
352417,Sukodadi,-7.115842453174804,112.33706750393935,3524
352418,Karanggeneng,-7.013628193509266,112.34152898018496,3524
352419,Kembangbahu,-7.203924875376226,112.36195839171113,3524
352420,Kalitengah,-7.019783699629912,112.39410350749958,3524
352421,Turi,-7.070960329007093,112.38642370477223,3524
352422,Lamongan,-7.125410714007912,112.3936910172115,3524
352423,Tikung,-7.18859096869831,112.41266575698313,3524
352424,Karangbinangun,-7.032179157911702,112.46086151326452,3524
352425,Deket,-7.099198292685196,112.454783801374,3524
352426,Glagah,-7.073801278239991,112.50371276801285,3524
352427,Sarirejo,-7.176473098463304,112.46064403609198,3524
352501,Dukun,-6.983941369438883,112.44286691387896,3525
352502,Balongpanggang,-7.26803175547715,112.43498297711325,3525
352503,Panceng,-6.932661517217781,112.46162502671484,3525
352504,Benjeng,-7.245504730144319,112.48868628847171,3525
352505,Duduksampeyan,-7.145464386422808,112.52777602592842,3525
352506,Wringinanom,-7.373720576514691,112.5201991317957,3525
352507,Ujungpangkah,-6.916730282173395,112.55351076407929,3525
352508,Kedamean,-7.318367280671256,112.53134554564424,3525
352509,Sidayu,-6.983626295700761,112.55047996744105,3525
352510,Manyar,-7.101879815359068,112.59497957470838,3525
352511,Cerme,-7.2194825060137005,112.55390092186806,3525
352512,Bungah,-7.028357568443315,112.58412409636249,3525
352513,Menganti,-7.276884958278069,112.58462641157982,3525
352514,Kebomas,-7.177711728263055,112.62416306738514,3525
352515,Driyorejo,-7.34400981107287,112.6131935483948,3525
352516,Gresik,-7.16022727023921,112.65285785835073,3525
352517,Sangkapura,-5.816153164851275,112.65749227889263,3525
352518,Tambak,-5.7598534923105245,112.66586115427063,3525
352601,Bangkalan,-7.027938454982646,112.7422748299104,3526
352602,Socah,-7.081004499080731,112.73190264477705,3526
352603,Burneh,-7.03342971970968,112.8041469679783,3526
352604,Kamal,-7.139064379262033,112.72874498383408,3526
352605,Arosbaya,-6.972701171855341,112.839365480293,3526
352606,Geger,-7.0018611080847855,112.9327198043733,3526
352607,Klampis,-6.9255389359112876,112.8890095313802,3526
352608,Sepulu,-6.92661980248533,112.96888664029532,3526
352609,Tanjung Bumi,-6.909712764003535,113.06410063387351,3526
352610,Kokop,-6.980411984276892,113.06330061178086,3526
352611,Kwanyar,-7.146914517691133,112.87797521062288,3526
352612,Labang,-7.136654619576275,112.78818789996518,3526
352613,Tanah Merah,-7.07166303458627,112.86976534364115,3526
352614,Tragah,-7.10015788904278,112.82156072846382,3526
352615,Blega,-7.124122487284167,113.0488178074231,3526
352616,Modung,-7.171743863973191,112.9766739073573,3526
352617,Konang,-7.045725694408085,113.0567658615501,3526
352618,Galis,-7.088488965721257,112.96296618609222,3526
352701,Sreseh,-7.192852535871029,113.09588432344594,3527
352702,Torjun,-7.146335948132947,113.20517864604253,3527
352703,Sampang,-7.177419395024011,113.25228420868865,3527
352704,Camplong,-7.18845672820223,113.33715517132767,3527
352705,Omben,-7.106991229557896,113.32843396824862,3527
352706,Kedungdung,-7.068668454797847,113.2414556746276,3527
352707,Jrengik,-7.127789156923951,113.14414247171788,3527
352708,Tambelangan,-7.042797802431544,113.15804003355686,3527
352709,Banyuates,-6.946505418531057,113.17525818019654,3527
352710,Robatal,-7.004343709658774,113.28512820306537,3527
352711,Sokobanah,-6.935087730520795,113.40975236535996,3527
352712,Ketapang,-6.925681987976411,113.30293595072749,3527
352713,Pangarengan,-7.192947191502624,113.17242266298749,3527
352714,Karangpenang,-7.017450292391848,113.37394361495302,3527
352801,Tlanakan,-7.196624961709684,113.43201538344945,3528
352802,Pademawu,-7.196531985000712,113.51544128399895,3528
352803,Galis,-7.16040512631169,113.55422192753342,3528
352804,Pamekasan,-7.1578114597844955,113.47371571236104,3528
352805,Proppo,-7.1343446872083,113.4090386435342,3528
352806,Palengaan,-7.076133452797979,113.43387467739558,3528
352807,Pegantenan,-7.039423545003323,113.47686300560854,3528
352808,Larangan,-7.119691048983581,113.55071373024788,3528
352809,Pakong,-7.041944650674573,113.55843382650347,3528
352810,Waru,-6.979269479606512,113.56402936931237,3528
352811,Batumarmar,-6.957009076471978,113.49524636934551,3528
352812,Kadur,-7.085146222441164,113.56152893813291,3528
352813,Pasean,-6.922199946889576,113.59341139394307,3528
352901,Kota Sumenep,-7.007449374831743,113.87390604074913,3529
352902,Kalianget,-7.050947423367616,113.8942707578075,3529
352903,Manding,-6.958314779360466,113.87992735148985,3529
352904,Talango,-7.087764544362564,114.00255731401606,3529
352905,Bluto,-7.103253388406216,113.77524404013153,3529
352906,Saronggi,-7.0884208408012155,113.83863798850594,3529
352907,Lenteng,-7.036417314384006,113.76740274888948,3529
352908,Giliginting,-7.206169085678386,113.86305595520867,3529
352909,Guluk-Guluk,-7.040626345416029,113.63611087716043,3529
352910,Ganding,-7.034698954381895,113.70316798168884,3529
352911,Pragaan,-7.0956442473165975,113.65807225691297,3529
352912,Ambunten,-6.9087388493310815,113.74495173693133,3529
352913,Pasongsongan,-6.950397419995125,113.66542590777183,3529
352914,Dasuk,-6.915100745607656,113.82121202495942,3529
352915,Rubaru,-6.970781400562261,113.76521837377301,3529
352916,Batang Batang,-6.9430554079165265,114.01135612279995,3529
352917,Batuputih,-6.903988667457453,113.9297989221927,3529
352918,Dungkek,-6.97178591301477,114.08591905707297,3529
352919,Gapura,-7.000276715078292,113.95592841137652,3529
352920,Gayam,-7.134826450320549,114.33981426207882,3529
352921,Nonggunong,-7.077636410241825,114.33332153926465,3529
352922,Ra'as,-7.142350310182946,114.59014191393494,3529
352923,Masalembu,-5.4184984039518715,114.4676119291345,3529
352924,Arjasa,-6.913740527140264,115.29715976578242,3529
352925,Sapeken,-7.080275831818385,115.75503906921125,3529
352926,Batuan,-7.022386806665115,113.83755028703973,3529
352927,Kangayan,-6.90057720845631,115.45360792301878,3529
357101,Mojoroto,-7.809250515244213,111.98746564610353,3571
357102,Kota,-7.825515522783834,112.0172958061055,3571
357103,Pesantren,-7.845866063727187,112.04706320478185,3571
357201,Kepanjenkidul,-8.07926238490719,112.17462691802801,3572
357202,Sukorejo,-8.098585386171555,112.14825277118086,3572
357203,Sananwetan,-8.104487904338136,112.17565113369824,3572
357301,Blimbing,-7.951064462107801,112.64950238285401,3573
357302,Klojen,-7.974429199628602,112.6262581105676,3573
357303,Kedungkandang,-8.007818419597674,112.65772738441842,3573
357304,Sukun,-7.990558274961504,112.60976006560637,3573
357305,Lowokwaru,-7.938438571803329,112.61611314655198,3573
357401,Kademangan,-7.767726649903924,113.18255245831527,3574
357402,Wonoasih,-7.796543202516051,113.2216463410438,3574
357403,Mayangan,-7.745322250328809,113.21970504013582,3574
357404,Kanigaran,-7.7639415165157715,113.21175918648518,3574
357405,Kedopok,-7.790021297835505,113.20231408402792,3574
357501,Gadingrejo,-7.640696682831236,112.88631306127375,3575
357502,Purworejo,-7.665441343913333,112.89755270812954,3575
357503,Bugul Kidul,-7.65057445629731,112.92929186152007,3575
357504,Panggungrejo,-7.639743511120089,112.91324583645911,3575
357601,Prajuritkulon,-7.475316910115421,112.41955111514474,3576
357602,Magersari,-7.464238530814183,112.45223310387922,3576
357603,Kranggan,-7.477793952555683,112.44018511447997,3576
357701,Kartoharjo,-7.616909565851745,111.54165906321796,3577
357702,Manguharjo,-7.621029062550244,111.51402002312906,3577
357703,Taman,-7.649820336333196,111.5273372659096,3577
357801,Karang Pilang,-7.33504465689293,112.68741260055816,3578
357802,Wonocolo,-7.3226326374367225,112.7415935210509,3578
357803,Rungkut,-7.31921268166886,112.80237785928904,3578
357804,Wonokromo,-7.297751013830321,112.73785613645562,3578
357805,Tegalsari,-7.275544293610062,112.73682761028842,3578
357806,Sawahan,-7.2730184187235425,112.72143135697755,3578
357807,Genteng,-7.258932127098836,112.74487424141647,3578
357808,Gubeng,-7.279650414531433,112.7594678326166,3578
357809,Sukolilo,-7.2918925518721815,112.80707727192637,3578
357810,Tambaksari,-7.2508793674733605,112.76797287721669,3578
357811,Simokerto,-7.239540163700409,112.7532468777308,3578
357812,Pabean Cantian,-7.219639978436792,112.73363839344728,3578
357813,Bubutan,-7.248797303257132,112.72779016899105,3578
357814,Tandes,-7.255820962900355,112.6715509342469,3578
357815,Krembangan,-7.228703541371187,112.72169680381268,3578
357816,Semampir,-7.214816573310182,112.74890918358116,3578
357817,Kenjeran,-7.217738883477291,112.76890197406271,3578
357818,Lakarsantri,-7.30944768555701,112.65491644469805,3578
357819,Benowo,-7.223674905518528,112.64635121858925,3578
357820,Wiyung,-7.31305450567887,112.68803571284597,3578
357821,Dukuh Pakis,-7.291607678977568,112.70019260568448,3578
357822,Gayungan,-7.3291880020654325,112.72645324624287,3578
357823,Jambangan,-7.323706379414872,112.7153166425963,3578
357824,Tenggilis Mejoyo,-7.324676297593083,112.75429018733058,3578
357825,Gunung Anyar,-7.337744392839342,112.79690081199874,3578
357826,Mulyorejo,-7.266677940188952,112.79950326405734,3578
357827,Sukomanunggal,-7.269108274145307,112.69964666622157,3578
357828,Asem Rowo,-7.23750819641579,112.6897923773301,3578
357829,Bulak,-7.237344121938372,112.79013513833618,3578
357830,Pakal,-7.22976063079222,112.61591037247699,3578
357831,Sambikerep,-7.277055602385649,112.65199526924006,3578
357901,Batu,-7.8839315485389365,112.5113666100886,3579
357902,Bumiaji,-7.798168613887977,112.53902512964535,3579
357903,Junrejo,-7.907756451466927,112.54572293946958,3579
360101,Sumur,-6.697012813805431,105.35460947475102,3601
360102,Cimanggu,-6.781905396095496,105.53093110041723,3601
360103,Cibaliung,-6.723659998377804,105.75520863766437,3601
360104,Cikeusik,-6.75780644659411,105.84375296699315,3601
360105,Cigeulis,-6.618158227584542,105.68424065415523,3601
360106,Panimbang,-6.5269083398253835,105.71394336974436,3601
360107,Angsana,-6.6021879247260875,105.84949821392483,3601
360108,Munjul,-6.628976825566872,105.90785155191101,3601
360109,Pagelaran,-6.419539100380608,105.85562900217212,3601
360110,Bojong,-6.4530875777799315,105.98887260169036,3601
360111,Picung,-6.498348843300373,105.94691149427044,3601
360112,Labuan,-6.371411590597994,105.83611426910753,3601
360113,Menes,-6.380633504023826,105.9235902667359,3601
360114,Saketi,-6.410855959491684,105.9673136044087,3601
360115,Cipeucang,-6.375563325012878,106.01370887620367,3601
360116,Jiput,-6.319525202343457,105.89018646770181,3601
360117,Mandalawangi,-6.292734584825575,105.97845522792316,3601
360118,Cimanuk,-6.353790111768202,106.04134551199499,3601
360119,Kaduhejo,-6.315947228849876,106.05565280238484,3601
360120,Banjar,-6.377064852132605,106.10389769677712,3601
360121,Pandeglang,-6.323626019552964,106.115934243813,3601
360122,Cadasari,-6.258094584190119,106.1118953783534,3601
360123,Cisata,-6.407375432989007,105.9322903959645,3601
360124,Patia,-6.479876384559632,105.87704773908612,3601
360125,Karang Tanjung,-6.286212298573571,106.11002241416381,3601
360126,Cikedal,-6.386724438854404,105.88488342884366,3601
360127,Cibitung,-6.7959959383163975,105.72015604731297,3601
360128,Carita,-6.279826496499072,105.86179194040726,3601
360129,Sukaresmi,-6.499799557501249,105.83626511988463,3601
360130,Mekarjaya,-6.397797696097985,106.06669838326786,3601
360131,Sindangresmi,-6.542221513962116,105.91600827817973,3601
360132,Pulosari,-6.333244608093771,105.93924289321231,3601
360133,Koroncong,-6.288903357440625,106.15352702371916,3601
360134,Majasari,-6.309507014896703,106.08325438433401,3601
360135,Sobang,-6.606216034442562,105.78019470467584,3601
360201,Malingping,-6.769748277075569,106.00662057008458,3602
360202,Panggarangan,-6.826752423960772,106.22703669412725,3602
360203,Bayah,-6.91637246502749,106.29066565912787,3602
360204,Cipanas,-6.552431370283638,106.36719499662287,3602
360205,Muncang,-6.551181238169743,106.2857656136304,3602
360206,Leuwidamar,-6.577075175681023,106.22185326785534,3602
360207,Bojongmanik,-6.580992376202192,106.1648859119568,3602
360208,Gunungkencana,-6.6085683268237,106.05137559818438,3602
360209,Banjarsari,-6.596454297334175,105.98468130585566,3602
360210,Cileles,-6.4875410987902375,106.07869291240783,3602
360211,Cimarga,-6.452123545234871,106.22103137152101,3602
360212,Sajira,-6.473854298932916,106.33779953030863,3602
360213,Maja,-6.368133433427314,106.36483608770456,3602
360214,Rangkasbitung,-6.356460755050176,106.28402973978396,3602
360215,Warunggunung,-6.326678011047204,106.17630563953841,3602
360216,Cijaku,-6.720006137683156,106.07845025562214,3602
360217,Cikulur,-6.393692844822777,106.14796389562281,3602
360218,Cibadak,-6.333712631214278,106.22477439613834,3602
360219,Cibeber,-6.773892030641216,106.36731374518196,3602
360220,Cilograng,-6.922572885385708,106.36900428448494,3602
360221,Wanasalam,-6.765131439640566,105.92170038634983,3602
360222,Sobang,-6.647903935226833,106.3249309346603,3602
360223,Curugbitung,-6.434741583963894,106.39930733243959,3602
360224,Kalanganyar,-6.384071041774463,106.23296662131204,3602
360225,Lebakgedong,-6.631709141442863,106.4065100095403,3602
360226,Cihara,-6.834920007257368,106.12081877161754,3602
360227,Cirinten,-6.646257560512109,106.14862471319024,3602
360228,Cigemblong,-6.740067195799621,106.17729476879997,3602
360301,Balaraja,-6.204812899403724,106.44270081319567,3603
360302,Jayanti,-6.206826903757873,106.39833610766979,3603
360303,Tigaraksa,-6.265713549127918,106.46732214115742,3603
360304,Jambe,-6.323835256851196,106.49923001738486,3603
360305,Cisoka,-6.259775523528408,106.41672908256804,3603
360306,Kresek,-6.144432854735687,106.40440859396986,3603
360307,Kronjo,-6.070346103472791,106.42820816445206,3603
360308,Mauk,-6.05804839285256,106.52072485138588,3603
360309,Kemiri,-6.087765302145879,106.46380323714489,3603
360310,Sukadiri,-6.06990784685039,106.55900830669376,3603
360311,Rajeg,-6.116336277778183,106.51033040951476,3603
360312,Pasar Kemis,-6.158914487126247,106.55251197342426,3603
360313,Teluknaga,-6.049921542507641,106.65824447406372,3603
360314,Kosambi,-6.080866254836399,106.6850262207665,3603
360315,Pakuhaji,-6.060237811342313,106.60632770543896,3603
360316,Sepatan,-6.118297773863407,106.58008798700257,3603
360317,Curug,-6.242553074244264,106.56612179745923,3603
360318,Cikupa,-6.217956119705681,106.51586088567642,3603
360319,Panongan,-6.27888428325243,106.52620222058809,3603
360320,Legok,-6.304762606087959,106.56499907304958,3603
360322,Pagedangan,-6.297326271474885,106.61748588977866,3603
360323,Cisauk,-6.339095430802579,106.63017415979184,3603
360327,Sukamulya,-6.16042335370945,106.43615648910287,3603
360328,Kelapa Dua,-6.242571564482785,106.60937152017014,3603
360329,Sindang Jaya,-6.16888699865437,106.49885866317928,3603
360330,Sepatan Timur,-6.119943744157123,106.60836851797718,3603
360331,Solear,-6.3069042827731465,106.42151843279248,3603
360332,Gunung Kaler,-6.0956710477517895,106.37415007664481,3603
360333,Mekar Baru,-6.061955975401602,106.38710285819874,3603
360405,Kramatwatu,-6.0400997973007815,106.1127587667294,3604
360406,Waringinkurung,-6.090136209710516,106.06954601424968,3604
360407,Bojonegara,-5.962356869042106,106.07463866761283,3604
360408,Pulo Ampel,-5.918356956798045,106.08553023855987,3604
360409,Ciruas,-6.100550655078056,106.24331122566849,3604
360411,Kragilan,-6.151336365393874,106.2733212058555,3604
360412,Pontang,-6.023828236518187,106.25768243150713,3604
360413,Tirtayasa,-5.987633542163242,106.31143810106754,3604
360414,Tanara,-6.017934184622425,106.36516407749484,3604
360415,Cikande,-6.1916188225176265,106.35355576863465,3604
360416,Kibin,-6.161360184879781,106.31601262385139,3604
360417,Carenang,-6.087666691868235,106.32177814579686,3604
360418,Binuang,-6.132082904129822,106.34904306590812,3604
360419,Petir,-6.242005027289042,106.1986781652507,3604
360420,Tunjung Teja,-6.28125902385851,106.23210130580946,3604
360422,Baros,-6.226270176253902,106.12083135780999,3604
360423,Cikeusal,-6.2137895105352445,106.2540474605787,3604
360424,Pamarayan,-6.277339567485505,106.30206869142398,3604
360425,Kopo,-6.285697163611299,106.37669774544996,3604
360426,Jawilan,-6.288581516001375,106.34396173204529,3604
360427,Ciomas,-6.244473548376907,106.02924930954164,3604
360428,Pabuaran,-6.195920502336066,106.09197282159606,3604
360429,Padarincang,-6.208263646152192,105.96975806359929,3604
360430,Anyar,-6.073773813844309,105.91359588822043,3604
360431,Cinangka,-6.179521804107627,105.88695538512017,3604
360432,Mancak,-6.103996196450387,105.98564540352767,3604
360433,Gunungsari,-6.151819800074362,106.03677338557469,3604
360434,Bandung,-6.221297284104856,106.30841144695567,3604
360435,Lebak Wangi,-6.07484318164203,106.2836347910214,3604
367101,Tangerang,-6.188816022916633,106.64063780418704,3671
367102,Jatiuwung,-6.198038187925504,106.57527191835571,3671
367103,Batuceper,-6.1618322482663865,106.67026610443655,3671
367104,Benda,-6.130000478131995,106.66566017588687,3671
367105,Cipondoh,-6.186208240582951,106.68299190893637,3671
367106,Ciledug,-6.238620708060258,106.70586807144207,3671
367107,Karawaci,-6.181183359016395,106.61795645611953,3671
367108,Periuk,-6.167536902459519,106.59425786789346,3671
367109,Cibodas,-6.205758082762302,106.60798032372658,3671
367110,Neglasari,-6.142932226173539,106.63016169483372,3671
367111,Pinang,-6.215338282269872,106.66618540512924,3671
367112,Karang Tengah,-6.210143635188847,106.70974755190893,3671
367113,Larangan,-6.239221821934217,106.73303123318827,3671
367201,Cibeber,-6.048134773689536,106.05492254801759,3672
367202,Cilegon,-6.042588888130087,106.03988401264023,3672
367203,Pulomerak,-5.920658541489972,106.02040762932411,3672
367204,Ciwandan,-6.031839866496199,105.96700428833515,3672
367205,Jombang,-6.01025737088024,106.06497713316907,3672
367206,Gerogol,-5.971218468584293,106.01947043436991,3672
367207,Purwakarta,-5.985287874309521,106.04624185491724,3672
367208,Citangkil,-6.014760755037222,106.01198336179849,3672
367301,Serang,-6.111880989360398,106.16489266033527,3673
367302,Kasemen,-6.059090413145045,106.18514686718322,3673
367303,Walantaka,-6.1486571565571095,106.22278549315521,3673
367304,Curug,-6.187716298670761,106.17406999277576,3673
367305,Cipocok Jaya,-6.144672218505044,106.16975742033013,3673
367306,Taktakan,-6.131346490724151,106.10758545272809,3673
367401,Serpong,-6.31127087775037,106.68070274031491,3674
367402,Serpong Utara,-6.253609978211459,106.66298740074015,3674
367403,Pondok Aren,-6.266424648877923,106.71144062269322,3674
367404,Ciputat,-6.30815346747126,106.72773993346735,3674
367405,Ciputat Timur,-6.29880930954877,106.75559562753611,3674
367406,Pamulang,-6.33953804680362,106.73909105342318,3674
367407,Setu,-6.346182293052006,106.6764439406999,3674
510101,Negara,-8.33010603793259,114.59972213427065,5101
510102,Mendoyo,-8.318564357877001,114.74193670320135,5101
510103,Pekutatan,-8.398841202714125,114.86900517943967,5101
510104,Melaya,-8.246083512972056,114.54471659262694,5101
510105,Jembrana,-8.319201995356671,114.65106888619205,5101
510201,Selemadeg,-8.458236477445745,115.0412689465803,5102
510202,Selemadeg Timur,-8.491415840655279,115.06211399953412,5102
510203,Selemadeg Barat,-8.457940551795305,114.98075771345901,5102
510204,Kerambitan,-8.526379146557366,115.08707314200335,5102
510205,Tabanan,-8.528198335414187,115.11930208036036,5102
510206,Kediri,-8.582295667687378,115.1228078387621,5102
510207,Marga,-8.464163624475374,115.17283529407035,5102
510208,Penebel,-8.396801221489968,115.12314620160645,5102
510209,Baturiti,-8.334883029279283,115.17769315583463,5102
510210,Pupuan,-8.360947099978747,115.0090732603551,5102
510301,Kuta,-8.726287758782512,115.17336599951811,5103
510302,Mengwi,-8.56359570594515,115.16984631195409,5103
510303,Abiansemal,-8.531187015264608,115.22113617985971,5103
510304,Petang,-8.326161719315165,115.22127716528237,5103
510305,Kuta Selatan,-8.812046677163579,115.16512048654508,5103
510306,Kuta Utara,-8.646260239911916,115.1597643329025,5103
510401,Sukawati,-8.59481913516794,115.27362828937953,5104
510402,Blahbatuh,-8.572260360398769,115.31186383331405,5104
510403,Gianyar,-8.52647903961755,115.33225260287749,5104
510404,Tampaksiring,-8.45024593306384,115.30678926092523,5104
510405,Ubud,-8.517670055172097,115.25938979621816,5104
510406,Tegallalang,-8.402427432794452,115.29248320559535,5104
510407,Payangan,-8.385530249274108,115.25662483578968,5104
510501,Nusa Penida,-8.73635812443567,115.53617772274028,5105
510502,Banjarangkan,-8.518654777136671,115.37700805559871,5105
510503,Klungkung,-8.53042739673485,115.40404107588391,5105
510504,Dawan,-8.537678530221694,115.44674150780703,5105
510601,Susut,-8.41888698153221,115.34078272365689,5106
510602,Bangli,-8.39728410069378,115.36141117854783,5106
510603,Tembuku,-8.414317397884309,115.38926135645953,5106
510604,Kintamani,-8.243616211214846,115.34039418183221,5106
510701,Rendang,-8.36919459046168,115.43719664274481,5107
510702,Sidemen,-8.483310991407,115.43880554610256,5107
510703,Manggis,-8.491159160386525,115.5180913850901,5107
510704,Karangasem,-8.442824695772872,115.6315808073318,5107
510705,Abang,-8.366985557745439,115.62036669056343,5107
510706,Bebandem,-8.406353359791414,115.54211729161885,5107
510707,Selat,-8.417030683170097,115.48390743056287,5107
510708,Kubu,-8.269410264769327,115.51252341582683,5107
510801,Gerokgak,-8.187910265564836,114.66579101188933,5108
510802,Seririt,-8.24615762837239,114.91166979834841,5108
510803,Busungbiu,-8.308403442220719,114.94855752142237,5108
510804,Banjar,-8.236952349057933,115.03720829083284,5108
510805,Sukasada,-8.203341846163518,115.11034647532753,5108
510806,Buleleng,-8.12926846977279,115.09904207653516,5108
510807,Sawan,-8.15399911820969,115.17315298156903,5108
510808,Kubutambahan,-8.140305949401785,115.21846648751031,5108
510809,Tejakula,-8.140414939753251,115.3340393601952,5108
517101,Denpasar Selatan,-8.70548805771638,115.22579799775295,5171
517102,Denpasar Timur,-8.644896961531376,115.24392565365629,5171
517103,Denpasar Barat,-8.665151360156955,115.19319930025091,5171
517104,Denpasar Utara,-8.62532614823595,115.21322927075602,5171
520101,Gerung,-8.691136492769726,116.12106839167446,5201
520102,Kediri,-8.645051059202958,116.14241573169522,5201
520103,Narmada,-8.528794806651181,116.2581856374703,5201
520107,Sekotong,-8.8037834438884,115.97322920951125,5201
520108,Labuapi,-8.630509814256424,116.11501758544892,5201
520109,Gunungsari,-8.504103017563844,116.133291821616,5201
520112,Lingsar,-8.52359982275104,116.20156992306335,5201
520113,Lembar,-8.74660482039632,116.09509950810357,5201
520114,Batu Layar,-8.502810333166405,116.07257255364814,5201
520115,Kuripan,-8.678215371993693,116.16977442111846,5201
520201,Praya,-8.684093593011992,116.28136910752123,5202
520202,Jonggat,-8.671001263640749,116.22093149640033,5202
520203,Batukliang,-8.618030087026584,116.3098994881905,5202
520204,Pujut,-8.851420959398679,116.30928855931437,5202
520205,Praya Barat,-8.822308645012653,116.20676242628106,5202
520206,Praya Timur,-8.786742307719484,116.38179350785249,5202
520207,Janapria,-8.708867108462618,116.39362724033415,5202
520208,Pringgarata,-8.607297152472231,116.24070732831537,5202
520209,Kopang,-8.607038244545524,116.36148122523774,5202
520210,Praya Tengah,-8.72817242452829,116.32000612669067,5202
520211,Praya Barat Daya,-8.780243578366,116.16473079295315,5202
520212,Batukliang Utara,-8.503647528393493,116.34280163067764,5202
520301,Keruak,-8.760256727330887,116.48369911639135,5203
520302,Sakra,-8.680190524418208,116.47505126476426,5203
520303,Terara,-8.650971715844042,116.40532270923302,5203
520304,Sikur,-8.565109710956545,116.42649823903561,5203
520305,Masbagik,-8.604096366207509,116.45531674199138,5203
520306,Sukamulia,-8.640221933961316,116.49161584358568,5203
520307,Selong,-8.660025215832007,116.53323019477794,5203
520308,Pringgabaya,-8.508745175965698,116.6375117990848,5203
520309,Aikmel,-8.51177105692954,116.50552566912462,5203
520310,Sambelia,-8.347155099649685,116.62267343426434,5203
520311,Montong Gading,-8.556110392716999,116.3972430009291,5203
520312,Pringgasela,-8.531395484307598,116.45549831768739,5203
520313,Suralaga,-8.61885148534094,116.5411345058186,5203
520314,Wanasaba,-8.51839997397041,116.54310816747208,5203
520315,Sembalun,-8.369224002612667,116.49716157252392,5203
520316,Suwela,-8.483121771127175,116.58583395718684,5203
520317,Labuhan Haji,-8.652921472901491,116.58243799692478,5203
520318,Sakra Timur,-8.714367665172814,116.52373405273423,5203
520319,Sakra Barat,-8.723585149499666,116.47457810572402,5203
520320,Jerowaru,-8.845608648525811,116.48094585539889,5203
520321,Lenek,-8.52773386487074,116.49097569682914,5203
520402,Lunyuk,-8.948140914585203,117.21652674852734,5204
520405,Alas,-8.576168045394976,117.03346187401111,5204
520406,Utan,-8.437823671870678,117.1412623237838,5204
520407,Batu Lanteh,-8.63003990342053,117.20341538351454,5204
520408,Sumbawa,-8.473601122563531,117.43058768316513,5204
520409,Moyo Hilir,-8.50766930661187,117.54146746616541,5204
520410,Moyo Hulu,-8.643611897348855,117.40413779571819,5204
520411,Ropang,-8.915924591399124,117.49107242853663,5204
520412,Lape,-8.574465291065556,117.6416059076549,5204
520413,Plampang,-8.800904399127674,117.79926087787727,5204
520414,Empang,-8.804029424528805,118.00699676644791,5204
520417,Alas Barat,-8.537856322095736,116.93953080200816,5204
520418,Labuhan Badas,-8.289908654836365,117.51136095491115,5204
520419,Labangka,-8.899017447985289,117.71350111932837,5204
520420,Buer,-8.50357594158246,117.0810091276482,5204
520421,Rhee,-8.491435157394962,117.23468425957846,5204
520422,Unter Iwes,-8.547561163921422,117.39982512661241,5204
520423,Moyo Utara,-8.444536757167619,117.49106637739396,5204
520424,Maronge,-8.714241087958138,117.6696035157918,5204
520425,Tarano,-8.742935557707062,118.1480726828583,5204
520426,Lopok,-8.646124115513645,117.54967821478361,5204
520427,Lenangguar,-8.778459788203248,117.36211616147752,5204
520428,Orong Telu,-8.772166551955523,117.16734715413779,5204
520429,Lantung,-8.764129870660895,117.52396616380143,5204
520501,Dompu,-8.499101732861272,118.47663822239436,5205
520502,Kempo,-8.495930550752183,118.20385469897808,5205
520503,Hu'u,-8.781111788350353,118.44734750105384,5205
520504,Kilo,-8.36688804180167,118.39365149054785,5205
520505,Woja,-8.528412106737495,118.3985275886696,5205
520506,Pekat,-8.32107251015164,117.91551354263376,5205
520507,Manggalewa,-8.563415990704783,118.29342316944613,5205
520508,Pajo,-8.637950262056496,118.48162331068868,5205
520601,Monta,-8.720206397087825,118.67260932022216,5206
520602,Bolo,-8.503880670753627,118.62747841636715,5206
520603,Woha,-8.602997015538119,118.64719525971766,5206
520604,Belo,-8.618889455977909,118.73758044555427,5206
520605,Wawo,-8.558779387144426,118.85957219415647,5206
520606,Sape,-8.519303817296944,119.01282976182976,5206
520607,Wera,-8.32325089428047,118.97548182453593,5206
520608,Donggo,-8.434051447892436,118.56244247581321,5206
520609,Sanggar,-8.343155452286322,118.18338031275415,5206
520610,Ambalawi,-8.357892542904457,118.8096265822531,5206
520611,Langgudu,-8.740326885506926,118.8362780285042,5206
520612,Lambu,-8.661879572451483,119.03970396523617,5206
520613,Madapangga,-8.596854402680691,118.55824735590836,5206
520614,Tambora,-8.184836324594514,117.98708932909203,5206
520615,Soromandi,-8.344086912316865,118.59000125678024,5206
520616,Parado,-8.793654543534506,118.55411389119112,5206
520617,Lambitu,-8.572285313949704,118.78711435256918,5206
520618,Palibelo,-8.537341880634997,118.73282695407151,5206
520701,Jereweh,-8.923003275584717,116.94770948448134,5207
520702,Taliwang,-8.736664184476737,116.8366425654394,5207
520703,Seteluk,-8.644022903386665,116.87118482529308,5207
520704,Sekongkang,-9.014163473525473,116.87479354158627,5207
520705,Brang Rea,-8.712906477094837,116.98873039370014,5207
520706,Poto Tano,-8.598070832442929,116.82726558729497,5207
520707,Brang Ene,-8.825549496737906,116.92654762728029,5207
520708,Maluk,-8.913372407021646,116.76221840053385,5207
520801,Tanjung,-8.416678120572954,116.17256690454273,5208
520802,Gangga,-8.365156332603068,116.2523069541186,5208
520803,Kayangan,-8.316919888366014,116.319082805044,5208
520804,Bayan,-8.295161090338866,116.40443493210718,5208
520805,Pemenang,-8.428001067961626,116.0808992671049,5208
527101,Ampenan,-8.570668354131113,116.08391419366852,5271
527102,Mataram,-8.601339708226739,116.1105580278049,5271
527103,Cakranegara,-8.584134327776113,116.13043807303305,5271
527104,Sekarbela,-8.608043742133605,116.08712335513756,5271
527105,Selaparang,-8.572825717989286,116.1066563357108,5271
527106,Sandubaya,-8.597840602545254,116.14484065616975,5271
527201,Rasanae Barat,-8.469054152156174,118.7208535997453,5272
527202,Rasanae Timur,-8.48727351026583,118.82129869690384,5272
527203,Asakota,-8.409319756307417,118.74297238157878,5272
527204,Raba,-8.45993548571506,118.79934343254529,5272
527205,Mpunda,-8.468322541099091,118.74559776076282,5272
530104,Semau,-10.184063582513245,123.42356623959172,5301
530105,Kupang Barat,-10.286234820265815,123.52441770873341,5301
530106,Kupang Timur,-10.091604224438376,123.82363659463027,5301
530107,Sulamu,-9.99157156482141,123.71451456440585,5301
530108,Kupang Tengah,-10.144476580022015,123.72635817199506,5301
530109,Amarasi,-10.216369316874866,123.8823694681073,5301
530110,Fatuleu,-10.021235423086406,123.9688107176202,5301
530111,Takari,-9.874121970241651,124.0005996970436,5301
530112,Amfoang Selatan,-9.720867981309427,123.91182548517178,5301
530113,Amfoang Utara,-9.508629978715604,123.87544057247655,5301
530116,Nekamese,-10.298316954970435,123.63323188942393,5301
530117,Amarasi Barat,-10.298757634715654,123.73798541691808,5301
530118,Amarasi Selatan,-10.288719261685852,123.86717333333429,5301
530119,Amarasi Timur,-10.182240333721158,124.07830460250833,5301
530120,Amabi Oefeto Timur,-10.099208259199612,124.09607323363491,5301
530121,Amfoang Barat Daya,-9.697099581958682,123.7533765900706,5301
530122,Amfoang Barat Laut,-9.603571746407306,123.82954641625116,5301
530123,Semau Selatan,-10.2843185939966,123.35760662555631,5301
530124,Taebenu,-10.208571990838974,123.72581152830851,5301
530125,Amabi Oefeto,-10.143724755715697,123.93121414578935,5301
530126,Amfoang Timur,-9.442027981241933,124.02986700428772,5301
530127,Fatuleu Barat,-9.857773462362662,123.72469532901388,5301
530128,Fatuleu Tengah,-9.92189186336441,123.85876123695948,5301
530130,Amfoang Tengah,-9.605359404049187,124.04050085412145,5301
530201,Kota Soe,-9.862283242979606,124.28092445796402,5302
530202,Mollo Selatan,-9.84213934923726,124.23082961321771,5302
530203,Mollo Utara,-9.71894669229896,124.20683849896481,5302
530204,Amanuban Timur,-9.705642650807174,124.58050506946063,5302
530205,Amanuban Tengah,-9.867911465793666,124.47643582909126,5302
530206,Amanuban Selatan,-10.062221592149204,124.25207691678743,5302
530207,Amanuban Barat,-9.889371968834324,124.32963953006792,5302
530208,Amanatun Selatan,-9.843410125559627,124.623659904696,5302
530209,Amanatun Utara,-9.694073821408452,124.70229948844273,5302
530210,KI'E,-9.856494599061184,124.54445399551825,5302
530211,Kuanfatu,-9.99915449130721,124.43396841947492,5302
530212,Fatumnasi,-9.579657746266612,124.18891515529869,5302
530213,Polen,-9.663106409436905,124.39878490719583,5302
530214,Batu Putih,-9.939423734853321,124.18062913801451,5302
530215,Boking,-9.820041272698084,124.73955027298118,5302
530216,Toianas,-9.705044287719286,124.7767391661195,5302
530217,Nunkolo,-9.890828206181096,124.68554577735685,5302
530218,Oenino,-9.742005007082492,124.4406634040924,5302
530219,Kolbano,-9.986616442323673,124.52357546023055,5302
530220,Kot olin,-9.949948476562778,124.60121840089012,5302
530221,Kualin,-10.105250934814714,124.40988953448303,5302
530222,Mollo Barat,-9.847276408375881,124.13031717361083,5302
530223,Kok Baun,-9.625332192296838,124.76219734614692,5302
530224,Noebana,-9.771390547216193,124.64657161868341,5302
530225,Santian,-9.780987516683867,124.70626888267033,5302
530226,Noebeba,-9.980126686938513,124.32705607566054,5302
530227,Kuatnana,-9.846399529010345,124.39844073290243,5302
530228,Fautmolo,-9.781036684467654,124.56828372702377,5302
530229,Fatukopa,-9.649348302227951,124.6232040432842,5302
530230,Mollo Tengah,-9.774992580746757,124.27315678109142,5302
530231,Tobu,-9.617985963103333,124.2807518014652,5302
530232,Nunbena,-9.64372988863351,124.12135777908375,5302
530301,Miomaffo Timur,-9.381124778462294,124.49000979306336,5303
530302,Miomaffo Barat,-9.553243367267017,124.33152332733196,5303
530303,Biboki Selatan,-9.340324464973708,124.69089328683522,5303
530304,Noemuti,-9.600882139975262,124.49425889636733,5303
530305,Kota Kefamenanu,-9.46803565533527,124.49982135489324,5303
530306,Biboki Utara,-9.292667001249498,124.80978302687468,5303
530307,Biboki Anleu,-9.136892636310957,124.73833432322334,5303
530308,Insana,-9.468612329303687,124.69961597147598,5303
530309,Insana Utara,-9.240717825148058,124.54842888331842,5303
530310,Noemuti Timur,-9.58863511132529,124.58618339975403,5303
530311,Miomaffo Tengah,-9.528836550409661,124.4271640490229,5303
530312,Musi,-9.495939041822135,124.37350061944457,5303
530313,Mutis,-9.44812704161021,124.21756260631238,5303
530314,Bikomi Selatan,-9.535307278521344,124.56282496884955,5303
530315,Bikomi Tengah,-9.436289217302086,124.41881776707245,5303
530316,Bikomi Nilulat,-9.462161005077677,124.35763728308297,5303
530317,Bikomi Utara,-9.37362533973675,124.41868263407216,5303
530318,Naibenu,-9.281062085430557,124.48416127012209,5303
530319,Insana Fafinesu,-9.344981821544916,124.58084049489666,5303
530320,Insana Barat,-9.472800952733355,124.57778622423612,5303
530321,Insana Tengah,-9.366114062402106,124.60339440686568,5303
530322,Biboki Tan Pah,-9.362165325860017,124.76579635409588,5303
530323,Biboki Moenleu,-9.223925063037305,124.64748402203855,5303
530324,Biboki Feotleu,-9.23026982155635,124.78215558635377,5303
530401,Lamaknen,-9.086680703296523,125.12640824715714,5304
530402,Tasifeto Timur,-9.109814711334245,124.96147000596397,5304
530403,Raihat,-9.033752034036977,125.11300895949842,5304
530404,Tasifeto Barat,-9.212220643534273,124.8849782586883,5304
530405,Kakuluk Mesak,-9.040650131398863,124.85995320890338,5304
530412,Kota Atambua,-9.095461831691878,124.90430042371736,5304
530413,Raimanuk,-9.34524343641125,124.90529899303893,5304
530417,Lasiolat,-9.07153509857305,125.04916602055116,5304
530418,Lamaknen Selatan,-9.15136564756183,125.11572558798714,5304
530421,Atambua Barat,-9.093070113525313,124.8733201031209,5304
530422,Atambua Selatan,-9.123478026451291,124.88604134920679,5304
530423,Nanaet Duabesi,-9.288442287453083,124.96606709271751,5304
530501,Teluk Mutiara,-8.228689070640348,124.54185279499877,5305
530502,Alor Barat Laut,-8.19932610699499,124.45167722661503,5305
530503,Alor Barat Daya,-8.338896013588233,124.47091602174851,5305
530504,Alor Selatan,-8.330581661815156,124.7317051082285,5305
530505,Alor Timur,-8.246631526387809,125.0065044596887,5305
530506,Pantar,-8.254920341756375,124.23995776368646,5305
530507,Alor Tengah Utara,-8.237564893281368,124.63633525141634,5305
530508,Alor Timur Laut,-8.226626423125827,124.80476266248122,5305
530509,Pantar Barat,-8.351617700653863,124.06916443977111,5305
530510,Kabola,-8.159703971311945,124.55426670371384,5305
530511,Pulau Pura,-8.300604868869716,124.34601539210279,5305
530512,Mataru,-8.364144774552933,124.63478438026792,5305
530513,Pureman,-8.336033084274963,124.88288148417556,5305
530514,Pantar Timur,-8.329118380916498,124.24032467969056,5305
530515,Lembur,-8.198564835546355,124.71693222217023,5305
530516,Pantar Tengah,-8.453638001346313,124.12260288489756,5305
530517,Pantar Barat Laut,-8.380849649364023,123.9681422429673,5305
530518,Abad Selatan,-8.399543672349472,124.4923890944341,5305
530601,Wulanggitang,-8.529782844943169,122.711391403011,5306
530602,Titehena,-8.391390393143638,122.772442396508,5306
530603,Larantuka,-8.330952182000358,122.94107560283709,5306
530604,Ile Mandiri,-8.27964617836066,122.9606161152617,5306
530605,Tanjung Bunga,-8.149775665143542,122.85901646039855,5306
530606,Solor Barat,-8.530361037631234,122.93368215108677,5306
530607,Solor Timur,-8.453968284906868,123.09303477468595,5306
530608,Adonara Barat,-8.306785848345644,123.09441005226255,5306
530609,Wotan Ulumando,-8.370201830504424,123.05042863163091,5306
530610,Adonara Timur,-8.36137354995957,123.17402922713843,5306
530611,Kelubagolit,-8.283552423018728,123.23267154567512,5306
530612,Witihama,-8.2894395145429,123.28276647977728,5306
530613,Ile Boleng,-8.366508431872386,123.26839680235877,5306
530614,Demon Pagong,-8.38334312565087,122.85306877636768,5306
530615,Lewolema,-8.268209394656001,122.90832547317996,5306
530616,Ile Bura,-8.541197088629607,122.79378236161662,5306
530617,Adonara,-8.264615738760172,123.18221864850848,5306
530618,Adonara Tengah,-8.316412379638193,123.15340725520181,5306
530619,Solor Selatan,-8.488696641921175,122.9954646581786,5306
530701,Paga,-8.742157003040981,122.02488936062477,5307
530702,Mego,-8.669717965970047,122.04918058600687,5307
530703,Lela,-8.721933207662342,122.17110672851327,5307
530704,Nita,-8.654041743448127,122.13092130684215,5307
530705,Alok,-8.457590240012665,122.22087118204374,5307
530706,Palue,-8.325502989529182,121.71024343533063,5307
530707,Nelle,-8.679467974874695,122.21596499920665,5307
530708,Talibura,-8.479484416761357,122.60044685135716,5307
530709,Waigete,-8.639741559370947,122.44922604399221,5307
530710,Kewapante,-8.66818300288754,122.29310680315136,5307
530711,Bola,-8.728769906477101,122.28048141646707,5307
530712,Magepanda,-8.570297744227798,122.06007966513943,5307
530713,Waiblama,-8.58954405537876,122.59472106191588,5307
530714,Alok Barat,-8.594013817025884,122.16274795601323,5307
530715,Alok Timur,-8.504400659789864,122.35211069733516,5307
530716,Koting,-8.688094824293367,122.19716326503988,5307
530717,Tana Wawo,-8.701208095202226,121.97428814464577,5307
530718,Hewokloang,-8.692508371322425,122.32323974741357,5307
530719,Kangae,-8.674661389073336,122.25694409592124,5307
530720,Doreng,-8.718140402921048,122.37542439423798,5307
530721,Mapitara,-8.699061500074121,122.47029758115387,5307
530801,Nangapanda,-8.74673126641943,121.47987689484661,5308
530802,Pulau Ende,-8.882640316105768,121.52208153754803,5308
530803,Ende,-8.741058278728012,121.62787166837886,5308
530804,Ende Selatan,-8.87611267008453,121.64623182223755,5308
530805,Ndona,-8.837231582601747,121.74136925642902,5308
530806,Detusoko,-8.726035193534303,121.75053521539982,5308
530807,Wewaria,-8.59463712695853,121.6848805317557,5308
530808,Wolowaru,-8.77578438727764,121.88581685697439,5308
530809,Wolojita,-8.816369137759603,121.83605043298726,5308
530810,Maurole,-8.53191637909713,121.79399452572731,5308
530811,Maukaro,-8.651074949165553,121.56058546028326,5308
530812,Lio Timur,-8.766624599297804,121.95061936967166,5308
530813,Kota Baru,-8.539689086163161,121.95255883141841,5308
530814,Kelimutu,-8.74149047639594,121.83444680785388,5308
530815,Detukeli,-8.604928913235925,121.82614095452732,5308
530816,Ndona Timur,-8.80636596059763,121.77533724341674,5308
530817,Ndori,-8.806849791740124,121.93212985663999,5308
530818,Ende Utara,-8.818525486476974,121.62947125838676,5308
530819,Ende Tengah,-8.833989234506888,121.65762104369013,5308
530820,Ende Timur,-8.798765528227062,121.67091404849138,5308
530821,Lepembusu Kelisoke,-8.665976395901822,121.8886414525149,5308
530901,Aimere,-8.804254054926847,120.88551026173604,5309
530902,Golewa,-8.822816209066104,121.07713696596383,5309
530906,Bajawa,-8.798109471049036,120.96550680834326,5309
530907,Soa,-8.705273683802329,121.06898078444486,5309
530909,Riung,-8.469173168709109,121.05714473874461,5309
530912,Jerebuu,-8.893195287236932,121.00090510765189,5309
530914,Riung Barat,-8.537246078683523,120.9397665165103,5309
530915,Bajawa Utara,-8.70366105051839,120.94779611344508,5309
530916,Wolomeze,-8.618645370685671,121.04402092978582,5309
530918,Golewa Selatan,-8.89844866094845,121.07987042936435,5309
530919,Golewa Barat,-8.806596711908048,121.03008719210794,5309
530920,Inerie,-8.908943339379046,120.94496177207323,5309
531001,Wae Rii,-8.574357281239292,120.4820468110406,5310
531003,Ruteng,-8.595198679723639,120.38067896633687,5310
531005,Satar Mese,-8.73056572292353,120.43736169728676,5310
531006,Cibal,-8.472382233052961,120.50125662463788,5310
531011,Reok,-8.328232011986339,120.44034366959185,5310
531012,Langke Rembong,-8.61856941581071,120.4635667637031,5310
531013,Satar Mese Barat,-8.806426324212335,120.31610216196934,5310
531014,Rahong Utara,-8.521957581195858,120.39847988755348,5310
531015,Lelak,-8.624803135368854,120.31319370028743,5310
531016,Reok Barat,-8.363899947088857,120.34652229580854,5310
531017,Cibal barat,-8.461943729443385,120.44082507211156,5310
531018,Satar Mese Utara,-8.700126934819172,120.35127734124056,5310
531101,Kota Waingapu,-9.726723846563846,120.16555347035367,5311
531102,Haharu,-9.465967852895062,119.98042329439727,5311
531103,Lewa,-9.649352234273616,119.8977258255185,5311
531104,Nggaha Ori Angu,-9.719602762398855,120.03314924625624,5311
531105,Tabundung,-9.955753210341479,120.0670098602132,5311
531106,Pinu Pahar,-10.091157433939827,120.10947542276563,5311
531107,Pandawai,-9.747564811000208,120.4039816213039,5311
531108,Umalulu,-9.879461545051749,120.58492674275931,5311
531109,Rindi,-10.002329524335108,120.69012908133666,5311
531110,Pahunga Lodu,-10.122996495862187,120.68342309829733,5311
531111,Wulla Waijelu,-10.21891763062163,120.52499470184252,5311
531112,Paberiwai,-10.033426668097796,120.42107236833685,5311
531113,Karera,-10.172733583110473,120.2528779200461,5311
531114,Kahaungu Eti,-9.869833136145655,120.47184928610801,5311
531115,Matawai La Pawu,-10.010196240049316,120.2801205014323,5311
531116,Kambera,-9.7055127217147,120.27208344523505,5311
531117,Kambata Mapambuhang,-9.848265442451321,120.23532332814541,5311
531118,Lewa Tidahu,-9.795235070623189,119.78642080523448,5311
531119,Katala Hamu Lingu,-9.850954055259967,119.92071424443259,5311
531120,Kanatang,-9.575980141109232,120.16041363383417,5311
531121,Ngadu Ngala,-10.194434127452988,120.40292209191477,5311
531122,Mahu,-10.091245788157556,120.49182461433608,5311
531204,Tana Righu,-9.475951228937799,119.41359585107534,5312
531210,Loli,-9.61861396886119,119.44210238954408,5312
531211,Wanokaka,-9.717714651671152,119.44963302653422,5312
531212,Lamboya,-9.703870894394898,119.35151098261093,5312
531215,Kota Waikabubak,-9.623671619231828,119.45130329659068,5312
531218,Laboya Barat,-9.708874525959107,119.23154596171341,5312
531301,Naga Wutung,-8.510493093551665,123.31554847995208,5313
531302,Atadei,-8.480535736514774,123.51787402589774,5313
531303,Ile Ape,-8.296687208810617,123.4508346513235,5313
531304,Lebatukan,-8.370606832054317,123.5988869063557,5313
531305,Nubatukan,-8.429136268421264,123.40069725304934,5313
531306,Omesuri,-8.263224064111029,123.71021970530438,5313
531307,Buyasuri,-8.23198601534022,123.83689380721809,5313
531308,Wulandoni,-8.535912566687724,123.43854016052903,5313
531309,Ile Ape Timur,-8.268371475775464,123.52357647252981,5313
531401,Rote Barat Daya,-10.876317793258574,122.95551672012066,5314
531402,Rote Barat Laut,-10.777635728299597,122.97052088381673,5314
531403,Lobalain,-10.78693017279533,123.07819604171783,5314
531404,Rote Tengah,-10.703964387597212,123.15446901899946,5314
531405,Pantai Baru,-10.66307509359434,123.25707865046625,5314
531406,Rote Timur,-10.637333333429806,123.36209101742651,5314
531407,Rote Barat,-10.863625134363286,122.85206293915594,5314
531408,Rote Selatan,-10.787114303428574,123.19504447320537,5314
531409,Ndao Nuse,-10.804438255580768,122.70835110690594,5314
531410,Landu Leko,-10.533079165871008,123.33035260475836,5314
531411,Loaholu,-10.799721554419095,122.89257967923115,5314
531501,Macang Pacar,-8.383836733865898,120.21422888934868,5315
531502,Kuwus,-8.559968541239535,120.3048641673735,5315
531503,Lembor,-8.701758678949247,120.16775468663,5315
531504,Sano Nggoang,-8.688111524471879,119.97588920507522,5315
531505,Komodo,-8.625922058581944,119.68593903883222,5315
531506,Boleng,-8.481465145998666,120.04319450879304,5315
531507,Welak,-8.621491890684368,120.20302382254381,5315
531508,Ndoso,-8.4831715869954,120.33267030340578,5315
531509,Lembor Selatan,-8.773393917111633,120.1044330578665,5315
531510,Mbeliling,-8.593876891034691,120.04574703807488,5315
531511,Pacar,-8.502524297655242,120.19284114347197,5315
531512,Kuwus Barat,-8.553378208667011,120.25110422637029,5315
531601,Aesesa,-8.570207650833161,121.2625589597625,5316
531602,Nangaroro,-8.763735837912918,121.34794774765734,5316
531603,Boawae,-8.736195888819053,121.18559222448732,5316
531604,Mauponggo,-8.857899590145038,121.19351208404092,5316
531605,Wolowae,-8.618071263408607,121.43261354098804,5316
531606,Keo Tengah,-8.870995242430025,121.29692739717025,5316
531607,Aesesa Selatan,-8.664009332289726,121.2423180146339,5316
531701,Katiku Tana,-9.582633144854734,119.53851979282813,5317
531702,Umbu Ratu Nggay Barat,-9.589311188807566,119.63248913636774,5317
531703,Mamboro,-9.423704179456772,119.52997610609299,5317
531704,Umbu Ratu Nggay,-9.50900305487675,119.79137195172184,5317
531705,Katiku Tana Selatan,-9.706457535353486,119.61040474166293,5317
531706,Umbu Ratu Nggay Tengah,-9.51738704193962,119.69139401186226,5317
531801,Loura,-9.417981807444207,119.30518275573702,5318
531802,Wewewa Utara,-9.51927350002479,119.37042267339704,5318
531803,Wewewa Timur,-9.610179288742334,119.31000753094635,5318
531804,Wewewa Barat,-9.501736262936454,119.1916875979946,5318
531805,Wewewa Selatan,-9.60284142481294,119.17911779350779,5318
531806,Kodi Bangedo,-9.632721966077863,119.07022459258552,5318
531807,Kodi,-9.557765741276574,118.9820555826504,5318
531808,Kodi Utara,-9.49080923097707,119.05458576119156,5318
531809,Kota Tambolaka,-9.43076487492111,119.19945287872663,5318
531810,Wewewa Tengah,-9.530027997321703,119.29442067200142,5318
531811,Kodi Balaghar,-9.654519749441322,119.07687939539144,5318
531901,Borong,-8.72031903595313,120.62739420495538,5319
531902,Lamba Leda Selatan,-8.563480603770051,120.56192328354533,5319
531903,Lamba Leda,-8.446454499319376,120.58650622413089,5319
531904,Sambi Rampas,-8.401348462866075,120.74185368299324,5319
531905,Elar,-8.470053092787287,120.81646142750319,5319
531906,Kota Komba,-8.79348250368974,120.74273051251741,5319
531907,Rana Mese,-8.712854138281383,120.5447860853252,5319
531908,Lamba Leda Timur,-8.561720427504754,120.6303538784948,5319
531909,Elar Selatan,-8.606805630218672,120.82107612570196,5319
531910,Kota Komba Utara,-8.677600038074496,120.72209542546737,5319
531911,Lamba Leda Utara,-8.346840430968491,120.57861478481044,5319
531912,Congkar,-8.543416029030574,120.69544277994768,5319
532001,Sabu Barat,-10.514914567457048,121.85526756479692,5320
532002,Sabu Tengah,-10.48307756128879,121.93765803944227,5320
532003,Sabu Timur,-10.497676566336244,121.97832581010773,5320
532004,Sabu Liae,-10.588279619848937,121.87048134542152,5320
532005,Hawu Mehara,-10.579225932543292,121.74971140071749,5320
532006,Raijua,-10.623309777198083,121.5718986576177,5320
532101,Malaka Tengah,-9.568495049323444,124.89707288525611,5321
532102,Malaka Barat,-9.653161632177783,124.92323562912233,5321
532103,Wewiku,-9.714463143656577,124.83662425078342,5321
532104,Weliman,-9.625089113105108,124.86808390519343,5321
532105,Rinhat,-9.602315293834566,124.74041252058026,5321
532106,Io Kufeu,-9.508715239184276,124.77247976900173,5321
532107,Sasitamean,-9.493976279683853,124.82453025065139,5321
532108,Laenmanen,-9.415797867598044,124.84201959106832,5321
532109,Malaka Timur,-9.424296683593534,124.91332404601596,5321
532110,Kobalima Timur,-9.387820233733255,125.03664958714903,5321
532111,Kobalima,-9.468843412644077,124.98856767144632,5321
532112,Botin Leobele,-9.494025971276443,124.90500633530604,5321
537101,Alak,-10.222344361411002,123.57154089397989,5371
537102,Maulafa,-10.215740439923565,123.62734861841227,5371
537103,Kelapa Lima,-10.148320925135422,123.64977013550842,5371
537104,Oebobo,-10.167940235850304,123.6249747126272,5371
537105,Kota Raja,-10.18196499571997,123.5918044091379,5371
537106,Kota Lama,-10.157480892461125,123.59396200105327,5371
610101,Sambas,1.338721522192285,109.30624615661995,6101
610102,Teluk Keramat,1.4712698646472824,109.22277548484577,6101
610103,Jawai,1.3958560653449366,109.0835547243344,6101
610104,Tebas,1.128696184691036,109.252965676055,6101
610105,Pemangkat,1.1602009875398733,108.97842724129384,6101
610106,Sejangkung,1.4140579903251662,109.49162662666699,6101
610107,Selakau,1.048882070753869,109.00426746126426,6101
610108,Paloh,1.8325861816117948,109.41130173127503,6101
610109,Sajingan Besar,1.6431915182697703,109.58077302272919,6101
610110,Subah,1.2059495174116022,109.45426358682593,6101
610111,Galing,1.596324918583986,109.3924938846529,6101
610112,Tekarang,1.2875086256954655,109.12051259706763,6101
610113,Semparuk,1.1520345338777656,109.0760986098016,6101
610114,Sajad,1.3884807991645256,109.41088746543153,6101
610115,Sebawi,1.2679632417571165,109.22714879320256,6101
610116,Jawai Selatan,1.2422179102308641,109.02949267842247,6101
610117,Tangaran,1.537503957673246,109.13668363451842,6101
610118,Salatiga,1.1123657012005104,109.00766974732204,6101
610119,Selakau Timur,1.036271192222603,109.13667823240749,6101
610201,Mempawah Hilir,0.4305266756005911,109.0218603769989,6102
610206,Toho,0.4111015205269745,109.21425145199119,6102
610207,Sungai Pinyuh,0.2814954404174244,109.1086306410021,6102
610208,Jongkat,0.08380008932650866,109.26840090145791,6102
610212,Sungai Kunyit,0.5097629186056581,108.98667896767564,6102
610215,Segedong,0.18541859634903607,109.253001382616,6102
610216,Anjongan,0.3487633091836363,109.15656926023924,6102
610217,Sadaniang,0.576368264447928,109.16779358728394,6102
610218,Mempawah Timur,0.3620758801952155,109.02886114654068,6102
610301,Kapuas,0.03424887005519425,110.58200764963131,6103
610302,Mukok,0.1727213117203972,110.79858655458696,6103
610303,Noyan,0.6971187812850219,110.5759274671263,6103
610304,Jangkang,0.503713064527124,110.82289437861654,6103
610305,Bonti,0.45945420762786865,110.58370447590013,6103
610306,Beduai,0.7372360642062782,110.30677015327808,6103
610307,Sekayam,0.8104410013001812,110.57873040476609,6103
610308,Kembayan,0.5491208167729655,110.38143538703146,6103
610309,Parindu,0.20039396554287184,110.41326825639338,6103
610310,Tayan Hulu,0.3531073682358847,110.26122573458765,6103
610311,Tayan Hilir,0.0011045005572555536,110.10518786352152,6103
610312,Balai,0.13846339968419122,110.09521470605021,6103
610313,Toba,-0.2595491838482661,110.0724917282674,6103
610320,Meliau,-0.22704993786879993,110.363482048211,6103
610321,Entikong,1.0061708407871832,110.25542065283605,6103
610401,Matan Hilir Utara,-1.4724462969665568,110.16144866506181,6104
610402,Marau,-2.131127884791493,110.65214571787959,6104
610403,Manis Mata,-2.455423014994088,111.01381117041639,6104
610404,Kendawangan,-2.590668082811226,110.52191874315747,6104
610405,Sandai,-1.169722680118583,110.60521340090389,6104
610407,Sungai Laur,-0.8909089384726195,110.52702591021387,6104
610408,Simpang Hulu,-0.5525941937679609,110.27233492065395,6104
610411,Nanga Tayap,-1.495149278153932,110.5701357475856,6104
610412,Matan Hilir Selatan,-2.032393083167639,110.23878630952788,6104
610413,Tumbang Titi,-1.8344313522060154,110.6409706464311,6104
610414,Jelai Hulu,-1.9230239566203662,110.89001069641004,6104
610416,Delta Pawan,-1.812528458726984,109.95799470783749,6104
610417,Muara Pawan,-1.6901960083435428,110.14310160475877,6104
610418,Benua Kayong,-1.8335032394794808,110.10358290630639,6104
610419,Hulu Sungai,-1.0214655835466446,110.98250041950976,6104
610420,Simpang Dua,-0.8199526620998561,110.2576287356024,6104
610421,Air Upas,-2.3183899156791203,110.81172062893427,6104
610422,Singkup,-2.4304033742231375,110.68074689960727,6104
610424,Pemahan,-1.7292607922510934,110.55817969769541,6104
610425,Sungai Melayu Rayak,-1.7622875415394263,110.36240697835233,6104
610501,Sintang,0.07068374528895677,111.50580446554557,6105
610502,Tempunak,-0.13987086266412233,111.33705172070219,6105
610503,Sepauk,-0.18281321737772127,111.18877275104926,6105
610504,Ketungau Hilir,0.4346041168758986,111.48885625894518,6105
610505,Ketungau Tengah,0.7572119683082593,111.46047527888663,6105
610506,Ketungau Hulu,0.8798912339591428,111.08172611161797,6105
610507,Dedai,-0.021006357506653358,111.70755758208071,6105
610508,Kayan Hilir,-0.03183590977568498,111.92550012543362,6105
610509,Kayan Hulu,-0.07240578977933602,112.24685565704604,6105
610514,Serawai,-0.3890745622238003,112.59141465547349,6105
610515,Ambalau,-0.0905626003074859,112.98491512167185,6105
610519,Kelam Permai,0.16578817421029524,111.72934307353128,6105
610520,Sungai Tebelian,-0.15428515781955585,111.47834068397843,6105
610521,Binjai Hulu,0.20512396973683666,111.49531417574818,6105
610601,Putussibau Utara,1.1266615945022196,113.08650019176983,6106
610602,Bika,0.7574198945598166,112.80895877805935,6106
610603,Embaloh Hilir,0.900351765676405,112.60889474667887,6106
610604,Embaloh Hulu,1.3449047878026974,112.58910253329172,6106
610605,Bunut Hilir,0.7237146649787519,112.55049994185823,6106
610606,Bunut Hulu,0.34962152654239115,112.7753495342873,6106
610607,Jongkong,0.669351458304668,112.33175361217053,6106
610608,Hulu Gurung,0.3783806321633381,112.27340846756812,6106
610609,Selimbau,0.7281323443477736,112.17467835391606,6106
610610,Semitau,0.5943633450365666,111.85361961228644,6106
610611,Seberuang,0.37564841806728505,112.05849935324424,6106
610612,Batang Lupar,1.0450634589692778,112.26679200601716,6106
610613,Empanang,0.8370555058622793,111.80660637930984,6106
610614,Badau,0.9917756258447447,111.96752815351252,6106
610615,Silat Hilir,0.3372955438151841,111.82174158503476,6106
610616,Silat Hulu,0.19558165603116626,112.2277152629225,6106
610617,Putussibau Selatan,0.922487277395754,113.6372159506155,6106
610618,Kalis,0.49123768664714723,113.19794309160007,6106
610619,Boyan Tanjung,0.4066487859706968,112.50222466045845,6106
610620,Mentebah,0.5127355880470453,112.87619038118673,6106
610621,Pengkadan,0.5003762452028644,112.37060250858802,6106
610622,Suhaid,0.6716939172701829,112.03100952248298,6106
610623,Puring Kencana,0.9713335150007968,111.67541341944077,6106
610701,Sungai Raya,0.5891002809608682,108.96728767775724,6107
610702,Samalantan,0.7979069883605111,109.24219243596535,6107
610703,Ledo,1.012878830907247,109.6092842963272,6107
610704,Bengkayang,0.8432850137104847,109.50219388273788,6107
610705,Seluas,1.2113409177091035,109.79892758831731,6107
610706,Sanggau Ledo,1.1694508835772892,109.66913246881954,6107
610707,Jagoi Babang,1.3895039384349412,109.79043028723704,6107
610708,Monterado,0.7765592103572017,109.12190810553872,6107
610709,Teriak,0.7893230851777829,109.58087356444373,6107
610710,Suti Semarang,0.9108101344139256,109.7748146416425,6107
610711,Capkala,0.6447730200620032,109.0422487199887,6107
610712,Siding,1.1603741043492926,110.00870853112963,6107
610713,Lumar,0.9598490868724212,109.4491594910771,6107
610714,Sungai Betung,0.8342341015126729,109.38408017496296,6107
610715,Sungai Raya Kepulauan,0.7407091535917768,108.91387841177533,6107
610716,Lembah Bawang,0.9349290884871141,109.27313281249545,6107
610717,Tujuh Belas,1.0341505479981359,109.80153504307415,6107
610801,Ngabang,0.34578540440442035,109.89677802955245,6108
610802,Mempawah Hulu,0.6455550534540049,109.36157841274368,6108
610803,Menjalin,0.47145480698995107,109.33013209726991,6108
610804,Mandor,0.3086439092989259,109.39284120431242,6108
610805,Air Besar,0.8248621999083918,110.05897965388728,6108
610806,Menyuke,0.5856617501240123,109.66498031530882,6108
610807,Sengah Temila,0.3361793879495178,109.68624830916673,6108
610808,Meranti,0.7435756521494906,109.75447369783808,6108
610809,Kuala Behe,0.6317743577124924,109.9524539584857,6108
610810,Sebangki,0.14093903813002623,109.589017857406,6108
610811,Jelimpo,0.37849380390764853,110.10010584112315,6108
610812,Banyuke Hulu,0.645021339806889,109.53532102936431,6108
610813,Sompak,0.49981378948363786,109.49585171736962,6108
610901,Sekadau Hilir,0.034187645911480255,110.93765182852098,6109
610902,Sekadau Hulu,-0.16176217938080995,110.93229967750226,6109
610903,Nanga Taman,-0.3191387224937379,110.80521688687722,6109
610904,Nanga Mahap,-0.5035333440880198,110.7757043172064,6109
610905,Belitang Hilir,0.22047256804262166,111.0582998746117,6109
610906,Belitang Hulu,0.5266933950640388,111.114116027325,6109
610907,Belitang,0.23686747672881336,111.2067057139022,6109
611001,Belimbing,-0.43424575916176195,111.44767071122982,6110
611002,Nanga Pinoh,-0.3612286465560867,111.77718720019958,6110
611003,Ella Hilir,-0.5479095438566893,112.05200547780714,6110
611004,Menukung,-0.4540331407569705,112.29390154408406,6110
611005,Sayan,-0.7556709602401176,111.72069671424327,6110
611006,Tanah Pinoh,-0.8059410642948094,111.5516646529602,6110
611007,Sokan,-1.0671602500173842,111.3874721392627,6110
611008,Pinoh Utara,-0.26571870288302074,111.84813648848825,6110
611009,Pinoh Selatan,-0.58578550521877,111.85874912266766,6110
611010,Belimbing Hulu,-0.4834988776711827,111.54331250073254,6110
611011,Tanah Pinoh Barat,-0.7583140121962844,111.37123364550689,6110
611101,Sukadana,-1.25416213282985,110.07181759135243,6111
611102,Simpang Hilir,-1.0595743002478792,110.11699617152583,6111
611103,Teluk Batang,-0.9658607070310602,109.81925646083607,6111
611104,Pulau Maya,-1.1310600457638593,109.57867510665125,6111
611105,Seponti,-0.8353142005600107,109.93235915545503,6111
611106,Kepulauan Karimata,-1.5578744505896178,108.93308669290636,6111
611201,Sungai Raya,-0.22901338610457725,109.63505915984592,6112
611202,Kuala Mandor B,0.09216994463193529,109.48001918033172,6112
611203,Sungai Ambawang,-0.06501119365655204,109.65336426429299,6112
611204,Terentang,-0.38954522711785444,109.76093934098064,6112
611205,Batu Ampar,-0.7541991105894998,109.6076182305579,6112
611206,Kubu,-0.48786442240709554,109.43454636589317,6112
611207,Rasau Jaya,-0.2444914383188268,109.35493039151604,6112
611208,Teluk Pakedai,-0.34934897184668734,109.17852191600652,6112
611209,Sungai Kakap,-0.13048516002786903,109.20847107957036,6112
617101,Pontianak Selatan,-0.055735635512671966,109.32846575329344,6171
617102,Pontianak Timur,-0.03741505729775347,109.36711484614376,6171
617103,Pontianak Barat,-0.015814300357605372,109.30082769497878,6171
617104,Pontianak Utara,0.00799089121832399,109.33664605969282,6171
617105,Pontianak Kota,-0.03663674300562847,109.31348410491758,6171
617106,Pontianak Tenggara,-0.07194738974692588,109.34501019649649,6171
617201,Singkawang Tengah,0.9163642033174384,109.00439540843347,6172
617202,Singkawang Barat,0.9036428559013154,108.97560266303788,6172
617203,Singkawang Timur,0.9169865061490946,109.09273236503104,6172
617204,Singkawang Utara,0.9688238565783771,109.02625433506317,6172
617205,Singkawang Selatan,0.8171995698129106,108.97787074582016,6172
620101,Kumai,-2.9527558915819236,111.89668939030626,6201
620102,Arut Selatan,-2.5473223728686647,111.60094941923039,6201
620103,Kotawaringin Lama,-2.4722148538275404,111.40828801125602,6201
620104,Arut Utara,-2.000819369451743,111.9013395556231,6201
620105,Pangkalan Lada,-2.47542753176544,111.7800417375566,6201
620106,Pangkalan Banteng,-2.4611390902214327,111.94014352608866,6201
620201,Kota Besi,-2.3414823995416403,112.82563441977871,6202
620202,Cempaga,-2.2415535768702144,113.0206509384827,6202
620203,Mentaya Hulu,-2.065990923914028,112.5237072424896,6202
620204,Parenggean,-2.01806917765965,112.78800279403617,6202
620205,Baamang,-2.466286572571183,112.94717911392242,6202
620206,Mentawa Baru Ketapang,-2.5747101837029405,112.88826993968479,6202
620207,Mentaya Hilir Utara,-2.654063865857492,112.73564907952714,6202
620208,Mentaya Hilir Selatan,-2.8810264729787898,112.91839359684609,6202
620209,Pulau Hanaut,-2.883844880238771,113.07058610383012,6202
620210,Antang Kalang,-1.4198639553547585,112.59911332773214,6202
620211,Teluk Sampit,-3.0890571224923775,112.90507469955028,6202
620212,Seranau,-2.5285593544398375,113.08235388543157,6202
620213,Cempaga Hulu,-1.9648895193467317,113.04084474291231,6202
620214,Telawang,-2.3635525016903056,112.5750330346702,6202
620215,Bukit Santuai,-1.7067013633797785,112.30615200760893,6202
620216,Tualan Hulu,-1.7113832684114447,112.7928201615851,6202
620217,Telaga Antang,-1.5439123715440073,112.42094818490055,6202
620301,Selat,-2.999571393279794,114.3786390651245,6203
620302,Kapuas Hilir,-2.9951370706827074,114.45693966279953,6203
620303,Kapuas Timur,-3.0823559210492637,114.4606758647879,6203
620304,Kapuas Kuala,-3.329676670022958,114.28614194304086,6203
620305,Kapuas Barat,-2.7996750497833065,114.39281251772998,6203
620306,Pulau Petak,-2.9053466908066428,114.48058443820497,6203
620307,Kapuas Murung,-2.7500350047751048,114.62402491375362,6203
620308,Basarang,-2.9614680973277316,114.29942487094843,6203
620309,Mantangai,-1.9691761478059993,114.31231735221904,6203
620310,Timpah,-1.5869540668467874,114.536586046275,6203
620311,Kapuas Tengah,-1.1869790776891491,114.3879072656321,6203
620312,Kapuas Hulu,-0.8874831700347207,113.95497733123857,6203
620313,Tamban Catur,-3.217630796074911,114.39514383510745,6203
620314,Pasak Talawang,-1.0981048043888626,114.16318771096392,6203
620315,Mandau Talawang,-0.6367429834380594,113.92858079710888,6203
620316,Dadahup,-2.568136676577975,114.64511208560728,6203
620317,Bataguh,-3.168973778778281,114.28025171019024,6203
620401,Jenamas,-2.4363792985955395,114.86872956472327,6204
620402,Dusun Hilir,-2.199686129495054,114.77755110084252,6204
620403,Karau Kuala,-1.9059917099327381,114.78200900095104,6204
620404,Dusun Utara,-1.4317241045297158,114.9111664661666,6204
620405,Gn. Bintang Awai,-1.4887535170849104,115.23920019928663,6204
620406,Dusun Selatan,-1.6767133505421754,114.8092930717374,6204
620501,Montallat,-1.246365094092964,114.81388701431763,6205
620502,Gunung Timang,-1.229487520630759,115.18626149993017,6205
620503,Gunung Purei,-1.2075134515538488,115.60115232257533,6205
620504,Teweh Timur,-1.011821267563059,115.40388563943932,6205
620505,Teweh Tengah,-0.9743646430059257,114.67831112331275,6205
620506,Lahei,-0.5475945442074575,115.15421350622239,6205
620507,Teweh Baru,-1.0013900591227909,115.09489194647311,6205
620508,Teweh Selatan,-1.1097147787842543,114.86887315811113,6205
620509,Lahei Barat,-0.7190047930210978,114.929415295662,6205
620601,Kamipang,-2.3584871289329894,113.4541987283341,6206
620602,Katingan Hilir,-1.9082451172885706,113.3584385769128,6206
620603,Tewang Sangalang Garing,-1.7507787989251151,113.28385044910863,6206
620604,Pulau Malan,-1.5822165152092433,113.25974879439809,6206
620605,Katingan Tengah,-1.481448956265569,112.99570359949536,6206
620606,Sanaman Mantikei,-1.1479617085392984,113.04192532531941,6206
620607,Marikit,-0.9761714274100353,112.6407792164241,6206
620608,Katingan Hulu,-1.075442358324789,112.34525422486598,6206
620609,Mendawai,-2.7589307170461845,113.3720244347002,6206
620610,Katingan Kuala,-3.0543892342842907,113.47325999229108,6206
620611,Tasik Payawan,-2.0555045549531163,113.45075568376376,6206
620612,Petak Malai,-0.7968415031102836,112.9878485268354,6206
620613,Bukit Raya,-0.8947890053448142,112.23879930052433,6206
620701,Seruyan Hilir,-3.0858471674221364,112.40518155460857,6207
620702,Seruyan Tengah,-1.9014847856140062,112.11405174805638,6207
620703,Danau Sembuluh,-2.782144919306291,112.30406158278669,6207
620704,Hanau,-2.5428227757505812,112.14573722544142,6207
620705,Seruyan Hulu,-1.1450406732222673,111.93216886690509,6207
620706,Seruyan Hilir Timur,-3.252195307747726,112.65732519571476,6207
620707,Seruyan Raya,-2.5528296721244272,112.40357307884487,6207
620708,Danau Seluluk,-2.334152818283555,112.26266999314177,6207
620709,Batu Ampar,-2.219170824599761,112.18692882356171,6207
620710,Suling Tambun,-1.3068099890796048,111.69277218736713,6207
620801,Sukamara,-2.6316991739483493,111.2267015124526,6208
620802,Jelai,-2.937414722115228,110.89595725405476,6208
620803,Balai Riam,-2.346406294990067,111.17442090203424,6208
620804,Pantai Lunci,-2.9138505129761447,111.14801495476895,6208
620805,Permata Kecubung,-2.1819634618402945,111.19695945694046,6208
620901,Lamandau,-1.9032962222809364,111.184910236923,6209
620902,Delang,-1.6250281444432635,111.03288780621781,6209
620903,Bulik,-2.1202592446206547,111.43023036688349,6209
620904,Bulik Timur,-1.7356463097111134,111.61940030423101,6209
620905,Menthobi Raya,-1.9092553779640349,111.72227395114386,6209
620906,Sematu Jaya,-2.2241192590888024,111.55677455670835,6209
620907,Belantikan Raya,-1.5572407269379542,111.43489611175225,6209
620908,Batang Kawa,-1.6354688055801405,111.20354795093031,6209
621001,Sepang,-1.4818836776015978,113.87600293875059,6210
621002,Kurun,-1.181300580080435,113.86107473074068,6210
621003,Tewah,-0.9975649470998236,113.70909006211267,6210
621004,Kahayan Hulu Utara,-0.8575201944244311,113.51703280084585,6210
621005,Rungan,-1.399830521980181,113.64279538872002,6210
621006,Manuhing,-1.4706079298369663,113.45084608899839,6210
621007,Mihing Raya,-1.3575464678448672,113.88477738647497,6210
621008,Damang Batu,-0.6821387834862284,113.33200978566715,6210
621009,Miri Manasa,-0.5719344128093344,113.58872447880512,6210
621010,Rungan Hulu,-1.109923303471816,113.55376778819925,6210
621011,Manuhing Raya,-1.1741963538395428,113.30720317140542,6210
621012,Rungan Barat,-1.2056740281140934,113.446943198182,6210
621101,Pandih Batu,-3.0807505470208763,114.09586489942087,6211
621102,Kahayan Kuala,-3.299502641622824,113.9392550266353,6211
621103,Kahayan Tengah,-2.015847617543106,113.9892552215965,6211
621104,Banama Tingang,-1.6797551950542535,113.90720600365898,6211
621105,Kahayan Hilir,-2.7541387976417737,114.2103761187956,6211
621106,Maliku,-2.9523039343550637,114.16040126624114,6211
621107,Jabiren Raya,-2.431226280120333,114.19741497144338,6211
621108,Sebangau Kuala,-2.8331107232408828,113.8473419843589,6211
621201,Murung,-0.7398170884312077,114.55401083569252,6212
621202,Tanah Siang,-0.3512468577895824,114.50776256557535,6212
621203,Laung Tuhup,-0.38079490115306347,114.71910105086417,6212
621204,Permata Intan,-0.7114821315320728,114.26696834722966,6212
621205,Sumber Barito,-0.41887913354413275,114.14998297762415,6212
621206,Barito Tuhup Raya,-0.37582178967408286,114.897738386947,6212
621207,Tanah Siang Selatan,-0.6615656048640036,114.46377318454546,6212
621208,Sungai Babuat,-0.5279554734445016,114.37416145806948,6212
621209,Seribu Riam,0.0658961190226579,113.77693949403913,6212
621210,Uut Murung,0.29660883724905096,114.5409826908222,6212
621301,Dusun Timur,-2.108530036771306,115.17335937921574,6213
621302,Banua Lima,-2.1969780235304843,115.2156905229354,6213
621303,Patangkep Tutui,-1.9915947297346634,115.35154239943995,6213
621304,Awang,-1.9657866003221103,115.2548571893769,6213
621305,Dusun Tengah,-1.763617261069157,115.24057793427623,6213
621306,Pematang Karau,-1.8329615651100735,115.02419042091422,6213
621307,Paju Epat,-2.1853161710185627,115.01901043486208,6213
621308,Raren Batuah,-1.6962908504455918,115.1766432786776,6213
621309,Paku,-1.8978840132909112,115.19078356126825,6213
621310,Karusen Janang,-1.9597163729307334,115.07821553618564,6213
627101,Pahandut,-2.207675263791676,113.9523086232353,6271
627102,Bukit Batu,-1.9958754419438929,113.74280378006736,6271
627103,Jekan Raya,-2.1910492843948584,113.80992825148304,6271
627104,Sabangau,-2.3087946913743975,113.91366137955255,6271
627105,Rakumpit,-1.7523094756494813,113.66098211216709,6271
630101,Takisung,-3.8692317894793087,114.64883141786271,6301
630102,Jorong,-3.948256687395654,114.960304675897,6301
630103,Pelaihari,-3.792213410369847,114.74707029737506,6301
630104,Kurau,-3.6496533773307327,114.63088670202848,6301
630105,Bati Bati,-3.577422707709079,114.78298080655281,6301
630106,Panyipatan,-4.05686443271703,114.70984456229812,6301
630107,Kintap,-3.7731600324580934,115.20842143065236,6301
630108,Tambang Ulang,-3.6558263940638165,114.74168046707459,6301
630109,Batu Ampar,-3.84544660752871,114.92323998991179,6301
630110,Bajuin,-3.724284852287557,114.88469046432822,6301
630111,Bumi Makmur,-3.554908880272167,114.62980498283618,6301
630201,Pulau Sembilan,-4.774690463042981,115.77647403367942,6302
630202,Pulau Laut Barat,-3.862893396865437,116.10928963902153,6302
630203,Pulau Laut Selatan,-3.8155621205029115,116.23467709330808,6302
630204,Pulau Laut Timur,-3.550005397252275,116.22612681560852,6302
630205,Pulau Sebuku,-3.509791077246373,116.38044342581364,6302
630206,Pulaulaut Utara,-3.306513498135465,116.19192284746931,6302
630207,Kelumpang Selatan,-3.102479646148634,116.1321042450518,6302
630208,Kelumpang Hulu,-2.915663033111953,115.95893063817066,6302
630209,Kelumpang Tengah,-2.87421743770162,116.20999801943464,6302
630210,Kelumpang Utara,-2.843804109416703,116.30482131318115,6302
630211,Pamukan Selatan,-2.541039011807088,116.41516804658549,6302
630212,Sampanahan,-2.6427931539390257,116.25657977072777,6302
630213,Pamukan Utara,-2.404763935908814,116.26106974773099,6302
630214,Hampang,-2.8983126492921656,115.7388351769426,6302
630215,Sungai Durian,-2.5352800565406963,115.98724138507123,6302
630216,Pulau Laut Tengah,-3.556628554613619,116.09927043222605,6302
630217,Kelumpang Hilir,-3.190134955557149,116.04284067050182,6302
630218,Kelumpang Barat,-2.714158886193769,116.08530057891514,6302
630219,Pamukan Barat,-2.388651346446566,115.98726001780729,6302
630220,Pulau Laut Kepulauan,-3.9607835715195425,116.17082846403491,6302
630221,Pulau Laut Tanjung Selayar,-4.013904795250655,116.09331682098146,6302
630222,Pulaulaut Sigam,-3.2531785463862106,116.25436237932242,6302
630301,Aluh Aluh,-3.452529375514515,114.53751898086023,6303
630302,Kertak Hanyar,-3.3751035969326635,114.63518204344284,6303
630303,Gambut,-3.4333895352398653,114.64916665984374,6303
630304,Sungai Tabuk,-3.3054473583268895,114.70585367881529,6303
630305,Martapura,-3.4130214478401815,114.84172974087447,6303
630306,Karang Intan,-3.485936194053835,114.97010451722777,6303
630307,Astambul,-3.3352304901168344,114.89183617215815,6303
630308,Simpang Empat,-3.247102012472132,115.04537909232147,6303
630309,Pengaron,-3.3103688475539426,115.15388265355604,6303
630310,Sungai Pinang,-3.25109510622604,115.31745086152638,6303
630311,Aranio,-3.522097167292716,115.15567542959238,6303
630312,Mataraman,-3.3262393648893704,114.98514061806708,6303
630313,Beruntung Baru,-3.5055114596463475,114.60708831663594,6303
630314,Martapura Barat,-3.3428897633360175,114.79210415520514,6303
630315,Martapura Timur,-3.381467630799179,114.85010551448008,6303
630316,Sambung Makmur,-3.2167226917782914,115.13997375928813,6303
630317,Paramasan,-3.0174156113668067,115.42637549112331,6303
630318,Telaga Bauntung,-3.095051149285721,115.23094743369748,6303
630319,Tatah Makmur,-3.4095146111872405,114.58187514573186,6303
630320,Cintapuri Darussalam,-3.180622530950529,114.90133900369797,6303
630401,Tabunganen,-3.4362198637145,114.43950812896952,6304
630402,Tamban,-3.3298329820364208,114.46936527876133,6304
630403,Anjir Pasar,-3.1364952993413335,114.5080188375697,6304
630404,Anjir Muara,-3.1869453628045545,114.53020837658397,6304
630405,Alalak,-3.228107873111236,114.59345412694962,6304
630406,Mandastana,-3.2144848124298027,114.66755854720616,6304
630407,Rantau Badauh,-3.1104749094593163,114.71409928075985,6304
630408,Belawang,-3.115928387370263,114.62017753730022,6304
630409,Cerbon,-3.0467107130079496,114.77499955036255,6304
630410,Bakumpai,-2.881558255625261,114.7896901902092,6304
630411,Kuripan,-2.6752019093364687,114.79866360341661,6304
630412,Tabukan,-2.829036896980537,114.65635176474709,6304
630413,Mekarsari,-3.278412153660593,114.45241017572522,6304
630414,Barambai,-2.9909165627766217,114.65504813013625,6304
630415,Marabahan,-2.9080667811594605,114.71458518170452,6304
630416,Wanaraya,-3.012927162638384,114.57664272101168,6304
630417,Jejangkit,-3.1649968237785395,114.78328691589108,6304
630501,Binuang,-3.1144726431710636,115.06044774629146,6305
630502,Tapin Selatan,-3.030133804862481,115.10734672469081,6305
630503,Tapin Tengah,-2.9893513095428372,114.99048052789352,6305
630504,Tapin Utara,-2.9271165916618687,115.15762888206635,6305
630505,Candi Laras Selatan,-2.860638810464838,114.98841503398748,6305
630506,Candi Laras Utara,-2.779322737531625,114.88295751041758,6305
630507,Bakarangan,-2.880522746429047,115.11502623950726,6305
630508,Piani,-2.9374818392612894,115.38566565376756,6305
630509,Bungur,-2.99406413253131,115.21384963450444,6305
630510,Lokpaikat,-2.913732082608895,115.21057399463861,6305
630511,Salam Babaris,-3.071062127357508,115.17177328868847,6305
630512,Hatungun,-3.152387084946487,115.1789454200643,6305
630601,Sungai Raya,-2.847730425858279,115.23343677862913,6306
630602,Padang Batung,-2.8528055063078903,115.31966030370728,6306
630603,Telaga Langsat,-2.7482099660310215,115.35570668411677,6306
630604,Angkinang,-2.7198551987162105,115.27421560726059,6306
630605,Kandangan,-2.726773734720734,115.22347926505324,6306
630606,Simpur,-2.7674280872428594,115.18745367323721,6306
630607,Daha Selatan,-2.6566715040176776,115.05451632722983,6306
630608,Daha Utara,-2.564043401186703,115.04617767449155,6306
630609,Kalumpang,-2.800202754106579,115.12579109228867,6306
630610,Loksado,-2.8074583472478865,115.48051465300617,6306
630611,Daha Barat,-2.6767672683533927,115.00103215721477,6306
630701,Haruyan,-2.6955602317065286,115.3651943812886,6307
630702,Batu Benawa,-2.616059095810135,115.43563641755108,6307
630703,Labuan Amas Selatan,-2.648415472346373,115.31060662442087,6307
630704,Labuan Amas Utara,-2.5961264350506346,115.23694182712093,6307
630705,Pandawan,-2.5502661512709897,115.32090505447438,6307
630706,Barabai,-2.5798761435618975,115.38750637491759,6307
630707,Batang Alai Selatan,-2.559812381844855,115.46174474475623,6307
630708,Batang Alai Utara,-2.5014505788139356,115.39795934707482,6307
630709,Hantakan,-2.683336544386274,115.49261697547277,6307
630710,Batang Alai Timur,-2.6068298773253615,115.64150665694213,6307
630711,Limpasu,-2.49521063181067,115.47991644869245,6307
630801,Danau Panggang,-2.442455798258522,115.0939145401934,6308
630802,Babirik,-2.51227635737951,115.1218940311261,6308
630803,Sungai Pandan,-2.4978387695267594,115.19923575601857,6308
630804,Amuntai Selatan,-2.369252548809754,115.16383110701653,6308
630805,Amuntai Tengah,-2.477502471174731,115.25802125676965,6308
630806,Amuntai Utara,-2.372803965830178,115.29378988272694,6308
630807,Banjang,-2.4467950977233355,115.32823024243062,6308
630808,Haur Gading,-2.371793349434188,115.23553535615231,6308
630809,Paminggir,-2.448606173558963,114.9871833113285,6308
630810,Sungai Tabukan,-2.445057136380862,115.17815238529086,6308
630901,Banua Lawas,-2.2952727637545127,115.2286549734591,6309
630902,Kelua,-2.254347656528421,115.2869436021562,6309
630903,Tanta,-2.2383167674611557,115.4039855294262,6309
630904,Tanjung,-2.1171988984061487,115.3739561319213,6309
630905,Haruai,-2.0286011494299103,115.53774948491106,6309
630906,Murung Pudak,-2.150580365203736,115.4625515951019,6309
630907,Muara Uya,-1.6951008705816435,115.60176414438189,6309
630908,Muara Harus,-2.2576868026707477,115.33446661495897,6309
630909,Pugaan,-2.3179207844408203,115.32706297502409,6309
630910,Upau,-2.0730560789955033,115.62451897793309,6309
630911,Jaro,-1.782683897850456,115.65631063219796,6309
630912,Bintang Ara,-1.694486263819685,115.44727840923349,6309
631001,Batu Licin,-3.452215199777437,115.94268940622005,6310
631002,Kusan Hilir,-3.5969657729150133,115.89644972553087,6310
631003,Sungai Loban,-3.6252947093272367,115.68206712896998,6310
631004,Satui,-3.6683630244290057,115.40906350977687,6310
631005,Kusan Hulu,-3.468611634147611,115.78136040874944,6310
631006,Simpang Empat,-3.3214082410346712,115.99268481186282,6310
631007,Karang Bintang,-3.359180114279244,115.86119522028518,6310
631008,Mantewe,-3.1847967649489264,115.69203274504706,6310
631009,Angsana,-3.687382600836654,115.58894373161321,6310
631010,Kuranji,-3.5338891701033623,115.70121491654639,6310
631011,Kusan Tengah,-3.5317440951794934,115.89459801471253,6310
631012,Teluk Kepayang,-3.3737299910191316,115.54693440733068,6310
631101,Juai,-2.2789547588828185,115.58829069921471,6311
631102,Halong,-2.247689473845378,115.72608666656802,6311
631103,Awayan,-2.4092222673712014,115.54582615899048,6311
631104,Batu Mandi,-2.427022060064487,115.44683098263177,6311
631105,Lampihong,-2.3570130809032857,115.36853432777175,6311
631106,Paringin,-2.2825997912272697,115.48609712737473,6311
631107,Paringin Selatan,-2.3606188945364677,115.47955151910365,6311
631108,Tebing Tinggi,-2.4620651958997155,115.67080599458819,6311
637101,Banjarmasin Selatan,-3.3554947603639684,114.57791771875112,6371
637102,Banjarmasin Timur,-3.3298664266653586,114.62697605023763,6371
637103,Banjarmasin Barat,-3.321431982934515,114.57017293887981,6371
637104,Banjarmasin Utara,-3.2926525776101183,114.6018675113239,6371
637105,Banjarmasin Tengah,-3.319635775313822,114.5891670871578,6371
637202,Landasan Ulin,-3.4591297035150634,114.76439983209576,6372
637203,Cempaka,-3.5101051580030926,114.8425409848373,6372
637204,Banjarbaru Utara,-3.4455076609058133,114.84745514627451,6372
637205,Banjarbaru Selatan,-3.457300905488063,114.83162398260856,6372
637206,Liang Anggang,-3.4501204719453096,114.71065440556407,6372
640101,Batu Sopang,-1.7504669776212514,115.91263732306479,6401
640102,Tanjung Harapan,-2.2426778909040808,116.48116130167656,6401
640103,Paser Belengkong,-1.9726123627396996,116.23659345571015,6401
640104,Tanah Grogot,-1.8820329224430952,116.28480308999809,6401
640105,Kuaro,-1.7829754315709945,116.16229909857402,6401
640106,Long Ikis,-1.5795224176687517,116.19238757658214,6401
640107,Muara Komam,-1.5064892488072559,115.80035972894042,6401
640108,Long Kali,-1.2896001749033534,116.17775381922621,6401
640109,Batu Engau,-2.1962801593595076,116.17245150618116,6401
640110,Muara Samu,-2.095608464126461,115.8719585879813,6401
640201,Muara Muntai,-0.5256375843627443,116.415695544143,6402
640202,Loa Kulu,-0.6560771596790688,116.76994263914625,6402
640203,Loa Janan,-0.740480099424212,117.01520114746374,6402
640204,Anggana,-0.6214436304293247,117.43338230506988,6402
640205,Muara Badak,-0.34096642269148625,117.37454001434843,6402
640206,Tenggarong,-0.4193886658220211,116.93232830623859,6402
640207,Sebulu,-0.26686472640542996,116.94278999266703,6402
640208,Kota Bangun,-0.2533331866328373,116.58940188438446,6402
640209,Kenohan,0.001562826138571165,116.27842565703047,6402
640210,Kembang Janggut,0.2642206344861742,116.17213655888713,6402
640211,Muara Kaman,0.0771041780131036,116.8639833762381,6402
640212,Tabang,0.8962749118399669,115.80804901857319,6402
640213,Samboja,-0.9586061800195195,117.11662947356277,6402
640214,Muara Jawa,-0.8092643268182335,117.21500275148956,6402
640215,Sanga Sanga,-0.6747233285077171,117.23993966502712,6402
640216,Tenggarong Seberang,-0.26559707836138763,117.13762272678042,6402
640217,Marang Kayu,-0.05135522350472112,117.30404485370214,6402
640218,Muara Wis,-0.2104541126944672,116.28064027406407,6402
640219,Kota Bangun Darat,-0.4370911913213935,116.65861489186088,6402
640220,Samboja Barat,-1.0132735301550204,116.97578282835725,6402
640301,Kelay,1.8076472858831667,116.82327115481132,6403
640302,Talisayan,1.4889668090844765,118.17458429525658,6403
640303,Sambaliung,1.9595349870851648,117.5329169881355,6403
640304,Segah,2.2306337384597676,116.92658594835633,6403
640305,Tanjung Redeb,2.14181935070459,117.4800913303005,6403
640306,Gunung Tabur,2.3202523020191728,117.52483977455594,6403
640307,Pulau Derawan,2.230135900510096,117.91222662866444,6403
640308,Biduk-Biduk,1.1778117327414301,118.68257034079488,6403
640309,Teluk Bayur,2.0417063563692475,117.2949458943523,6403
640310,Tabalar,1.6932801223466032,117.74303606801848,6403
640311,Maratua,2.206639519676397,118.5755733256081,6403
640312,Batu Putih,1.312584595791647,118.23494800671766,6403
640313,Biatan,1.5298259454847678,117.98435424687081,6403
640705,Long Iram,0.03570968126515417,115.56482429110186,6407
640706,Melak,-0.29943952440553484,115.82127459111689,6407
640707,Barong Tongkok,-0.21501760460001806,115.68382577592425,6407
640708,Damai,-0.6335665448337032,115.51851343390702,6407
640709,Muara Lawa,-0.522171202574238,115.75198864267193,6407
640710,Muara Pahu,-0.32602993600938096,116.03703344065448,6407
640711,Jempang,-0.555654170933952,116.11444098200334,6407
640712,Bongan,-0.8396834111606605,116.25125954811178,6407
640713,Penyinggahan,-0.36037997131247307,116.23309257079495,6407
640714,Bentian Besar,-0.8621336255356264,115.73114700751148,6407
640715,Linggang Bigung,-0.07908307122734806,115.48114981322135,6407
640716,Nyuatan,-0.28884916712990677,115.41531577462337,6407
640717,Siluq Ngurai,-0.7926186998433283,115.92650714289314,6407
640718,Mook Manaar Bulatn,-0.05492488522137595,115.87927026858522,6407
640719,Tering,0.05114493429267579,115.68281478799963,6407
640720,Sekolaq Darat,-0.27671324350234405,115.75505653771164,6407
640801,Muara Ancalong,0.453737955005379,116.5159658701284,6408
640802,Muara Wahau,1.4177714017401934,116.58256684589712,6408
640803,Muara Bengkal,0.40127352876658345,116.79937196051547,6408
640804,Sangatta Utara,0.5607460962851205,117.52452402922839,6408
640805,Sangkulirang,1.0647381789658819,118.04894232405904,6408
640806,Busang,0.9792809647916015,116.29712011645975,6408
640807,Telen,0.9615467072408049,116.7876394229411,6408
640808,Kombeng,1.2747620300647395,117.03077135313922,6408
640809,Bengalon,0.8959268701708594,117.43250172288656,6408
640810,Kaliorang,0.8667226720672454,117.86959188365152,6408
640811,Sandaran,1.0008702775161005,118.52826800723345,6408
640812,Sangatta Selatan,0.4341559967479951,117.32544409566265,6408
640813,Teluk Pandan,0.1934201903261559,117.33492193070816,6408
640814,Rantau Pulung,0.6384030794057274,117.19443862687187,6408
640815,Kaubun,1.0433720687756618,117.79004357302946,6408
640816,Karangan,1.317444835374779,117.58148625554428,6408
640817,Batu Ampar,0.6705422267601393,116.89588414565559,6408
640818,Long Mesangat,0.6156960994173877,116.70569900148823,6408
640901,Penajam,-1.2038080347161455,116.60593849871151,6409
640902,Waru,-1.302860656824298,116.47718982860796,6409
640903,Babulu,-1.4719985596616707,116.4440755757541,6409
640904,Sepaku,-0.9496011533113689,116.68258096301957,6409
641101,Long Bagun,0.7214462440909742,115.25536737842793,6411
641102,Long Hubung,0.23983816181687098,115.50855940146519,6411
641103,Laham,0.1011596521253201,115.06105908334003,6411
641104,Long Apari,1.0315372363112567,114.21493935201634,6411
641105,Long Pahangai,0.9872592297311162,114.67421302664302,6411
647101,Balikpapan Timur,-1.1749094335782728,116.96079672700003,6471
647102,Balikpapan Barat,-1.1141376834797936,116.81176683724773,6471
647103,Balikpapan Utara,-1.1591597011528036,116.8804240720303,6471
647104,Balikpapan Tengah,-1.251937155148159,116.83831252644315,6471
647105,Balikpapan Selatan,-1.2459347661291393,116.8927948752857,6471
647106,Balikpapan Kota,-1.2683940107121199,116.83187312416038,6471
647201,Palaran,-0.6176326647217467,117.18506636111907,6472
647202,Samarinda Seberang,-0.5223694503017648,117.13391392332103,6472
647203,Samarinda Ulu,-0.4550785516427669,117.1157064505557,6472
647204,Samarinda Ilir,-0.5052815999909027,117.1624026676162,6472
647205,Samarinda Utara,-0.39640635337076807,117.20514307183147,6472
647206,Sungai Kunjang,-0.5100354908300111,117.08417077887113,6472
647207,Sambutan,-0.5226739454625096,117.21913794049532,6472
647208,Sungai Pinang,-0.4716242238751293,117.18616600970745,6472
647209,Samarinda Kota,-0.49971361049707985,117.15068461122891,6472
647210,Loa Janan Ilir,-0.5595069544713444,117.11140963069752,6472
647401,Bontang Utara,0.15783843507790601,117.4912145603786,6474
647402,Bontang Selatan,0.06627881525312067,117.44895624542869,6474
647403,Bontang Barat,0.14095388484875787,117.45355377396577,6474
650101,Tanjung Palas,2.720771215958018,117.30973218776433,6501
650102,Tanjung Palas Barat,2.71061896708267,117.17597124490644,6501
650103,Tanjung Palas Utara,3.0171638588150995,117.1742603914528,6501
650104,Tanjung Palas Timur,2.5778270073995606,117.6990195093389,6501
650105,Tanjung Selor,2.721204648139079,117.43923220193956,6501
650106,Tanjung Palas Tengah,2.989859940061198,117.47892339148227,6501
650107,Peso,2.5654406972243313,116.50761952533513,6501
650108,Peso Hilir,2.795114004516233,116.96598166781115,6501
650109,Sekatak,3.238950396619094,117.05836668961761,6501
650110,Bunyu,3.528024529652138,117.66215388484078,6501
650201,Mentarang,3.5622002123566623,116.33673479271648,6502
650202,Malinau Kota,3.5723272621385163,116.6545742025901,6502
650203,Pujungan,2.617720125899447,115.63469399936238,6502
650204,Kayan Hilir,1.9518571619997398,115.56676813329163,6502
650205,Kayan Hulu,1.600625077834128,114.81671092641496,6502
650206,Malinau Selatan,3.0950892841184556,116.5372950241845,6502
650207,Malinau Utara,3.724025905344401,116.51109726048963,6502
650208,Malinau Barat,3.368105816690457,116.63809231345716,6502
650209,Sungai Boh,1.4331379341207255,115.33408928686409,6502
650210,Kayan Selatan,1.6456753237841704,115.07207936831988,6502
650211,Bahau Hulu,3.1364935585677136,115.76108076274187,6502
650212,Mentarang Hulu,3.817164583628056,116.15784291442509,6502
650213,Malinau Selatan Hilir,3.320246641480492,116.50036422248263,6502
650214,Malinau Selatan Hulu,2.892709057880038,116.23668733040584,6502
650215,Sungai Tubu,3.279321215453428,116.11248665870019,6502
650301,Sebatik,4.065785869101497,117.8819911752919,6503
650302,Nunukan,3.9725039388225887,117.52310834147868,6503
650303,Sembakung,3.807998301289446,117.2708982670986,6503
650304,Lumbis,4.079489610365572,116.34883558155502,6503
650305,Krayan,3.8868644303336564,115.70095659657173,6503
650306,Sebuku,3.97839492348311,117.07409172298028,6503
650307,Krayan Selatan,3.5863775899309265,115.70389354233126,6503
650308,Sebatik Barat,4.114671583434441,117.78028536687134,6503
650309,Nunukan Selatan,4.048648013127144,117.6962510881912,6503
650310,Sebatik Timur,4.116866808346047,117.88775079572085,6503
650311,Sebatik Utara,4.149460568910782,117.88048513595618,6503
650312,Sebatik Tengah,4.145835448388783,117.81845829076993,6503
650313,Sei Menggaris,4.215041450233553,117.29151179927948,6503
650314,Tulin Onsoi,4.194597244854058,116.91762405032219,6503
650315,Lumbis Ogong,4.069124392776521,116.5600644427187,6503
650316,Sembakung Atulai,3.8072173681150097,116.81512185936799,6503
650317,Krayan Tengah,3.6887091570699044,115.86641090820092,6503
650318,Krayan Timur,4.057459642895659,115.82800470957697,6503
650319,Krayan Barat,3.782594102752311,115.66180559959076,6503
650320,Lumbis Pansiangan,4.246153005676042,116.34489473926634,6503
650321,Lumbis Hulu,4.31151505353491,116.11021513794823,6503
650401,Sesayap,3.6212089805110095,116.90291509007189,6504
650402,Sesayap Hilir,3.5716477468210166,117.23729563159024,6504
650403,Tana Lia,3.7015705478846526,117.63127870868743,6504
650404,Betayau,3.4459326940683743,117.00821685538155,6504
650405,Muruk Rian,3.5295080852204257,116.76460863032774,6504
657101,Tarakan Barat,3.3339912649128602,117.5654445344981,6571
657102,Tarakan Tengah,3.3547845573181796,117.61595751926492,6571
657103,Tarakan Timur,3.299467390457587,117.6358751477364,6571
657104,Tarakan Utara,3.402166790902967,117.5798959255915,6571
710105,Sang Tombolang,0.7619590239464775,123.80315881925961,7101
710109,Dumoga Barat,0.5204754366354557,123.82606080089134,7101
710110,Dumoga Timur,0.5780906310818363,124.08713335178086,7101
710111,Dumoga Utara,0.6166381228201262,123.86175474710596,7101
710112,Lolak,0.7872863547933135,123.99805737797723,7101
710113,Bolaang,0.8147166685106393,124.15052125215526,7101
710114,Lolayan,0.6213731828495436,124.24912389039591,7101
710119,Passi Barat,0.7936753855105433,124.25719815648837,7101
710120,Poigar,0.9297940687019626,124.27973555853625,7101
710122,Passi Timur,0.8072906114296378,124.38363282510656,7101
710131,Bolaang Timur,0.9040635143473968,124.17906792171284,7101
710132,Bilalang,0.849677506148415,124.34263479222932,7101
710133,Dumoga,0.6694056260699058,124.12901777614721,7101
710134,Dumoga Tenggara,0.6423978955187053,124.00781053360888,7101
710135,Dumoga Tengah,0.5267304791365928,124.01928557383955,7101
710201,Tondano Barat,1.2990583444265036,124.89436339746594,7102
710202,Tondano Timur,1.291001624580364,124.93986837269556,7102
710203,Eris,1.2260756078321642,124.92729070225136,7102
710204,Kombi,1.2548801349721899,125.0048447034799,7102
710205,Lembean Timur,1.1661568752540128,124.9784451828162,7102
710206,Kakas,1.1471639626835395,124.92831766371611,7102
710207,Tompaso,1.1849155390119495,124.81373609331192,7102
710208,Remboken,1.2360335630431185,124.85092381751531,7102
710209,Langowan Timur,1.1479467459593435,124.85628127770453,7102
710210,Langowan Barat,1.12760612025538,124.78958911708719,7102
710211,Sonder,1.2663290420482805,124.77380059382826,7102
710212,Kawangkoan,1.2102975388932078,124.80797004444945,7102
710213,Pineleng,1.4115680455893822,124.81629387864778,7102
710214,Tombulu,1.4029420170322815,124.88534385984441,7102
710215,Tombariri,1.3740315215077943,124.64890613525921,7102
710216,Tondano Utara,1.3269165027388548,124.9212882934588,7102
710217,Langowan Selatan,1.0815898131408255,124.88743459446512,7102
710218,Tondano Selatan,1.2613550935636888,124.8841954735159,7102
710219,Langowan Utara,1.1695935067251908,124.82652217385586,7102
710220,Kakas Barat,1.130439825421337,124.90092894579412,7102
710221,Kawangkoan Utara,1.2249915662115394,124.78204701328704,7102
710222,Kawangkoan Barat,1.1869243070314623,124.75426287996537,7102
710223,Mandolang,1.4191958411777916,124.7573777591006,7102
710224,Tombariri Timur,1.3549861207145097,124.72842319360804,7102
710225,Tompaso Barat,1.1576068853509873,124.7792267668287,7102
710308,Tabukan Utara,3.6758687250652495,125.50745097294602,7103
710309,Nusa Tabukan,3.7741756292837128,125.59003459501373,7103
710310,Manganitu Selatan,3.4155785503770884,125.60560380711031,7103
710311,Tatoareng,3.170139802013771,125.49670396869182,7103
710312,Tamako,3.459239369086043,125.54281756796159,7103
710313,Manganitu,3.535266168099001,125.51508438372527,7103
710314,Tabukan Tengah,3.568855717202445,125.56452516425762,7103
710315,Tabukan Selatan,3.5018833160796365,125.6117188755976,7103
710316,Kendahe,3.7142983042709314,125.42454135102841,7103
710317,Tahuna,3.6247336474243057,125.48472310395219,7103
710319,Tabukan Selatan Tengah,3.4643489111425536,125.66455378450814,7103
710320,Tabukan Selatan Tenggara,3.440975412765562,125.63103034480602,7103
710323,Tahuna Barat,3.6489610841086466,125.44967359505779,7103
710324,Tahuna Timur,3.6067814217541505,125.50980998930586,7103
710325,Kepulauan Marore,4.660708603771068,125.5009154416523,7103
710401,Lirung,3.9432729870290886,126.6712696887042,7104
710402,Beo,4.2399430505602,126.8042888842459,7104
710403,Rainis,4.248665952065751,126.85217362377625,7104
710404,Essang,4.4702158643590755,126.74817087916773,7104
710405,Nanusa,4.7322823383873915,127.11269708731562,7104
710406,Kabaruan,3.80972561167686,126.77185687274779,7104
710407,Melonguane,4.03280975140481,126.71307556297994,7104
710408,Gemeh,4.479264355814168,126.80058321125011,7104
710409,Damau,3.773169319880113,126.81503872851158,7104
710410,Tampan' Amma,4.365072175286918,126.82564616958713,7104
710411,Salibabu,3.8755044827773024,126.68287380626118,7104
710412,Kalongan,4.001985408001533,126.63187608807112,7104
710413,Miangas,5.557455701263763,126.5831438147669,7104
710414,Beo Utara,4.319515657533372,126.75149475510263,7104
710415,Pulutan,4.115843896084634,126.78205536050497,7104
710416,Melonguane Timur,4.045461572030233,126.77657614064928,7104
710417,Moronge,3.9029352692267842,126.70899275707924,7104
710418,Beo Selatan,4.1271123633856455,126.75159077400075,7104
710419,Essang Selatan,4.3970704852153695,126.72397986716256,7104
710501,Modoinding,0.8145019205954679,124.45110428682388,7105
710502,Tompaso Baru,0.9295258419239848,124.49936140603678,7105
710503,Ranoyapo,0.9912655957496623,124.51248458088088,7105
710507,Motoling,1.031193156226813,124.46516897328553,7105
710508,Sinonsayang,1.0486163585297033,124.36186304404403,7105
710509,Tenga,1.1448998441678548,124.42680662874442,7105
710510,Amurang,1.1427007161355602,124.62181428259221,7105
710512,Tumpaan,1.2908678357823287,124.65279003575947,7105
710513,Tareran,1.2259121403018887,124.70568116540596,7105
710515,Kumelembuai,1.08625932111093,124.47151518274035,7105
710516,Maesaan,0.8735361407366906,124.47416355645075,7105
710517,Amurang Barat,1.1543449561101116,124.52935469523467,7105
710518,Amurang Timur,1.1778404149280262,124.66417258217915,7105
710519,Tatapaan,1.317746400417009,124.57296997895823,7105
710521,Motoling Barat,1.0008636688808223,124.40973710218009,7105
710522,Motoling Timur,1.0715468679012208,124.53332386032352,7105
710523,Suluun Tareran,1.2693215076258186,124.69475646819862,7105
710601,Kema,1.352139102658811,125.05434797694129,7106
710602,Kauditan,1.3955614397978124,125.02647263050017,7106
710603,Airmadidi,1.398409522213499,124.96234539000339,7106
710604,Wori,1.6458442177173205,124.86199969006911,7106
710605,Dimembe,1.5223089034379598,125.00692334344512,7106
710606,Likupang Barat,1.7252609652417905,125.00505226520998,7106
710607,Likupang Timur,1.672299685093949,125.11271250340529,7106
710608,Kalawat,1.4511256969291058,124.92477732885284,7106
710609,Talawaan,1.5659406328523495,124.94029805022862,7106
710610,Likupang Selatan,1.6213400125425619,125.02816944716807,7106
710701,Ratahan,1.0519590928105942,124.7899333235369,7107
710702,Pusomaen,1.0049508468897397,124.8691107208012,7107
710703,Belang,0.961660085472812,124.782557444044,7107
710704,Ratatotok,0.9064574075895457,124.69329537506472,7107
710705,Tombatu,0.9863492006855265,124.67455761127705,7107
710706,Touluaan,1.0691997607946044,124.62071251554913,7107
710707,Touluaan Selatan,1.0082562783443683,124.59620530649377,7107
710708,Silian Raya,1.094799742105129,124.68015271317537,7107
710709,Tombatu Timur,1.0102759294786166,124.71732564735859,7107
710710,Tombatu Utara,1.0556592640991385,124.71366915277271,7107
710711,Pasan,1.0212920078317365,124.7480340313464,7107
710712,Ratahan Timur,1.0667612405628488,124.83731266419856,7107
710801,Sangkub,0.8547940655296596,123.65599533632766,7108
710802,Bintauna,0.7155420173167825,123.60458750837365,7108
710803,Bolangitang Timur,0.7678448144343886,123.44763110317948,7108
710804,Bolangitang Barat,0.7861433273060049,123.33791151561073,7108
710805,Kaidipang,0.8832087686273128,123.25496386699771,7108
710806,Pinogaluman,0.8890569851197058,123.18536272868745,7108
710901,Siau Timur,2.75687806134605,125.41999295119572,7109
710902,Siau Barat,2.729847231035003,125.33158061684418,7109
710903,Tagulandang,2.3358587178731174,125.38080973608781,7109
710904,Siau Timur Selatan,2.6692585497051335,125.41844480640782,7109
710905,Siau Barat Selatan,2.6590182984635873,125.38935027564418,7109
710906,Tagulandang Utara,2.3577301256314738,125.42503702611576,7109
710907,Biaro,2.102907873909401,125.37011970410198,7109
710908,Siau Barat Utara,2.78954274401339,125.39708448046686,7109
710909,Siau Tengah,2.743286447747499,125.38352197495202,7109
710910,Tagulandang Selatan,2.342144829807052,125.44457518338432,7109
711001,Tutuyan,0.7791519256974349,124.58121502342242,7110
711002,Kotabunan,0.870737958384579,124.62621161028363,7110
711003,Nuangan,0.5690762446060654,124.48913637147474,7110
711004,Modayag,0.6602724239193296,124.42254742608334,7110
711005,Modayag Barat,0.6679023743130756,124.36039577165221,7110
711006,Motongkad,0.6958554447011616,124.52725765974726,7110
711007,Mooat,0.7656916615093188,124.47362028170438,7110
711101,Bolaang Uki,0.4114755367819265,123.96743399810623,7111
711102,Posigadan,0.4370852842467251,123.6064889666527,7111
711103,Pinolosian,0.4589941025288934,124.12088026142428,7111
711104,Pinolosian Tengah,0.47286154777595923,124.25291739731628,7111
711105,Pinolosian Timur,0.5164529643823211,124.38147122926578,7111
711106,Helumo,0.3877164774218536,123.82674568728075,7111
711107,Tomini,0.38687858286739657,123.7243237588327,7111
717101,Bunaken,1.5541249971887188,124.8416408108078,7171
717102,Tuminting,1.513431722382329,124.85478113311461,7171
717103,Singkil,1.4999561247723405,124.85835791379353,7171
717104,Wenang,1.4857407743901374,124.84134119697896,7171
717105,Tikala,1.4671567498511842,124.86200052858885,7171
717106,Sario,1.468929155792951,124.83433510039643,7171
717107,Wanea,1.4555004610193654,124.84870188064893,7171
717108,Mapanget,1.5314791851145582,124.8969892395655,7171
717109,Malalayang,1.446658629037961,124.81611503971278,7171
717110,Bunaken Kepulauan,1.627035695966551,124.72805289398075,7171
717111,Paal Dua,1.4817411936050864,124.87434350845997,7171
717201,Lembeh Selatan,1.4168121636839042,125.2151515319648,7172
717202,Madidir,1.4595980836427105,125.16202451514539,7172
717203,Ranowulu,1.5163922171981554,125.12245533142683,7172
717204,Aertembaga,1.4959454023831829,125.21177238469451,7172
717205,Matuari,1.4311400834059216,125.10627834287281,7172
717206,Girian,1.4458366772683904,125.13190523022543,7172
717207,Maesa,1.4624699479421206,125.18820513901943,7172
717208,Lembeh Utara,1.473787902555404,125.26090429658369,7172
717301,Tomohon Selatan,1.2864600806638067,124.82050253313142,7173
717302,Tomohon Tengah,1.3196249213872169,124.84791184080655,7173
717303,Tomohon Utara,1.3650352175381595,124.8144254917763,7173
717304,Tomohon Barat,1.3215555368797849,124.77183417881167,7173
717305,Tomohon Timur,1.334480634072962,124.87332609235979,7173
717401,Kotamobagu Utara,0.7596198187516711,124.32528206111945,7174
717402,Kotamobagu Timur,0.7224741414119111,124.33897785997806,7174
717403,Kotamobagu Selatan,0.6897752256939788,124.3168785969211,7174
717404,Kotamobagu Barat,0.7391478585840481,124.28488198725556,7174
720101,Batui,-1.1869194437928825,122.44233391054296,7201
720102,Bunta,-0.8805431546575353,122.3513690259827,7201
720103,Kintom,-1.100299076886048,122.57059876537765,7201
720104,Luwuk,-0.9096122203124785,122.77601612392769,7201
720105,Lamala,-0.9040741298691813,123.20191691406919,7201
720106,Balantak,-0.8599742363014347,123.34193043564572,7201
720107,Pagimana,-0.8590788254314362,122.64871691158373,7201
720108,Bualemo,-0.6708679055511553,123.09208570716355,7201
720109,Toili,-1.3685605574323556,122.232754450137,7201
720110,Masama,-0.809767673058435,123.1918473885143,7201
720111,Luwuk Timur,-0.8376300824907351,123.00928539204139,7201
720112,Toili Barat,-1.500352783032564,122.13449837288738,7201
720113,Nuhon,-1.0615947326143023,122.09049192760826,7201
720114,Moilong,-1.2856799537370596,122.2875590414094,7201
720115,Batui Selatan,-1.3088488683000696,122.37886497089427,7201
720116,Lobu,-0.8133769998358387,122.5150039703557,7201
720117,Simpang Raya,-0.9495468110676609,122.27897792250756,7201
720118,Balantak Selatan,-0.9275294016451187,123.34171561297754,7201
720119,Balantak Utara,-0.7508008660008689,123.35767032459907,7201
720120,Luwuk Selatan,-0.9719520112941116,122.73462063279013,7201
720121,Luwuk Utara,-0.867188689029036,122.87703146971366,7201
720122,Mantoh,-0.9855895554005577,123.29031480580664,7201
720123,Nambo,-1.0230301414808942,122.66645379107474,7201
720201,Poso Kota,-1.4014274113752847,120.73419840146133,7202
720202,Poso Pesisir,-1.379078766341906,120.5727583896612,7202
720203,Lage,-1.5151236129888204,120.80474598327055,7202
720204,Pamona Puselemba,-1.7901180463780197,120.59794112897569,7202
720205,Pamona Timur,-1.8542621173241942,120.81347234291458,7202
720206,Pamona Selatan,-2.1066561145987213,120.68494198124391,7202
720207,Lore Utara,-1.3372419729450225,120.32202755751166,7202
720208,Lore Tengah,-1.6511486084494758,120.25415946144669,7202
720209,Lore Selatan,-1.9018915177920268,120.30487597912764,7202
720218,Poso Pesisir Utara,-1.2291589218775503,120.49274251626088,7202
720219,Poso Pesisir Selatan,-1.5253140573220823,120.58694804452821,7202
720220,Pamona Barat,-1.9199034273901574,120.5089666727746,7202
720221,Poso Kota Selatan,-1.4119124884046819,120.7655945157045,7202
720222,Poso Kota Utara,-1.3747802756438254,120.79922373951642,7202
720223,Lore Barat,-1.823307350978447,120.20872167093455,7202
720224,Lore Timur,-1.4914604043412631,120.42160074717088,7202
720225,Lore Peore,-1.5896998531999924,120.36943663742288,7202
720226,Pamona Tenggara,-2.0174357913610357,120.75128491859157,7202
720227,Pamona Utara,-1.6824895691040693,120.7952479666883,7202
720304,Rio Pakava,-1.2997953979686512,119.6480363278389,7203
720306,Dampelas,0.24180586007978702,119.94668240767288,7203
720308,Banawa,-0.7398396195867072,119.75546735253006,7203
720309,Labuan,-0.6174488632308835,119.91170691093859,7203
720310,Sindue,-0.5668033750398732,119.8584405974061,7203
720311,Sirenja,-0.24938443379611533,119.86256908784263,7203
720312,Balaesang,-0.027714819684483357,119.89587455976672,7203
720314,Sojol,0.504700582191125,120.05844749535558,7203
720318,Banawa Selatan,-0.8937874221154833,119.65153236876377,7203
720319,Tanantovea,-0.7144871274867531,119.95740474641528,7203
720321,Pinembani,-1.085262256011149,119.69134419180541,7203
720324,Sindue Tombusabora,-0.4686506301150134,119.844104059373,7203
720325,Sindue Tobata,-0.36778514490786485,119.83181619376121,7203
720327,Banawa Tengah,-0.7566722853527127,119.71526057297358,7203
720330,Sojol Utara,0.6927368243635311,120.12869565879541,7203
720331,Balaesang Tanjung,-0.06916901393592265,119.7007689183002,7203
720401,Dampal Selatan,0.7328685155021665,120.25990062948294,7204
720402,Dampal Utara,0.9292548396167934,120.31136231637747,7204
720403,Dondo,0.7225343440683508,120.4588774400357,7204
720404,Basidondo,0.7272421495267436,120.707942404724,7204
720405,Ogodeide,0.8887857863768751,120.67532019625936,7204
720406,Lampasio,0.8738193845520318,120.88013412398115,7204
720407,Baolan,1.0110033808153644,120.89814558602436,7204
720408,Galang,1.1262508519290622,120.92576349830966,7204
720409,Tolitoli Utara,1.2466730831254658,121.0390257022431,7204
720410,Dako Pemean,1.2480240710349775,120.87922326222292,7204
720501,Momunu,1.1112774298515888,121.3703224753675,7205
720502,Lakea,1.1743346466120566,121.21154706759759,7205
720503,Bokat,0.9822637244652929,121.51153753941882,7205
720504,Bunobogu,0.9642315592027159,121.6095241690675,7205
720505,Paleleh,0.9983226376592049,121.9897183661842,7205
720506,Biau,1.1925525518283933,121.400776877141,7205
720507,Tiloan,0.9057675787201471,121.14391137944432,7205
720508,Bukal,0.9332996754467056,121.39451649471792,7205
720509,Gadung,0.997813009709422,121.73021066548053,7205
720510,Karamat,1.2435752974569254,121.37789091320964,7205
720511,Paleleh Barat,1.0419889260311148,121.83730414018072,7205
720605,Bungku Tengah,-2.5808119433851173,121.85502980143913,7206
720606,Bungku Selatan,-3.1069445398223494,122.4165011308446,7206
720607,Menui Kepulauan,-3.367529978898484,122.69632361429596,7206
720608,Bungku Barat,-2.3983384094995226,121.77337772673513,7206
720609,Bumi Raya,-2.378272436138793,121.65714419749061,7206
720610,Bahodopi,-2.904573779684512,121.9767386936867,7206
720612,Wita Ponda,-2.305637868853898,121.54314188593742,7206
720615,Bungku Pesisir,-3.0257355206218337,122.25678502807183,7206
720618,Bungku Timur,-2.731890321182778,121.88597953155258,7206
720703,Totikum,-1.355658147269461,123.50239734196226,7207
720704,Tinangkung,-1.3196632863177253,123.30388842821561,7207
720705,Liang,-1.5643289642605454,123.20550616937766,7207
720706,Bulagi,-1.3213224409745863,123.05786408237442,7207
720707,Buko,-1.3246318554188954,122.867197175702,7207
720709,Bulagi Selatan,-1.4613706904994705,122.9458915833341,7207
720711,Tinangkung Selatan,-1.4423143666062526,123.37701931910664,7207
720715,Totikum Selatan,-1.414045787148329,123.4346241887629,7207
720716,Peling Tengah,-1.474360953446898,123.18505477437816,7207
720717,Bulagi Utara,-1.2291329460268923,123.07378368168659,7207
720718,Buko Selatan,-1.4734249038776313,122.8365533750718,7207
720719,Tinangkung Utara,-1.2889769044040968,123.41762747533737,7207
720801,Parigi,-0.8160592379237152,120.16605657585531,7208
720802,Ampibabo,-0.4724073803125064,120.00304255970785,7208
720803,Tinombo,0.4391007250058385,120.21226000265597,7208
720804,Moutong,0.5605046439920006,121.18163755187098,7208
720805,Tomini,0.5742206873416023,120.54257465534519,7208
720806,Sausu,-1.0777355525706753,120.48010134747226,7208
720807,Bolano Lambunu,0.5765122707117926,120.96705113946571,7208
720808,Kasimbar,-0.15515320667874088,119.97269872142535,7208
720809,Torue,-1.0445649638612504,120.27983900703202,7208
720810,Tinombo Selatan,0.05413382512974275,120.03889137805508,7208
720811,Parigi Selatan,-0.9449287853441749,120.16620683851927,7208
720812,Mepanga,0.5730908282404298,120.7006083157291,7208
720813,Toribulu,-0.3566764610770342,119.97376961021789,7208
720814,Taopa,0.5387714698549471,121.06382831842778,7208
720815,Balinggi,-1.0484546444272982,120.38263737226775,7208
720816,Parigi Barat,-0.8409130408900342,120.09583258273,7208
720817,Siniu,-0.5799771451397646,120.02442990727451,7208
720818,Palasa,0.5587176354177866,120.35222914218507,7208
720819,Parigi Utara,-0.7066035057733937,120.05690144100384,7208
720820,Parigi Tengah,-0.7750448522969532,120.0789187845521,7208
720821,Bolano,0.4661805856376442,120.90875792288827,7208
720822,Ongka Malino,0.5791462577829225,120.81573916372095,7208
720823,Sidoan,0.296431604035056,120.13209251024654,7208
720901,Una Una,-0.36069450026167343,121.77052643924154,7209
720902,Togean,-0.38365553959020343,121.95954172602308,7209
720903,Walea Kepulauan,-0.25545387798462693,122.19200452827616,7209
720904,Ampana Tete,-1.1301385648065656,121.83702885786279,7209
720905,Ampana Kota,-0.9329932706080434,121.54320129749557,7209
720906,Ulubongka,-1.200594476373776,121.59325830751793,7209
720907,Tojo Barat,-1.5256780004301982,120.99472747563752,7209
720908,Tojo,-1.3471653928538365,121.28230793594913,7209
720909,Walea Besar,-0.27242832649566884,122.31833073030762,7209
720910,Ratolindo,-0.9214625043388399,121.60694457963666,7209
720911,Batudaka,-0.5018787579456051,121.73534948530727,7209
720912,Talatako,-0.3541490727380722,122.09623038406662,7209
721001,Sigi Biromaru,-0.988752955074601,119.97232955102476,7210
721002,Palolo,-1.1314661452182226,120.13255995238741,7210
721003,Nokilalaki,-1.203346787536364,120.10970748504798,7210
721004,Lindu,-1.3664847786097347,120.13191826786993,7210
721005,Kulawi,-1.5076902427205263,119.87025360581174,7210
721006,Kulawi Selatan,-1.6550499756596342,120.06708626926117,7210
721007,Pipikoro,-1.8245134477571683,119.96087746777538,7210
721008,Gumbasa,-1.2495030291040985,119.98038167124936,7210
721009,Dolo Selatan,-1.2359334133999864,119.8660195700342,7210
721010,Tanambulava,-1.1378485380594536,119.94282006665334,7210
721011,Dolo Barat,-1.0580304460332872,119.83606127733566,7210
721012,Dolo,-1.009461545095956,119.89277596742966,7210
721013,Kinovaro,-0.9352280726103473,119.8057946110671,7210
721014,Marawola,-0.9762817175721313,119.8519431355199,7210
721015,Marawola Barat,-0.9617353786856602,119.73747752539398,7210
721101,Banggai,-1.6038282216392388,123.54346495911481,7211
721102,Banggai Utara,-1.5294147663262867,123.52762204118277,7211
721103,Bokan Kepulauan,-1.9536020530019433,123.81626709413541,7211
721104,Bangkurung,-1.8572926457116556,123.1042527091708,7211
721105,Labobo,-1.7390602993867406,123.33071969841342,7211
721106,Banggai Selatan,-1.6909019155960512,123.56016173114561,7211
721107,Banggai Tengah,-1.6551973763428218,123.51017140353905,7211
721201,Petasia,-1.9508613927210192,121.34586512750577,7212
721202,Petasia Timur,-2.120937671688203,121.45298836475541,7212
721203,Lembo Raya,-2.293990381397936,121.27480790473733,7212
721204,Lembo,-2.1451927470027643,121.2428398449485,7212
721205,Mori Atas,-2.097703286960249,120.99844237412512,7212
721206,Mori Utara,-1.836956252645668,121.02928849951718,7212
721207,Soyo Jaya,-1.7081094748176544,121.2281897969694,7212
721208,Bungku Utara,-1.6651059840322207,121.57660111606202,7212
721209,Mamosalato,-1.4732778742721293,121.82786212952647,7212
721210,Petasia Barat,-1.9987440541898702,121.24594351739482,7212
727101,Palu Timur,-0.8962173271600155,119.87442954315897,7271
727102,Palu Barat,-0.8978159086907885,119.85107020559364,7271
727103,Palu Selatan,-0.9270022032386533,119.90445056429654,7271
727104,Palu Utara,-0.7751736659460431,119.87979103783174,7271
727105,Ulujadi,-0.8529589818916465,119.79758692093645,7271
727106,Tatanga,-0.922309154634113,119.84975603782628,7271
727107,Tawaeli,-0.7023983799294865,119.88364102941445,7271
727108,Mantikulore,-0.8530878983110743,119.95433975383143,7271
730101,Benteng,-6.116423564949497,120.46548835046023,7301
730102,Bontoharu,-6.155253270234061,120.47653991789424,7301
730103,Bontomatene,-5.87563931353833,120.48904549713482,7301
730104,Bontomanai,-6.05277543251957,120.5119657135402,7301
730105,Bontosikuyu,-6.330684209994063,120.48921692593261,7301
730106,Pasimasunggu,-7.078870119964968,120.65057331066483,7301
730107,Pasimarannu,-7.317110456889075,120.99960227251006,7301
730108,Taka Bonerate,-6.802017201816296,120.87327531222448,7301
730109,Pasilambena,-7.369130752139497,121.78656424837982,7301
730110,Pasimasunggu Timur,-7.094871557520288,120.73953073716474,7301
730111,Buki,-5.979873822952745,120.50047792998507,7301
730201,Gantarang,-5.5102098518533795,120.1413354965903,7302
730202,Ujung Bulu,-5.547104051064746,120.20222471820468,7302
730203,Bonto Bahari,-5.546772439553992,120.40620479200464,7302
730204,Bonto Tiro,-5.467682077354402,120.39108238137256,7302
730205,Herlang,-5.405899457865142,120.36794950128109,7302
730206,Kajang,-5.338737585690624,120.31699713689898,7302
730207,Bulukumpa,-5.345517717181391,120.17911610419772,7302
730208,Kindang,-5.393096481522155,120.05361913011188,7302
730209,Ujungloe,-5.471725900304879,120.27705364145616,7302
730210,Rilauale,-5.416302300245881,120.18544346624464,7302
730301,Bissappu,-5.5398103463425965,119.90537395215541,7303
730302,Bantaeng,-5.504526115069613,119.96965030801628,7303
730303,Eremerasa,-5.477327238455023,119.99015759010989,7303
730304,Tompo Bulu,-5.439567202055447,120.02442814675581,7303
730305,Pajukukang,-5.552538044550506,120.04002820242384,7303
730306,Uluere,-5.433865777729406,119.93163125341255,7303
730307,Gantarang Keke,-5.517557970859395,120.05958341865602,7303
730308,Sinoa,-5.493549220487277,119.9295953158237,7303
730401,Bangkala,-5.562333385075034,119.60164647032778,7304
730402,Tamalatea,-5.636801090550192,119.66552745462914,7304
730403,Binamu,-5.672332049865105,119.73419236618284,7304
730404,Batang,-5.6277839010433715,119.81107585648175,7304
730405,Kelara,-5.553089500868531,119.82618459283171,7304
730406,Bangkala Barat,-5.4941921652337555,119.56239888284254,7304
730407,Bontoramba,-5.566887439555896,119.68522721244527,7304
730408,Turatea,-5.603981482889078,119.75924223360434,7304
730409,Arungkeke,-5.667648728897182,119.81170951039873,7304
730410,Rumbia,-5.461475079427987,119.88110162583813,7304
730411,Tarowang,-5.58600654409006,119.86531249172255,7304
730501,Mappakasunggu,-5.463172349839312,119.41120320186651,7305
730502,Mangarabombang,-5.498634313794585,119.45240408627564,7305
730503,Polongbangkeng Selatan,-5.439804365675952,119.49732361717649,7305
730504,Polongbangkeng Utara,-5.340022829645814,119.50071594635507,7305
730505,Galesong Selatan,-5.3718057758992135,119.37757503784947,7305
730506,Galesong Utara,-5.251382856974915,119.39128778740348,7305
730507,Pattallassang,-5.426527901943438,119.44275318338848,7305
730508,Sanrobone,-5.429770971194117,119.39628580783888,7305
730509,Galesong,-5.328513285488557,119.3792539143599,7305
730510,Kepulauan Tanakeke,-5.491885716037669,119.28082725996353,7305
730511,Polongbangkeng Timur,-5.37953668454767,119.56768546179688,7305
730512,Laikang,-5.557083954935393,119.46328010064701,7305
730601,Bontonompo,-5.352827095714097,119.43219902033242,7306
730602,Bajeng,-5.292933731005358,119.4557791579699,7306
730603,Tompobulu,-5.4220046618730375,119.86134339165842,7306
730604,Tinggimoncong,-5.249086611437264,119.84819135033943,7306
730605,Parangloe,-5.219755719199061,119.67915895770336,7306
730606,Bontomarannu,-5.25915089369832,119.53282349516682,7306
730607,Pallangga,-5.250701342553777,119.46760529858341,7306
730608,Somba Opu,-5.202898577391221,119.47946044553733,7306
730609,Bungaya,-5.3623407180084675,119.70095418586374,7306
730610,Tombolopao,-5.19005291236664,119.93226126601198,7306
730611,Biringbulu,-5.482560967894728,119.7281270332268,7306
730612,Barombong,-5.234034221293783,119.41228441162795,7306
730613,Pattallasang,-5.205302543336318,119.56261217085346,7306
730614,Manuju,-5.293125978930987,119.66812365526214,7306
730615,Bontolempangang,-5.375541941124417,119.82340959934244,7306
730616,Bontonompo Selatan,-5.40398415982811,119.40117122132666,7306
730617,Parigi,-5.308726485884215,119.84541190029395,7306
730618,Bajeng Barat,-5.301362027659208,119.40330318894509,7306
730701,Sinjai Barat,-5.2149426051619505,120.01206705688837,7307
730702,Sinjai Selatan,-5.232763638175242,120.15465165479742,7307
730703,Sinjai Timur,-5.175349382520964,120.24940720772301,7307
730704,Sinjai Tengah,-5.1803638036855855,120.11412670713094,7307
730705,Sinjai Utara,-5.115881629559803,120.23770186867844,7307
730706,Bulupoddo,-5.098772024056367,120.1303114946597,7307
730707,Sinjai Borong,-5.299727770220367,120.03796927631576,7307
730708,Tellu Limpoe,-5.264941965415652,120.23956880394427,7307
730709,Pulau Sembilan,-5.085856195324892,120.40684268852881,7307
730801,Bontocani,-5.034741349782584,119.97060230839952,7308
730802,Kahu,-4.971142780940549,120.08663678360062,7308
730803,Kajuara,-5.061453812719026,120.23024586331861,7308
730804,Salomekko,-5.001504211012043,120.23214501329853,7308
730805,Tonra,-4.903661892828955,120.25972938613879,7308
730806,Libureng,-4.8357808639111335,120.03530077770671,7308
730807,Mare,-4.792025220330235,120.28355344247079,7308
730808,Sibulue,-4.675817311322938,120.37596697425005,7308
730809,Barebbo,-4.596012581498785,120.29229825769755,7308
730810,Cina,-4.677442112901668,120.27638768053006,7308
730811,Ponre,-4.687210637304376,120.1467211439622,7308
730812,Lappariaja,-4.712823740273682,119.964142359466,7308
730813,Lamuru,-4.586686832415348,119.95361595768426,7308
730814,Ulaweng,-4.508251169864424,120.12852940887775,7308
730815,Palakka,-4.537798453533201,120.22969026497032,7308
730816,Awangpone,-4.452251141141965,120.29893039116753,7308
730817,Tellu Siattinge,-4.399115354426509,120.24695955238002,7308
730818,Ajangale,-4.277074248252118,120.13061913920764,7308
730819,Dua Boccoe,-4.316052987300208,120.21889289231639,7308
730820,Cenrana,-4.310394504533074,120.33555981622641,7308
730821,Tanete Riattang,-4.531058791004391,120.33500539497383,7308
730822,Tanete Riattang Barat,-4.527605788331296,120.30181757144176,7308
730823,Tanete Riattang Timur,-4.524682767012441,120.36858477565103,7308
730824,Amali,-4.398684260389418,120.11819629140109,7308
730825,Tellulimpoe,-4.662889226787341,119.82848414359148,7308
730826,Bengo,-4.622130063343677,120.05219385503652,7308
730827,Patimpeng,-4.899675959469248,120.17070213676422,7308
730901,Mandai,-5.076184531479427,119.56185923314514,7309
730902,Camba,-4.9158679808107575,119.84440479430272,7309
730903,Bantimurung,-4.976151445779536,119.67335247824093,7309
730904,Maros Baru,-4.995379893398008,119.52936094129285,7309
730905,Bontoa,-4.917034763153127,119.57185921000337,7309
730906,Malllawa,-4.811362232850145,119.88620546678435,7309
730907,Tanralili,-5.100747550265159,119.6133730825795,7309
730908,Marusu,-5.03371070238212,119.50570668959656,7309
730909,Simbang,-5.050519521858079,119.68079891113446,7309
730910,Cenrana,-5.022475268687276,119.8050210737409,7309
730911,Tompobulu,-5.1387242520488,119.74738877753268,7309
730912,Lau,-4.9630058872629945,119.55933385571515,7309
730913,Moncongloe,-5.144406775243491,119.55105769662303,7309
730914,Turikale,-5.012606925362486,119.57839850049037,7309
731001,Liukang Tangaya,-7.166345460252364,118.1924222516778,7310
731002,Liukang Kalmas,-5.277884679238894,117.8557656813134,7310
731003,Liukang Tupabbiring,-4.823638234824473,119.18774224213297,7310
731004,Pangkajene,-4.858967589819453,119.54164731722543,7310
731005,Balocci,-4.9044978312600795,119.71146240542024,7310
731006,Bungoro,-4.783888232432657,119.60266703505025,7310
731007,Labakkang,-4.760773642792131,119.55416521114464,7310
731008,Marang,-4.70057362884082,119.57158864682744,7310
731009,Segeri,-4.666578187678879,119.61666932985143,7310
731010,Minasate'ne,-4.844422990942897,119.60483534554649,7310
731011,Mandalle,-4.604216515956639,119.60922831513942,7310
731012,Tondong Tallasa,-4.837132710922608,119.72410731154727,7310
731013,Liukang Tupabbiring Utara,-4.715410574247687,119.39500759737278,7310
731101,Tanete Riaja,-4.53219503303445,119.71644776868754,7311
731102,Tanete Rilau,-4.502075963955887,119.61747485846091,7311
731103,Barru,-4.421220463438451,119.69157890455477,7311
731104,Soppeng Riaja,-4.2608648220480765,119.66922415971607,7311
731105,Mallusetasi,-4.154638301330974,119.68037454151143,7311
731106,Pujananting,-4.676101496077713,119.7219197610088,7311
731107,Balusu,-4.326410961335712,119.68832372572702,7311
731201,Marioriwawo,-4.48813283349188,119.94222631362604,7312
731202,Liliriaja,-4.401220344114005,119.94391820230992,7312
731203,Lilirilau,-4.335138596049169,120.02902037999606,7312
731204,Lalabata,-4.400326032937099,119.83633658871388,7312
731205,Marioriawa,-4.1719776210816235,119.83117259781095,7312
731206,Donri-Donri,-4.268665292451161,119.84155400146892,7312
731207,Ganra,-4.2966539432385815,119.94876382962046,7312
731208,Citta,-4.4219250317729575,120.03203473109618,7312
731301,Sabangparu,-4.193079983780304,119.98609020256221,7313
731302,Pammana,-4.200117731147334,120.08978103022979,7313
731303,Takkalalla,-4.149617065161052,120.28580322066476,7313
731304,Sajoanging,-3.977255523356762,120.29254472206371,7313
731305,Majauleng,-4.0427742402280025,120.16307988621773,7313
731306,Tempe,-4.129019626342428,120.03257726898273,7313
731307,Belawa,-4.018850840018321,119.94872652488831,7313
731308,Tanasitolo,-4.0472011233996525,120.05339049980518,7313
731309,Maniangpajo,-3.8914282407054976,120.09386546372205,7313
731310,Pitumpanua,-3.720745857522257,120.3662936132424,7313
731311,Bola,-4.206929657253182,120.24236190983308,7313
731312,Penrang,-4.072524770214526,120.25602655064476,7313
731313,Gilireng,-3.888010085129018,120.18960430002252,7313
731314,Keera,-3.7854993379026234,120.27015011303504,7313
731401,Panca Lautang,-4.072265317305073,119.82490619473442,7314
731402,Tellu Limpoe,-4.02283104488772,119.79115963993708,7314
731403,Watang Pulu,-3.951771545910295,119.73194413853717,7314
731404,Baranti,-3.835991334209685,119.77498303058186,7314
731405,Panca Rijang,-3.841189625703532,119.85011326537322,7314
731406,Kulo,-3.7844685614629854,119.80270283131199,7314
731407,Maritengngae,-3.9238588370447025,119.80323078381467,7314
731408,Watang Sidenreng,-3.9191027152445663,119.87259164405336,7314
731409,Dua Pitue,-3.895369584564148,120.00243965456696,7314
731410,Pitu Riawa,-3.791078050825351,119.96092238754551,7314
731411,Pitu Riase,-3.6706673384311377,120.1166116026057,7314
731501,Mattiro Sompe,-3.805202163250712,119.5378767128099,7315
731502,Suppa,-3.956888670689061,119.61096801574458,7315
731503,Mattiro Bulu,-3.873768201061474,119.65008390487141,7315
731504,Watang Sawitto,-3.7950974799154067,119.62450174518044,7315
731505,Patampanua,-3.721276403651622,119.69999763200168,7315
731506,Duampanua,-3.6456939274556586,119.5540235546169,7315
731507,Lembang,-3.4246839121240815,119.57290163192397,7315
731508,Cempa,-3.731110675213263,119.54055832827852,7315
731509,Tiroang,-3.810378565009696,119.71577855578333,7315
731510,Lanrisang,-3.886234179893291,119.57567888396743,7315
731511,Paleteang,-3.77024606237988,119.67410025035272,7315
731512,Batulappa,-3.6125385290633667,119.68739265905029,7315
731601,Maiwa,-3.693523345077483,119.88194410700933,7316
731602,Enrekang,-3.5166327539817277,119.78161991260001,7316
731603,Baraka,-3.420454797233017,119.91563459267277,7316
731604,Anggeraja,-3.421243175227741,119.78271838646596,7316
731605,Alla,-3.3295542266351554,119.82116783515522,7316
731606,Bungin,-3.5322675246752997,119.99593048008181,7316
731607,Cendana,-3.6380540520900455,119.77447041025977,7316
731608,Curio,-3.3223717691029147,119.92852293043246,7316
731609,Malua,-3.3811485634523457,119.8612749858721,7316
731610,Buntu Batu,-3.459065309775102,119.95351213462573,7316
731611,Masalle,-3.3279603822995374,119.7497881121275,7316
731612,Baroko,-3.271864440869537,119.80057431503765,7316
731701,Basse Sangtempe,-3.222579196984439,120.07651716842598,7317
731702,Larompong,-3.549883761174466,120.29163199449646,7317
731703,Suli,-3.4453526110786794,120.35102017230882,7317
731704,Bajo,-3.3552509733007656,120.30365479024144,7317
731705,Bua Ponrang,-3.2682004557690574,120.22164569530052,7317
731706,Walenrang,-2.8840741294138694,120.11675685296491,7317
731707,Belopa,-3.3946018159426887,120.36234115848826,7317
731708,Bua,-3.119357752870001,120.20272542245532,7317
731709,Lamasi,-2.8040422408289016,120.1819394830449,7317
731710,Larompong Selatan,-3.6190935607370545,120.36532553867472,7317
731711,Ponrang,-3.2036818950374792,120.26580125977534,7317
731712,Latimojong,-3.380077166073902,120.11813937776341,7317
731713,Kamanre,-3.313690801327096,120.35225042169138,7317
731714,Belopa Utara,-3.358517645435809,120.37474625326591,7317
731715,Walenrang Barat,-2.80403198850648,119.99948450034962,7317
731716,Walenrang Utara,-2.757764911078395,120.09391017102034,7317
731717,Walenrang Timur,-2.888307831771766,120.21156693545197,7317
731718,Lamasi Timur,-2.8672368346941615,120.24407761680028,7317
731719,Suli Barat,-3.4610126068111304,120.24296700613954,7317
731720,Bajo Barat,-3.3628968698987305,120.23879202324265,7317
731721,Ponrang Selatan,-3.2577010237548887,120.35133700305856,7317
731722,Basse Sangtempe Utara,-3.1021956039619814,120.07403681020263,7317
731801,Salupputti,-3.0298679727267777,119.7495639746623,7318
731802,Bittuang,-2.9485978723669746,119.66704799143089,7318
731803,Bonggakaradeng,-3.2430210422179164,119.68682047377514,7318
731805,Makale,-3.0989476091570407,119.84996201762777,7318
731809,Simbuang,-3.2051045948176347,119.58136493062237,7318
731811,Rantetayo,-3.0410108053412928,119.8122213019188,7318
731812,Mengkendek,-3.2218776037947974,119.93685431976354,7318
731813,Sangalla',-3.0950175099553268,119.90195860253985,7318
731819,Gandangbatu Sillanan,-3.223042251716558,119.84237218626589,7318
731820,Rembon,-3.1132461071295325,119.7699342542826,7318
731827,Makale Utara,-3.053511292178484,119.87418963871558,7318
731828,Mappak,-3.2410354236604753,119.46447750677474,7318
731829,Makale Selatan,-3.1622236750741033,119.80271283237855,7318
731831,Masanda,-2.8807318366071546,119.6037617970135,7318
731833,Sangalla' Selatan,-3.129300664358897,119.94738943163587,7318
731834,Sangalla' Utara,-3.067353729035524,119.91899014108805,7318
731835,Malimbong Balepe',-3.0853685785740756,119.69332626557048,7318
731837,Rano,-3.240692750483806,119.74927561031006,7318
731838,Kurra,-2.9781489240348775,119.77951603834336,7318
732201,Malangke,-2.7529513975830366,120.43637517616038,7322
732202,Bone Bone,-2.612813548459708,120.5322365096539,7322
732203,Masamba,-2.3884971957250936,120.28660947155609,7322
732204,Sabbang,-2.6028831688061613,120.11215110893049,7322
732205,Rongkong,-2.574731242296292,119.92083164721285,7322
732206,Sukamaju,-2.545027324532033,120.4727298829088,7322
732207,Seko,-2.2563997917169756,119.90008212954365,7322
732208,Malangke Barat,-2.813295738173592,120.32286777164992,7322
732209,Rampi,-2.1341290131185233,120.27906269811287,7322
732210,Mappedeceng,-2.50658036848768,120.43018926761646,7322
732211,Baebunta,-2.517198467035032,120.2197124939818,7322
732212,Tana Lili,-2.5893295909568574,120.58865750870547,7322
732213,Sukamaju Selatan,-2.6720375183707086,120.47260081744366,7322
732214,Baebunta Selatan,-2.7180385858794684,120.27941093852746,7322
732215,Sabbang Selatan,-2.7011195891629947,120.18331607800326,7322
732401,Mangkutana,-2.2876952029854722,120.6715234670417,7324
732402,Nuha,-2.459193540402925,121.30495162563604,7324
732403,Towuti,-2.7461861190230743,121.50526909492879,7324
732404,Malili,-2.693936105247809,121.13823553787115,7324
732405,Angkona,-2.515368398756763,120.94263134167383,7324
732406,Wotu,-2.5982292236720834,120.83881345353252,7324
732407,Burau,-2.5496948964513955,120.66913663671568,7324
732408,Tomoni,-2.443872121891619,120.66457435553643,7324
732409,Tomoni Timur,-2.537181688342539,120.87893563425303,7324
732410,Kalaena,-2.4313996127213766,120.8685665194763,7324
732411,Wasuponda,-2.471568620308327,121.09601095598813,7324
732601,Rantepao,-2.9691531549795176,119.88519425232894,7326
732602,Sesean,-2.922802732258157,119.92183736177005,7326
732603,Nanggala,-2.976798987024214,120.02479158930346,7326
732604,Rindingallo,-2.891572383534206,119.80486992473583,7326
732605,Buntao,-3.041843577847933,119.9573853548106,7326
732606,Sa'Dan,-2.8394465392163446,119.93371724240409,7326
732607,Sanggalangi,-3.0106428051308503,119.92921820231625,7326
732608,Sopai,-3.003159790857448,119.85460524647051,7326
732609,Tikala,-2.929657048338828,119.87160793637415,7326
732610,Balusu,-2.911269425411264,119.9784736103619,7326
732611,Tallunglipu,-2.9545014273774157,119.91233841610848,7326
732612,Dende' Piongan Napo,-2.9736096223978676,119.82178287131173,7326
732613,Buntu Pepasan,-2.796883160197887,119.84852283205228,7326
732614,Baruppu,-2.7435517912536764,119.7663559524092,7326
732615,Kesu,-2.9982275724145566,119.897419165601,7326
732616,Tondon,-2.9582167621320146,119.95104930289013,7326
732617,Bangkelekila,-2.887314741829622,119.90503547124013,7326
732618,Rantebua,-3.084421251712115,119.99906313541254,7326
732619,Sesean Suloara,-2.902852905302345,119.87578388914437,7326
732620,Kapala Pitu,-2.9318346756760714,119.84268461349062,7326
732621,Awan Rante Karua,-2.9043254508410836,119.72932359368771,7326
737101,Mariso,-5.157310309773258,119.40902912713315,7371
737102,Mamajang,-5.164284264087985,119.41588419945892,7371
737103,Makassar,-5.142735731223747,119.42597535706938,7371
737104,Ujung Pandang,-5.140051727598205,119.41153273911918,7371
737105,Wajo,-5.125344416371421,119.41195722423097,7371
737106,Bontoala,-5.129253862649119,119.42274508276218,7371
737107,Tallo,-5.117234628680165,119.44381624749748,7371
737108,Ujung Tanah,-5.1142731487866495,119.41886601072518,7371
737109,Panakkukang,-5.1415472416884835,119.45399883867687,7371
737110,Tamalate,-5.185598069117887,119.40485195117236,7371
737111,Biringkanaya,-5.096223823708066,119.51544972009867,7371
737112,Manggala,-5.169344292425809,119.4875172245121,7371
737113,Rappocini,-5.170675112414763,119.44368078927633,7371
737114,Tamalanrea,-5.112110520549929,119.48180219260374,7371
737115,Kepulauan Sangkarrang,-5.056879066323424,119.2166296053151,7371
737201,Bacukiki,-4.040419674966523,119.67530395586674,7372
737202,Ujung,-3.995857555143077,119.65045766667863,7372
737203,Soreang,-3.9892441838882027,119.64297091489793,7372
737204,Bacukiki Barat,-4.043163498409983,119.63344658177064,7372
737301,Wara,-3.0091224342065184,120.19343061021108,7373
737302,Wara Utara,-2.986106671696766,120.18429924049595,7373
737303,Wara Selatan,-3.034645111519698,120.21356782529834,7373
737304,Telluwanua,-2.912102483081943,120.18178767813033,7373
737305,Wara Timur,-3.0031503716486654,120.20860799250389,7373
737306,Wara Barat,-2.962027093941647,120.1131596106354,7373
737307,Sendana,-3.0464835755624455,120.1603280437679,7373
737308,Mungkajang,-3.015530557909111,120.13205540793946,7373
737309,Bara,-2.9519188430735706,120.17786892221282,7373
740101,Wundulako,-4.104463495367335,121.63106668207278,7401
740104,Kolaka,-4.023980784596541,121.65436411684449,7401
740107,Pomalaa,-4.241315010954759,121.64325340066462,7401
740108,Watubangga,-4.4935279644795525,121.64041075606461,7401
740110,Wolo,-3.7727921345214592,121.34942465270602,7401
740112,Baula,-4.1640192451941855,121.716600991871,7401
740114,Latambaga,-3.9626121267742884,121.57144365646448,7401
740118,Tanggetada,-4.348915708084811,121.61305730208288,7401
740120,Samaturu,-3.890190525388471,121.46148975571731,7401
740124,Toari,-4.560936430932796,121.5708253568607,7401
740125,Polinggona,-4.430996992006433,121.65692492921833,7401
740127,Iwoimendaa,-3.739287453463233,121.19832461867013,7401
740201,Lambuya,-3.967582966172212,122.04779535713243,7402
740202,Unaaha,-3.8534872820313915,122.05763406803202,7402
740203,Wawotobi,-3.858553714211399,122.1352530915852,7402
740204,Pondidaha,-3.960809493558381,122.25124638918456,7402
740205,Sampara,-3.9867150139403,122.39994616546939,7402
740210,Abuki,-3.727196991002797,121.94651454987522,7402
740211,Soropia,-3.9152995736711342,122.62442678802506,7402
740215,Tongauna,-3.8207954695832504,122.01100700266268,7402
740216,Latoma,-3.488716595430462,121.59411210050668,7402
740217,Puriala,-4.050118949745827,122.10792498587294,7402
740218,Uepai,-3.8970885395238537,122.0140602256628,7402
740219,Wonggeduku,-3.9701358365305777,122.17506824000249,7402
740220,Besulutu,-3.962754942076326,122.3292557273526,7402
740221,Bondoala,-3.902724524391263,122.45237255611832,7402
740223,Routa,-3.0757093613632147,121.656455075813,7402
740224,Anggaberi,-3.768814981115079,122.0929459228964,7402
740225,Meluhu,-3.7941782223365683,122.18305653223781,7402
740228,Amonggedo,-3.8587406871198646,122.25211996652018,7402
740231,Asinua,-3.653015513120295,121.78352674145647,7402
740232,Konawe,-3.907235290648244,122.10208799260292,7402
740233,Kapoiala,-3.859164866154329,122.47926436113481,7402
740236,Lalonggasumeeto,-3.9116229262593847,122.53179925217789,7402
740237,Onembute,-4.050571819097496,122.01111384770769,7402
740238,Padangguni,-3.628507992708318,121.9052122413474,7402
740239,Morosi,-3.8931194632011277,122.3762240667267,7402
740240,Anggalomoare,-3.957394992034833,122.4403501472511,7402
740241,Wonggeduku Barat,-3.9290995414198027,122.14609208201423,7402
740242,Tongauna Utara,-3.7227456153146123,122.02713359557656,7402
740306,Napabalano,-4.6538916233078975,122.68296986714408,7403
740307,Maligano,-4.675885874826497,122.87519480569631,7403
740313,Wakorumba Selatan,-4.912316183987855,122.8540427542525,7403
740314,Lasalepa,-4.740768574024351,122.6972097792245,7403
740315,Batalaiworu,-4.8136115143840525,122.71057532348755,7403
740316,Katobu,-4.837526464058153,122.71850728955495,7403
740317,Duruka,-4.86867217038929,122.7190755773943,7403
740318,Lohia,-4.9127878685770705,122.70807157338214,7403
740319,Watopute,-4.798320927579401,122.63788001399519,7403
740320,Kontunaga,-4.855771500252319,122.64514676793219,7403
740323,Kabangka,-4.952335121576763,122.41749984472797,7403
740324,Kabawo,-5.012212732097759,122.48001583989709,7403
740325,Parigi,-5.080372611735301,122.4610539982379,7403
740326,Bone,-5.165509821081008,122.43055408605998,7403
740327,Tongkuno,-5.062969401863067,122.60468990121143,7403
740328,Pasir Putih,-5.019349019467587,122.8321628285969,7403
740330,Kontu Kowuna,-4.950069395179871,122.49456742840955,7403
740331,Marobo,-5.127144985207097,122.35412571297904,7403
740332,Tongkuno Selatan,-5.191336004073861,122.50088448100043,7403
740333,Pasi Kolaga,-5.019269079341351,122.77371667150362,7403
740334,Batukara,-4.825877005259788,122.87457507090275,7403
740337,Towea,-4.548133729291743,122.7139527143706,7403
740411,Pasarwajo,-5.440908128289025,122.8310217664988,7404
740422,Kapontori,-5.233247203660749,122.81130006615524,7404
740423,Lasalimu,-5.219484905550532,122.99556898186353,7404
740424,Lasalimu Selatan,-5.292325240260316,123.13972662344088,7404
740427,Siotapina,-5.354248079263246,123.04974390330972,7404
740428,Wolowa,-5.370865926209874,122.93839583998009,7404
740429,Wabula,-5.593005138585855,122.8420631549183,7404
740501,Tinanggea,-4.448492601259662,122.18975303585461,7405
740502,Angata,-4.156890601713228,122.11742878151013,7405
740503,Andoolo,-4.340878172955046,122.2490503205963,7405
740504,Palangga,-4.341492571203038,122.36581745985846,7405
740505,Landono,-4.101896013501053,122.30231476746036,7405
740506,Lainea,-4.406044379871698,122.62964668890723,7405
740507,Konda,-4.115337621799939,122.47108895406552,7405
740508,Ranomeeto,-4.0834838689843,122.40264028902959,7405
740509,Kolono,-4.310511684434801,122.69056430158777,7405
740510,Moramo,-4.197014307941325,122.65383434131259,7405
740511,Laonti,-4.213754716543217,122.83546565889803,7405
740512,Lalembuu,-4.388950530600309,122.06672056141484,7405
740513,Benua,-4.250080490005657,122.10038966093734,7405
740514,Palangga Selatan,-4.419942059740492,122.38299821448985,7405
740515,Mowila,-4.113933060521925,122.235426997626,7405
740516,Moramo Utara,-4.102980778989541,122.5940295202408,7405
740517,Buke,-4.247821037724083,122.2191297642501,7405
740518,Wolasi,-4.194862709072731,122.47034623231309,7405
740519,Laeya,-4.3239327311376945,122.48056642918307,7405
740520,Baito,-4.238046023632172,122.33517593573147,7405
740521,Basala,-4.315371192780411,122.04824928158419,7405
740522,Ranomeeto Barat,-4.04271325420042,122.37457473799672,7405
740523,Kolono Timur,-4.381589195376115,122.81277561413604,7405
740524,Sabulakoa,-4.0270736852781015,122.27091010939981,7405
740525,Andoolo Barat,-4.323847204131982,122.15384836411093,7405
740601,Poleang,-4.724570495318641,121.59830874458525,7406
740602,Poleang Timur,-4.803874384411092,121.8092676461612,7406
740603,Rarowatu,-4.712013151684766,121.89742635909909,7406
740604,Rumbia,-4.764448534798255,122.01905353836872,7406
740605,Kabaena,-5.2791572765376475,121.88586250546314,7406
740606,Kabaena Timur,-5.30151084917253,122.02748786481118,7406
740607,Poleang Barat,-4.636992116748021,121.56805853718014,7406
740608,Mata Oleo,-4.846910187832854,122.0113881021943,7406
740609,Rarowatu Utara,-4.6406578931543425,121.92634893468274,7406
740610,Poleang Utara,-4.71420606583628,121.77596840196173,7406
740611,Poleang Selatan,-4.8073484668541475,121.69400463617329,7406
740612,Poleang Tenggara,-4.828873849197982,121.91650999787898,7406
740613,Kabaena Selatan,-5.351300371016547,121.8949252951173,7406
740614,Kabaena Barat,-5.203919748963728,121.83479667293454,7406
740615,Kabaena Utara,-5.15002517372197,121.8890969062193,7406
740616,Kabaena Tengah,-5.231617011893888,121.96924276462923,7406
740617,Kep. Masaloka Raya,-4.823849779136688,122.13213594539108,7406
740618,Rumbia Tengah,-4.800384389370147,122.06517733088796,7406
740619,Poleang Tengah,-4.747650086289699,121.64084433579308,7406
740620,Tontonunu,-4.65571686869926,121.70230579676371,7406
740621,Lantari Jaya,-4.539394835778141,121.98880861829501,7406
740622,Mata Usu,-4.485154861220605,121.835655470272,7406
740701,Wangi-Wangi,-5.2809734684368905,123.56493058346933,7407
740702,Kaledupa,-5.504238890431242,123.74288941489209,7407
740703,Tomia,-5.663845706014373,123.99745715426378,7407
740704,Binongko,-5.945044542727884,124.05356216432205,7407
740705,Wangi Wangi Selatan,-5.347414127153235,123.58584823610853,7407
740706,Kaledupa Selatan,-5.565819341706926,123.81504547742716,7407
740707,Tomia Timur,-5.77002203979297,123.95256583008633,7407
740708,Togo Binongko,-5.971520992444522,124.0252851656764,7407
740801,Lasusua,-3.5291005191214335,120.98547604785591,7408
740802,Pakue,-3.258386746136825,121.09855447454052,7408
740803,Batu Putih,-3.1115951860156743,121.21484486343414,7408
740804,Rante Angin,-3.6135558542467545,121.06990363855061,7408
740805,Kodeoha,-3.411955589459265,121.00305444997728,7408
740806,Ngapa,-3.3567661323175195,121.07454386878669,7408
740807,Wawo,-3.6465338227676467,121.14461661413677,7408
740808,Lambai,-3.582217561433025,121.05022234090123,7408
740809,Watunohu,-3.2825588426024574,120.99028453929073,7408
740810,Pakue Tengah,-3.1961948677730443,121.14906389955873,7408
740811,Pakue Utara,-3.183828026037818,121.26312803635149,7408
740812,Porehu,-3.0323520156018744,121.26410321738886,7408
740813,Katoi,-3.45543055051379,120.97682049094104,7408
740814,Tiwu,-3.3504571131826464,120.98257508855353,7408
740815,Tolala,-2.878003988090792,121.11764338395923,7408
740901,Asera,-3.3929439381835897,121.81377959681386,7409
740902,Wiwirano,-3.172982780303168,122.06452258834123,7409
740903,Langgikima,-3.314736687341696,122.24422975223462,7409
740904,Molawe,-3.582303656400351,122.19068253709708,7409
740905,Lasolo,-3.681790268571513,122.18444702591073,7409
740906,Lembo,-3.778407471595545,122.33578696420783,7409
740907,Sawa,-3.7769960850450066,122.41722617775066,7409
740908,Oheo,-3.3719618017124144,122.04470148057477,7409
740909,Andowia,-3.544792713226575,122.11948663601986,7409
740910,Motui,-3.832007218404128,122.41003561412764,7409
740911,Wawolesea,-3.7245365438863036,122.28049453419736,7409
740912,Lasolo Kepulauan,-3.4463418922888236,122.28746141849345,7409
740913,Landawe,-3.270641811853049,122.17886950731254,7409
741001,Kulisusu,-4.730586631685557,123.15371627577483,7410
741002,Kambowa,-5.0325114673620615,122.91737608454991,7410
741003,Bonegunu,-4.804907295005808,122.98748335688938,7410
741004,Kulisusu Barat,-4.650289279450071,123.0001316616076,7410
741005,Kulisusu Utara,-4.536692029474338,123.0895994911844,7410
741006,Wakorumba Utara,-4.519962565715301,122.92818387771894,7410
741101,Tirawuta,-3.994234103516105,121.90281354686361,7411
741102,Loea,-4.083766247324545,121.85912311394648,7411
741103,Ladongi,-4.1355263116365855,121.88097748243547,7411
741104,Poli Polia,-4.20286645265742,121.86746686617768,7411
741105,Lambandia,-4.327866300560344,121.93487802397374,7411
741106,Lalolae,-4.014373881476609,121.79024417167382,7411
741107,Mowewe,-3.934416195653065,121.70608253764593,7411
741108,Uluiwoi,-3.804236789836168,121.67584113114728,7411
741109,Tinondo,-3.880296862021734,121.82761547026323,7411
741110,Aere,-4.301330804138145,121.80189892201282,7411
741111,Ueesi,-3.490241319912754,121.35524886696554,7411
741112,Dangia,-4.2127478691110465,121.98340271410903,7411
741201,Wawonii Barat,-4.044621601166641,123.02340107028354,7412
741202,Wawonii Utara,-4.055604744292228,123.11695965978917,7412
741203,Wawonii Timur Laut,-4.04787461962958,123.20458354738962,7412
741204,Wawonii Timur,-4.101713401020579,123.19831279085912,7412
741205,Wawonii Tenggara,-4.182887373143561,123.13665617224568,7412
741206,Wawonii Selatan,-4.167708151562605,123.04492516487817,7412
741207,Wawonii Tengah,-4.105297838661164,122.9845939113098,7412
741301,Sawerigadi,-4.804575620783852,122.49896648722665,7413
741302,Barangka,-4.831790566436825,122.55289078484773,7413
741303,Lawa,-4.883916711320348,122.58060440207403,7413
741304,Wadaga,-4.917277999788857,122.52554237911673,7413
741305,Tiworo Selatan,-4.88788725827003,122.39337830877888,7413
741306,Maginti,-4.868155271089151,122.34374667186718,7413
741307,Tiworo Tengah,-4.808059564960169,122.37580487801829,7413
741308,Tiworo Utara,-4.689572145333115,122.34739064092157,7413
741309,Tiworo Kepulauan,-4.790981970145257,122.43737264058808,7413
741310,Kusambi,-4.741870963530231,122.54558266827873,7413
741311,Napano Kusambi,-4.697967394230972,122.6077134474484,7413
741401,Lakudo,-5.319819578234009,122.53800355944047,7414
741402,Mawasangka Timur,-5.355702067818026,122.4403380791619,7414
741403,Mawasangka Tengah,-5.312776566362835,122.3878896498844,7414
741404,Mawasangka,-5.265995385286509,122.3360462807124,7414
741405,Talaga Raya,-5.451052124861111,121.99845721500105,7414
741406,Gu,-5.268100350000092,122.58892775328842,7414
741407,Sangia Wambulu,-5.345051509559441,122.63122499447479,7414
741501,Batauga,-5.59383310680853,122.63258919698488,7415
741502,Sampolawa,-5.570762411613104,122.72440993128481,7415
741503,Lapandewa,-5.653658150771967,122.779183916443,7415
741504,Batu Atas,-6.197867188917422,122.69326098825344,7415
741505,Siompu Barat,-5.682733506400381,122.49206164837089,7415
741506,Siompu,-5.657242515216824,122.52720717665046,7415
741507,Kadatua,-5.534482048898635,122.49588473979071,7415
747101,Mandonga,-3.93435895545076,122.50258991018805,7471
747102,Kendari,-3.956166930082145,122.59969273748995,7471
747103,Baruga,-4.0460107802439405,122.50168705042586,7471
747104,Poasia,-4.024325216591328,122.56072177165073,7471
747105,Kendari Barat,-3.9534860799788936,122.55411587963872,7471
747106,Abeli,-4.013576978895227,122.58440532111075,7471
747107,Wua-Wua,-4.000300415334061,122.48793478815962,7471
747108,Kadia,-3.984007924983985,122.50796111057471,7471
747109,Puuwatu,-3.9700692399579762,122.47253433653809,7471
747110,Kambu,-4.034863525083191,122.53503378028088,7471
747111,Nambo,-4.013539686502575,122.60760221790018,7471
747201,Betoambari,-5.504964190175014,122.58546003387062,7472
747202,Wolio,-5.484031186811056,122.63853223776516,7472
747203,Sorawolio,-5.437132212635069,122.71840497518565,7472
747204,Bungi,-5.369441412604966,122.69395930896438,7472
747205,Kokalukuna,-5.438387681561165,122.65293935801722,7472
747206,Murhum,-5.479461689351566,122.60059515406908,7472
747207,Lea-Lea,-5.369040337958362,122.65370341415196,7472
747208,Batupoaro,-5.461454179532115,122.5957081347874,7472
750101,Limboto,0.6543343834638627,122.983195575072,7501
750102,Telaga,0.6641602451187789,123.04155214080937,7501
750103,Batudaa,0.5446091866676357,122.96412910155472,7501
750104,Tibawa,0.6944606551341002,122.84750826211342,7501
750105,Batudaa Pantai,0.5059889793395663,122.95209078045328,7501
750109,Boliyohuto,0.6562136428079235,122.6140478031007,7501
750110,Telaga Biru,0.703386082188695,123.03461052012965,7501
750111,Bongomeme,0.5682710023076716,122.79316167364964,7501
750113,Tolangohula,0.7775856154818738,122.55455564988792,7501
750114,Mootilango,0.7563005520352897,122.65063164218304,7501
750116,Pulubala,0.6778440930003272,122.75189144431062,7501
750117,Limboto Barat,0.6611065870756843,122.93016933025396,7501
750118,Tilango,0.5630595008520952,123.01494254228217,7501
750119,Tabongo,0.5782650822573533,122.92788975460924,7501
750120,Biluhu,0.5078271818323666,122.77862140347673,7501
750121,Asparaga,0.8360853949617967,122.3844285160964,7501
750122,Talaga Jaya,0.5818536001366136,123.01101726506661,7501
750123,Bilato,0.5695906641730543,122.6753851161286,7501
750124,Dungaliyo,0.5691305009413403,122.88146092476522,7501
750201,Paguyaman,0.6210751159424484,122.5403931913167,7502
750202,Wonosari,0.7204378649110011,122.40574120072759,7502
750203,Dulupi,0.6238121452594165,122.38594244829753,7502
750204,Tilamuta,0.5830701240191465,122.32626708263102,7502
750205,Mananggu,0.6813286645681078,122.14835326010366,7502
750206,Botumoito,0.43814181112500344,122.24900335923758,7502
750207,Paguyaman Pantai,0.5373742158303855,122.56540872073914,7502
750301,Tapa,0.6251832905486667,123.10157194668602,7503
750302,Kabila,0.5454176982335054,123.10366220478748,7503
750303,Suwawa,0.5763893655578027,123.17893429340351,7503
750304,Bonepantai,0.4136506429634198,123.23039975680585,7503
750305,Bulango Utara,0.6997995019819415,123.08285199828455,7503
750306,Tilongkabila,0.5834091305100175,123.13050748433707,7503
750307,Botupingge,0.5182415870725382,123.10387658159259,7503
750308,Kabila Bone,0.45819717726449266,123.14278505353487,7503
750309,Bone,0.3753905082480906,123.4455155170766,7503
750310,Bone Raya,0.3568963497817468,123.35225283507854,7503
750311,Suwawa Timur,0.5358068121737691,123.29255958855119,7503
750312,Suwawa Selatan,0.4982757432967946,123.17654501710857,7503
750313,Suwawa Tengah,0.5444655358044178,123.19141925338947,7503
750314,Bulango Ulu,0.6787156552387645,123.1958469507911,7503
750315,Bulango Selatan,0.5907946405086227,123.07981044785528,7503
750316,Bulango Timur,0.6058618765129484,123.10824608945642,7503
750317,Bulawa,0.3717654551648393,123.29651803036107,7503
750318,Pinogu,0.5257451526232678,123.42951974363984,7503
750401,Popayato,0.5315387369504087,121.45182372005233,7504
750402,Lemito,0.6993780791990957,121.5777316782891,7504
750403,Randangan,0.5094955369413936,121.79291406865745,7504
750404,Marisa,0.47448271012307386,121.96100179753552,7504
750405,Paguat,0.497458422437636,122.05531502441676,7504
750406,Patilanggio,0.5872825436321172,121.90184434921137,7504
750407,Taluditi,0.7822089466069236,121.84028012347717,7504
750408,Dengilo,0.6974439464105652,122.077049596452,7504
750409,Buntulia,0.6972572959238403,121.9899278174558,7504
750410,Duhiadaa,0.47266319517583516,121.90577331082018,7504
750411,Wanggarasi,0.7180081639964725,121.69033929393537,7504
750412,Popayato Timur,0.6922398493985017,121.46996453112727,7504
750413,Popayato Barat,0.6684408143626871,121.32235879262525,7504
750501,Atinggola,0.8286440976633745,123.14767506209506,7505
750502,Kwandang,0.7822888801977186,122.9280658758321,7505
750503,Anggrek,0.8173173219057775,122.77583620776488,7505
750504,Sumalata,0.9532459579954651,122.3760112086447,7505
750505,Tolinggula,0.9624965251927713,122.10044880178233,7505
750506,Gentuma Raya,0.864291269477079,123.02473678818595,7505
750507,Tomilito,0.8936788463229346,122.96625894190112,7505
750508,Ponelo Kepulauan,0.8808891183822759,122.8821811807632,7505
750509,Monano,0.8786320578615586,122.66393071544005,7505
750510,Biau,0.9473235855352181,122.19546972484717,7505
750511,Sumalata Timur,0.9268908764092698,122.54463304873397,7505
757101,Kota Barat,0.5421605834590493,123.02436296928202,7571
757102,Kota Selatan,0.5439340673988794,123.05659688036117,7571
757103,Kota Utara,0.5647162182621829,123.07961570550182,7571
757104,Dungingi,0.5605682413813354,123.03966286845726,7571
757105,Kota Timur,0.5415956373658227,123.07060862562521,7571
757106,Kota Tengah,0.5626842591547222,123.05510863973439,7571
757107,Sipatana,0.5789340229937394,123.0615533049315,7571
757108,Dumbo Raya,0.5083682668652153,123.07913546042906,7571
757109,Hulonthalangi,0.5198927218379898,123.03991352861004,7571
760101,Bambalamotu,-1.0944449293578835,119.50275786694912,7601
760102,Pasangkayu,-1.1960890214107809,119.45498662157374,7601
760103,Baras,-1.559234835178893,119.41415948685335,7601
760104,Sarudu,-1.6764280247187366,119.33348215405722,7601
760105,Dapurang,-1.7216766324022934,119.60161651103998,7601
760106,Duripoku,-1.6111645377294632,119.5382579131452,7601
760107,Bulu Taba,-1.479845972896064,119.55334570038787,7601
760108,Tikke Raya,-1.3613902486272935,119.38410010617109,7601
760109,Pedongga,-1.2693332988822459,119.38807966814775,7601
760110,Bambaira,-0.9922698655703314,119.52386429589535,7601
760111,Sarjo,-0.9062151627397049,119.54627461991483,7601
760112,Lariang,-1.4643927911873296,119.33908044684085,7601
760201,Mamuju,-2.719347124784909,118.94970870987501,7602
760202,Tapalang,-2.8627480551329256,118.94860512514124,7602
760203,Kalukku,-2.5878619479301594,119.10211596179217,7602
760204,Kalumpang,-2.5277257944716975,119.58275749701065,7602
760207,Papalang,-2.428388300165205,119.20225573021877,7602
760208,Sampaga,-2.356859953244629,119.22405271378692,7602
760211,Tommo,-2.252348722836912,119.4770820209367,7602
760212,Simboro,-2.718434918831012,118.84206422936677,7602
760213,Tapalang Barat,-2.7953318468360653,118.80117954351601,7602
760215,Bonehau,-2.5837778304583465,119.33476487314543,7602
760216,Kepulauan Bala Balakang,-2.745592354926266,117.49461059542445,7602
760301,Mambi,-2.9961660596458985,119.12064279401535,7603
760302,Aralle,-2.8726843600433867,119.0869206119007,7603
760303,Mamasa,-2.84600561598537,119.44515485951871,7603
760304,Pana,-3.0669533884690034,119.54242685465196,7603
760305,Tabulahan,-2.7514125170548906,119.2087379777493,7603
760306,Sumarorong,-3.148854011904991,119.34620579246075,7603
760307,Messawa,-3.263329596861754,119.37240630199756,7603
760308,Sesenapadang,-3.0102611683122733,119.41155492291026,7603
760309,Tanduk Kalua,-3.058459966124914,119.30995167120923,7603
760310,Tabang,-2.9553912513635368,119.52495186156523,7603
760311,Bambang,-2.9062077489900484,119.25753925245475,7603
760312,Balla,-2.9943459359449536,119.31887658128639,7603
760313,Nosu,-3.1182107996822266,119.46440737854668,7603
760314,Tawalian,-2.951915069497971,119.42127192435126,7603
760315,Rantebulahan Timur,-2.98374843574445,119.22855700269773,7603
760316,Buntumalangka,-2.8383897167557737,119.19170855037645,7603
760317,Mehalaan,-3.0595962001140986,119.18353115573856,7603
760401,Tinambung,-3.504147516984963,119.00728945037886,7604
760402,Campalagian,-3.4545321782321667,119.1256028833661,7604
760403,Wonomulyo,-3.4243583144043197,119.23579992526085,7604
760404,Polewali,-3.4098228426983055,119.33423092297876,7604
760405,Tutar,-3.221935082137717,119.00649368771627,7604
760406,Binuang,-3.4218928387995495,119.42454461138858,7604
760407,Tapango,-3.310328912764887,119.25484624728415,7604
760408,Mapilli,-3.358484763500986,119.17554145013638,7604
760409,Matangnga,-3.1803494445671636,119.22826023344098,7604
760410,Luyo,-3.366412633024754,119.1064662059505,7604
760411,Limboro,-3.447437942167438,119.0159137829969,7604
760412,Balanipa,-3.485263812765901,119.06432626460288,7604
760413,Anreapi,-3.344756405318735,119.36388674880047,7604
760414,Matakali,-3.368654253842611,119.28572931723605,7604
760415,Allu,-3.368318597139194,118.96563899471906,7604
760416,Bulo,-3.20447217414551,119.12663724382463,7604
760501,Banggae,-3.5371479662636864,118.94471665235324,7605
760502,Pamboang,-3.4650676032033703,118.91236744244189,7605
760503,Sendana,-3.338169830702706,118.88743015330186,7605
760504,Malunda,-2.978183940913636,118.94086733991976,7605
760505,Ulumanda,-3.079203697517789,118.94288035814958,7605
760506,Tammerodo Sendana,-3.224146397778973,118.86961062485526,7605
760507,Tubo Sendana,-3.129127693516652,118.82043449560027,7605
760508,Banggae Timur,-3.5131896645306147,118.96770236724781,7605
760601,Tobadak,-2.1125795785794748,119.43731707287797,7606
760602,Pangale,-2.2552778153707123,119.18813369057706,7606
760603,Budong-Budong,-2.1651951350184317,119.25221250462275,7606
760604,Topoyo,-2.0345307875255525,119.5736068372972,7606
760605,Karossa,-1.885179520856811,119.57208159526516,7606
810101,Amahai,-3.3093560814418304,129.17642313394015,8101
810102,Teon Nila Serua,-3.2087567472424756,129.01536222604966,8101
810106,Seram Utara,-2.9924783132095105,129.50762946317178,8101
810109,Banda,-4.5451210230384245,129.89365998476404,8101
810111,Tehoru,-3.2781541138532333,129.4733412707799,8101
810112,Saparua,-3.5551507171946906,128.61829982687715,8101
810113,Pulau Haruku,-3.571505084081243,128.48329480142206,8101
810114,Salahutu,-3.559565448555998,128.29825689800222,8101
810115,Leihitu,-3.622333518533625,128.0949846481069,8101
810116,Nusa Laut,-3.668242342676311,128.78401262098953,8101
810117,Kota Masohi,-3.304911361154856,128.95860014132168,8101
810120,Seram Utara Barat,-2.93849980351676,128.94097318313646,8101
810121,Teluk Elpaputih,-3.1256252799142294,128.88947484045255,8101
810122,Leihitu Barat,-3.725053110009238,127.9966276576821,8101
810123,Telutih,-3.2580939992456592,129.75686702375356,8101
810124,Seram Utara Timur Seti,-3.0803771781352465,129.99552434154353,8101
810125,Seram Utara Timur Kobi,-3.015785433910532,129.78903176346904,8101
810126,Saparua Timur,-3.549233364434933,128.70914477261286,8101
810201,Kei Kecil,-5.695047136439462,132.72217127050752,8102
810203,Kei Besar,-5.655300976167213,133.00888420193849,8102
810204,Kei Besar Selatan,-5.842336596369426,132.92400776202493,8102
810205,Kei Besar Utara Timur,-5.440836384169417,133.12843924567267,8102
810213,Kei Kecil Timur,-5.842545853778065,132.77453831099515,8102
810214,Kei Kecil Barat,-5.886063806586803,132.62956105350648,8102
810215,Manyeuw,-5.691354611939275,132.6705876691042,8102
810216,Hoat Sorbay,-5.792006576720742,132.7129043403877,8102
810217,Kei Besar Utara Barat,-5.437878324260184,133.0862126692336,8102
810218,Kei Besar Selatan Barat,-5.9175410865629035,132.88397551773366,8102
810219,Kei Kecil Timur Selatan,-5.9204655661174375,132.757730648091,8102
810301,Tanimbar Selatan,-7.916792318031714,131.2161629951687,8103
810302,Selaru,-8.193182310877205,130.9703635345299,8103
810303,Wertamrian,-7.745484277207086,131.38192388668998,8103
810304,Wermaktian,-7.617856709665739,131.13583358585035,8103
810305,Tanimbar Utara,-7.197221066749127,131.7418762409732,8103
810306,Fordata,-7.040286546047796,131.94966369725742,8103
810307,Wuar Labobar,-7.404798167405362,131.43261249216118,8103
810308,Kormomolin,-7.612661789695221,131.5281712967621,8103
810309,Nirunmas,-7.457963892473164,131.59158004693467,8103
810318,Molu Maru,-6.773888431381675,131.54581552983967,8103
810401,Namlea,-3.2474335006479804,127.0374629257382,8104
810402,Air Buaya,-3.220876298788798,126.33621893773895,8104
810403,Waeapo,-3.297108200333517,126.96046987017212,8104
810406,Waplau,-3.135724025559831,126.79197573725627,8104
810410,Batabual,-3.4894620350117176,127.21479484406386,8104
810411,Lolong Guba,-3.466378703861825,126.81411157811374,8104
810412,Waelata,-3.518274994241162,126.95949994611026,8104
810413,Fena Leisela,-3.2939689804369663,126.6379730795143,8104
810414,Teluk Kaiely,-3.4267849597899387,127.1154350555359,8104
810415,Lilialy,-3.1850529556695655,126.97801598402263,8104
810501,Bula,-3.205539334446427,130.4560309018248,8105
810502,Seram Timur,-3.833174783809325,130.79712806753005,8105
810503,Werinama,-3.441241108269003,130.25011883875683,8105
810504,Pulau Gorom,-4.069686792353471,131.36207738923886,8105
810505,Wakate,-4.484805112662122,131.6480588770498,8105
810506,Tutuk Tolu,-3.5567477477757374,130.74673165910687,8105
810507,Siwalalat,-3.282153784601444,130.02613289930096,8105
810508,Kilmury,-3.6265693625241937,130.57323056689606,8105
810509,Pulau Panjang,-4.013743774850612,131.2264157096026,8105
810510,Teor,-4.74027799279899,131.74210111569843,8105
810511,Gorom Timur,-4.016775034528853,131.4238328880257,8105
810512,Bula Barat,-3.1115582470288294,130.26557577503434,8105
810513,Kian Darat,-3.688426206443553,130.77995566414788,8105
810514,Siritaun Wida Timur,-3.7585651847400343,130.7779271712403,8105
810515,Teluk Waru,-3.3855885296136976,130.592987625439,8105
810601,Kairatu,-3.3788290324191372,128.42363176539888,8106
810602,Seram Barat,-3.0510821413733313,128.22060644352769,8106
810603,Taniwel,-2.9575365694828117,128.46107741047064,8106
810604,Huamual Belakang,-3.123318317527805,127.87963602961067,8106
810605,Amalatu,-3.373190432540444,128.59351644554667,8106
810606,Inamosol,-3.2047484394988315,128.4870371036418,8106
810607,Kairatu Barat,-3.215102940158514,128.34107612976297,8106
810608,Huamual,-3.3086816254805926,127.98296461716912,8106
810609,Kepulauan Manipa,-3.312839326142048,127.57089876452181,8106
810610,Taniwel Timur,-2.9488237642590622,128.69834332520352,8106
810611,Elpaputih,-3.1812429336075665,128.6973348043995,8106
810701,Pulau-Pulau Aru,-5.79978965114901,134.3692902425209,8107
810702,Aru Selatan,-6.616489754450645,134.21411864250132,8107
810703,Aru Tengah,-6.206630787127699,134.4632577924289,8107
810704,Aru Utara,-5.4459482917423685,134.58305124162808,8107
810705,Aru Utara Timur Batuley,-5.768072946311403,134.64640906992759,8107
810706,Sir-Sir,-5.622654826393246,134.54505521352837,8107
810707,Aru Tengah Timur,-6.103876975001222,134.64709400643477,8107
810708,Aru Tengah Selatan,-6.569138457982559,134.74950930228732,8107
810709,Aru Selatan Timur,-6.719311593514529,134.34305777496277,8107
810710,Aru Selatan Utara,-6.325552524972291,134.24182381526708,8107
810801,Moa,-8.17686655077278,127.9424293009084,8108
810802,Damer,-7.145368111198905,128.6118424605526,8108
810803,Kepulauan Luang Sermata,-8.212971153878822,128.9054684166176,8108
810804,Babar Barat,-7.864089539379132,129.66724909832806,8108
810805,Pulau-Pulau Babar Timur,-7.930519301655169,129.77473981527436,8108
810806,Wetar Selatan,-7.826746108629868,126.30864464613475,8108
810807,Kisar Selatan,-8.072452869627678,127.1819947324516,8108
810808,Pulau Leti,-8.19754437586599,127.68200913114173,8108
810809,Pulau Masela,-8.152619292066385,129.8674952738594,8108
810810,Dawelor Dawera,-7.746273181870113,130.0385921870046,8108
810811,Pulau Wetang,-7.903064281539968,129.53797580055124,8108
810812,Pulau Lakor,-8.242825394430426,128.16060082091104,8108
810813,Wetar Utara,-7.6973554017159636,126.27233271702768,8108
810814,Wetar Barat,-7.888625963549113,125.88367081102137,8108
810815,Wetar Timur,-7.690969465913622,126.64637138985411,8108
810816,Kepulauan Roma,-7.571318337882683,127.4128290883188,8108
810817,Kisar Utara,-8.027780438807877,127.17851517935755,8108
810901,Namrole,-3.71304952271127,126.71334297923437,8109
810902,Waesama,-3.6473352739665703,127.03222989251377,8109
810903,Ambalau,-3.857825836852399,127.19413538781642,8109
810904,Kepala Madan,-3.365599341127913,126.13929925493241,8109
810905,Leksula,-3.582838605750368,126.39248663616881,8109
810906,Fena Fafan,-3.5664980140307314,126.49260259293406,8109
817101,Nusaniwe,-3.7415518864262305,128.15746092115515,8171
817102,Sirimau,-3.6945796469156003,128.21532178224936,8171
817103,Baguala,-3.629200186247091,128.2413119314402,8171
817104,Teluk Ambon,-3.668439007562819,128.1259072955113,8171
817105,Leitimur Selatan,-3.6986116629523,128.25795914247894,8171
817201,Pulau Dullah Utara,-5.578499983483561,132.77134189792974,8172
817202,Pulau Dullah Selatan,-5.642678787411163,132.76157705400541,8172
817203,Tayando Tam,-5.61818296141566,132.2891456067507,8172
817204,Pulau-Pulau Kur,-5.274431739687996,132.01131535014952,8172
817205,Kur Selatan,-5.385474427615246,131.98649779323654,8172
820101,Jailolo,1.0567779287164631,127.53282986918902,8201
820102,Loloda,1.673609318765813,127.62368645588558,8201
820103,Ibu,1.4861835078427592,127.59047340758241,8201
820104,Sahu,1.2096598703624089,127.45168903911313,8201
820105,Jailolo Selatan,0.8752793269092302,127.60590914916467,8201
820107,Ibu Utara,1.5512817680878617,127.65692967301307,8201
820108,Ibu Selatan,1.357706282744465,127.56384339278911,8201
820109,Sahu Timur,1.2036963746511466,127.56553191655489,8201
820110,Loloda Tengah,1.849557867112019,127.70383748243836,8201
820201,Weda,0.36846085497034115,127.83548638186863,8202
820202,Patani,0.2749728625462001,128.7808923123421,8202
820203,Pulau Gebe,-0.038254527115273544,129.5438314298326,8202
820204,Weda Utara,0.5208545980115338,128.11663753946652,8202
820205,Weda Selatan,0.2104049823198481,127.85956366285625,8202
820206,Patani Utara,0.30316377696054136,128.77341479100025,8202
820207,Weda Tengah,0.5414098671132092,127.91835430577508,8202
820208,Patani Barat,0.3827498364984744,128.5585766627693,8202
820209,Weda Timur,0.47713870051582613,128.32341662174582,8202
820210,Patani Timur,0.4220297561851037,128.6812093666408,8202
820304,Galela,1.8005924472912966,127.8617110270798,8203
820305,Tobelo,1.6877540125729196,127.8732831962555,8203
820306,Tobelo Selatan,1.6152964318223932,127.93790531582788,8203
820307,Kao,1.2523380759101064,127.88846601047024,8203
820308,Malifut,1.161207610568425,127.74569043448355,8203
820309,Loloda Utara,2.07744324871711,127.88100268693098,8203
820310,Tobelo Utara,1.7233074739403345,127.86191285987866,8203
820311,Tobelo Tengah,1.6537254738087082,127.87483175205368,8203
820312,Tobelo Timur,1.5444247561626168,128.00537147066422,8203
820313,Tobelo Barat,1.528111774839294,127.84368562575632,8203
820314,Galela Barat,1.8253237593853093,127.76866700434117,8203
820315,Galela Utara,2.0353644377266074,127.9203497531162,8203
820316,Galela Selatan,1.7550636943326954,127.79550666791395,8203
820319,Loloda Kepulauan,2.2251624856539314,127.78096447423503,8203
820320,Kao Utara,1.3845265606701012,127.96050490342172,8203
820321,Kao Barat,1.3503220557630027,127.76378029316702,8203
820322,Kao Teluk,1.0324581801235788,127.65478824685425,8203
820401,Pulau Makian,0.32753639449924943,127.41136567294835,8204
820402,Kayoa,-0.017996747006276695,127.31214145073037,8204
820403,Gane Timur,-0.06969865713120882,127.87357732212688,8204
820404,Gane Barat,-0.44729745185123987,127.93452069179851,8204
820405,Obi Selatan,-1.6353154571952555,127.70308337311951,8204
820406,Obi,-1.4659290961656397,127.61726259711764,8204
820407,Bacan Timur,-0.5056014207389714,127.58698061717574,8204
820408,Bacan,-0.556105341238261,127.44412583112833,8204
820409,Bacan Barat,-0.43350354548711656,127.3454863590989,8204
820410,Makian Barat,0.32252817591083616,127.3726042124745,8204
820411,Kayoa Barat,-0.21689568737995776,127.11666867919737,8204
820412,Kayoa Selatan,-0.05131517163467171,127.42886773077888,8204
820413,Kayoa Utara,0.06901887536762887,127.44350463430996,8204
820414,Bacan Barat Utara,-0.41097181238001484,127.47280448161679,8204
820415,Kasiruta Barat,-0.3864064982543183,127.15551424445144,8204
820416,Kasiruta Timur,-0.37164167678527227,127.23268429367607,8204
820417,Bacan Selatan,-0.7252457298995305,127.49056853377883,8204
820418,Kepulauan Botanglomang,-0.635577727301908,127.36105632391848,8204
820419,Mandioli Selatan,-0.7409513162878287,127.2366037532659,8204
820420,Mandioli Utara,-0.6661707667938818,127.25061826709512,8204
820421,Bacan Timur Selatan,-0.7826023360913587,127.69515853660555,8204
820422,Bacan Timur Tengah,-0.7248645597657501,127.74676130525881,8204
820423,Gane Barat Selatan,-0.7451228961312711,128.16870432999366,8204
820424,Gane Barat Utara,-0.17010904855838857,127.7557309773455,8204
820425,Kepulauan Joronga,-1.0114061099762437,128.36571452175411,8204
820426,Gane Timur Selatan,-0.6737205992523332,128.221249089963,8204
820427,Gane Timur Tengah,-0.40821813612500396,128.00930504430718,8204
820428,Obi Barat,-1.3645983645515032,127.36174317039557,8204
820429,Obi Timur,-1.5863979201936356,128.03968465960054,8204
820430,Obi Utara,-1.2237750306813542,127.56779276554715,8204
820501,Mangoli Timur,-1.8635071046896023,126.05764323324755,8205
820502,Sanana,-2.091887517930202,125.94424050056271,8205
820503,Sulabesi Barat,-2.161296519449528,125.90420386971876,8205
820506,Mangoli Barat,-1.8479374703347413,125.4068341644716,8205
820507,Sulabesi Tengah,-2.246032033858702,125.97606678456754,8205
820508,Sulabesi Timur,-2.413926213894633,126.03475891161689,8205
820509,Sulabesi Selatan,-2.34457415661716,125.97833264848164,8205
820510,Mangoli Utara Timur,-1.8386154186256454,126.2635327644453,8205
820511,Mangoli Tengah,-1.8563990004846855,125.90206078282768,8205
820512,Mangoli Selatan,-1.8976522896940102,125.59081673181137,8205
820513,Mangoli Utara,-1.8346891394172655,125.63200964492758,8205
820518,Sanana Utara,-2.018459918444995,125.92494694903637,8205
820601,Wasile,1.1019400137651099,128.23580044477384,8206
820602,Maba,0.9427075136007929,128.2678943302796,8206
820603,Maba Selatan,0.5352348771179818,128.5027238308629,8206
820604,Wasile Selatan,0.8363515395070097,127.9334471028253,8206
820605,Wasile Tengah,1.3010728770632378,128.28162916194796,8206
820606,Wasile Utara,1.44767821892737,128.43283957746394,8206
820607,Wasile Timur,1.1434668781569253,128.2096595206275,8206
820608,Maba Tengah,1.074112040911494,128.4885095267253,8206
820609,Maba Utara,1.3152232195811728,128.59772479379257,8206
820610,Kota Maba,0.7225455610108245,128.15501019033962,8206
820701,Morotai Selatan,2.1078287983877306,128.3867039369691,8207
820702,Morotai Selatan Barat,2.2820141641138156,128.34108443522877,8207
820703,Morotai Jaya,2.509122487382736,128.48201022722316,8207
820704,Morotai Utara,2.3905175427351337,128.57203873977826,8207
820705,Morotai Timur,2.2034090373098802,128.53101768849183,8207
820706,Pulau Rao,2.3436717489912473,128.15809586365572,8207
820801,Taliabu Barat,-1.9303259434896853,124.47012938376857,8208
820802,Taliabu Barat Laut,-1.8113343513564473,124.40738831624438,8208
820803,Lede,-1.7247019061283375,124.44054558412441,8208
820804,Taliabu Utara,-1.7329312098169287,124.69478349138603,8208
820805,Taliabu Timur,-1.7694864612462493,125.13141055566028,8208
820806,Taliabu Timur Selatan,-1.8593722408456839,125.09512093527248,8208
820807,Taliabu Selatan,-1.8851705561041086,124.6918963323977,8208
820808,Tabona,-1.8526326790157985,124.88450026637508,8208
827101,Pulau Ternate,0.7872802530326541,127.31351414903257,8271
827102,Kota Ternate Selatan,0.7733995889421553,127.34846395257938,8271
827103,Kota Ternate Utara,0.8202889359438279,127.36975093614278,8271
827104,Moti,0.4556967589711002,127.40911226031088,8271
827105,Pulau Batang Dua,1.264600749818564,126.34509916826117,8271
827106,Kota Ternate Tengah,0.7966964478759662,127.36422511191125,8271
827107,Pulau Hiri,0.8963963384344338,127.31753937378356,8271
827108,Ternate Barat,0.8340398378508753,127.32837187248981,8271
827201,Tidore,0.6661132827663577,127.43171743100464,8272
827202,Oba Utara,0.7016560525618072,127.6645505488628,8272
827203,Oba,0.3323447407383377,127.72779268976849,8272
827204,Tidore Selatan,0.6259972453004513,127.3965861765067,8272
827205,Tidore Utara,0.7014403623776436,127.39334640445938,8272
827206,Oba Tengah,0.5462577961343714,127.67330382572399,8272
827207,Oba Selatan,0.09415609195734348,127.75564406723669,8272
827208,Tidore Timur,0.7189931284223048,127.43203039110672,8272
910301,Sentani,-2.568086151640445,140.51352665914234,9103
910302,Sentani Timur,-2.6352870764619536,140.58723340027493,9103
910303,Depapre,-2.453133335050732,140.3856340280076,9103
910304,Sentani Barat,-2.525902755454515,140.3626656460568,9103
910305,Kemtuk,-2.6756755826429397,140.4064322287213,9103
910306,Kemtuk Gresi,-2.733479854268412,140.31101259196885,9103
910307,Nimboran,-2.6275646918524114,140.13185041445163,9103
910308,Nimbokrang,-2.5258068977681223,140.16044036403545,9103
910309,Unurum Guay,-2.643293665992241,139.77862317079607,9103
910310,Demta,-2.39768268037411,140.08982882263766,9103
910311,Kaureh,-3.2136433890034213,139.86151476988655,9103
910312,Ebungfao,-2.6569258448266146,140.51703133757928,9103
910313,Waibu,-2.5634481639385136,140.43646600461352,9103
910314,Nambluong,-2.603022274573671,140.21107804899228,9103
910315,Yapsi,-2.869812347463256,140.15066823676347,9103
910316,Airu,-3.5531290580544845,140.1389419188335,9103
910317,Raveni Rara,-2.4730321929491885,140.53776429003887,9103
910318,Gresi Selatan,-2.703849212090487,140.19637339934653,9103
910319,Yokari,-2.4667758253150884,140.24236737453904,9103
910501,Yapen Selatan,-1.8493670752859763,136.23976643468637,9105
910502,Yapen Barat,-1.718154918065675,135.8405070430204,9105
910503,Yapen Timur,-1.8120838484367796,136.668803733329,9105
910504,Angkaisera,-1.8467856739478044,136.36408499590289,9105
910505,Poom,-1.6358450913903888,135.66300537000905,9105
910506,Kosiwo,-1.7863778476951375,136.0974627728033,9105
910507,Yapen Utara,-1.7266989878153383,136.33835941564908,9105
910508,Raimbawi,-1.7651580380914125,136.73034197293046,9105
910509,Teluk Ampimoi,-1.820435358454191,136.46538619854434,9105
910510,Kepulauan Ambai,-1.92275006559008,136.355572261332,9105
910511,Wonawa,-1.6559357633268872,135.55926432520656,9105
910512,Windesi,-1.679957459958214,136.00322296768638,9105
910513,Pulau Kurudu,-1.8467271840810469,137.0124137805261,9105
910514,Pulau Yerui,-1.4992161414948568,135.21241858527617,9105
910515,Anotaurei,-1.8655989250052245,136.23443393496035,9105
910516,Yawakukat,-1.8125242346815287,136.29027987031662,9105
910517,Nusawani,-1.9162016762276388,136.29175728759725,9105
910601,Biak Kota,-1.1764619671027905,136.09502170791848,9106
910602,Biak Utara,-1.0056105966836733,136.06689852398299,9106
910603,Biak Timur,-1.126650825053849,136.19233777484743,9106
910604,Numfor Barat,-1.0322588210836008,134.84429696919324,9106
910605,Numfor Timur,-0.9809978837033966,134.86123074343564,9106
910608,Biak Barat,-1.0521301081437278,135.8598880689527,9106
910609,Warsa,-0.8060175147540075,135.88795234749324,9106
910610,Padaido,-1.2319378625680937,136.36601005505912,9106
910611,Yendidori,-1.0927506713485282,135.95743841651645,9106
910612,Samofa,-1.1426483007799446,136.09525934852027,9106
910613,Yawosi,-0.8349441390883978,135.99169078970246,9106
910614,Andey,-0.9199549452531471,135.9431021135482,9106
910615,Swandiwe,-0.8664103429792397,135.81018654149096,9106
910616,Bruyadori,-1.0579352863061726,134.94079080834396,9106
910617,Orkeri,-1.1133794026583481,134.89538174112909,9106
910618,Poiru,-0.9860854430681372,134.91332951375313,9106
910619,Aimando Padaido,-1.2231149591065524,136.59929973048352,9106
910620,Oridek,-1.0854461746275819,136.2824138585151,9106
910621,Bondifuar,-0.729765268581167,135.82420389275663,9106
911001,Sarmi,-1.8376684596117747,138.74097512669402,9110
911002,Tor Atas,-2.3211008173159566,138.75612691313754,9110
911003,Pantai Barat,-1.8340089324423923,138.3825627234174,9110
911004,Pantai Timur,-2.7461715206818185,139.23091190093757,9110
911005,Bonggo,-2.8500299898899493,139.4359368832488,9110
911009,Apawer Hulu,-2.1279761144229092,138.41895315943174,9110
911012,Sarmi Selatan,-1.9929874362295228,138.64413840683736,9110
911013,Sarmi Timur,-2.0397910418115566,138.78839991122825,9110
911014,Pantai Timur Bagian Barat,-2.2930553898728805,139.04276527316077,9110
911015,Bonggo Timur,-2.426558251000847,139.7330092889615,9110
911101,Waris,-3.21449227177811,140.84057624128525,9111
911102,Arso,-3.027308469790764,140.62346940213288,9111
911103,Senggi,-3.425735813098703,140.5619054803633,9111
911104,Web,-3.6799566198674523,140.8162921488978,9111
911105,Skanto,-2.8665278982027136,140.52434439696668,9111
911106,Arso Timur,-2.910229534099933,140.91308462823514,9111
911107,Towe,-3.886686693920978,140.83359004988816,9111
911108,Arso Barat,-2.8111482033706947,140.73500208149068,9111
911109,Mannem,-3.0259249470599716,140.81908935744127,9111
911110,Yaffi,-3.5169300539508894,140.92723700018155,9111
911111,Kaisenar,-3.852375410886664,140.53426296569427,9111
911501,Waropen Bawah,-2.285544977783621,136.47707298207737,9115
911503,Masirei,-2.445665378037455,136.92568641531275,9115
911507,Risei Sayati,-2.511287086871639,136.69811847596335,9115
911508,Urei Faisei,-2.2350684876768745,136.51138656899462,9115
911509,Inggerus,-2.7518514596225625,136.4501828417402,9115
911510,Kirihi,-2.918917496563523,137.07153839123723,9115
911511,Oudate,-2.551030905831784,136.5088458951577,9115
911512,Wapoga,-2.80700377762976,136.27199322233977,9115
911513,Demba,-2.5103502107637254,136.8364115844896,9115
911514,Wonti,-2.5865456166885488,136.77951834492885,9115
911515,Soyoi Mambai,-2.354698203525361,136.5852337578601,9115
911901,Supiori Selatan,-0.7891126382213918,135.57152527134835,9119
911902,Supiori Utara,-0.7241250388157697,135.62381857736835,9119
911903,Supiori Timur,-0.7765532263652131,135.70047807182542,9119
911904,Kepulauan Aruri,-0.7478720855671026,135.45059452945446,9119
911905,Supiori Barat,-0.6399335609996974,135.46479879830542,9119
912001,Mamberamo Tengah,-2.373065491587249,138.22937180176868,9120
912002,Mamberamo Hulu,-2.9135327585360065,138.7572014417242,9120
912003,Rufaer,-2.8465173631644096,137.77452266988362,9120
912004,Mamberamo Tengah Timur,-2.6544233810735864,137.8877824066127,9120
912005,Mamberamo Hilir,-1.8531141185239959,137.9050209156363,9120
912006,Waropen Atas,-2.332100218838587,137.12789225014185,9120
912007,Benuki,-2.2780562019277646,137.53719473979532,9120
912008,Sawai,-1.858047135781129,137.42657525898602,9120
917101,Jayapura Utara,-2.511296174950746,140.68176873631035,9171
917102,Jayapura Selatan,-2.553802972482859,140.66827622139542,9171
917103,Abepura,-2.686156085573683,140.6990926600997,9171
917104,Muara Tami,-2.692852197953894,140.90336858338875,9171
917105,Heram,-2.6008023907730684,140.63643690901787,9171
920203,Warmare,-1.020040676657247,133.8818088122033,9202
920204,Prafi,-0.8805843271427414,133.85962997030686,9202
920205,Masni,-0.8551920939261481,133.7265848642746,9202
920212,Manokwari Barat,-0.8516725663805697,134.04151306353717,9202
920213,Manokwari Timur,-0.8677045593132984,134.10465546086812,9202
920214,Manokwari Utara,-0.7874274045164947,133.92460346968636,9202
920215,Manokwari Selatan,-0.9778030918113206,134.00612263750887,9202
920217,Tanah Rubuh,-1.162916023655626,134.04474899686204,9202
920221,Sidey,-0.9154332570541411,133.57726618675204,9202
920301,Fak-Fak,-2.885551368331084,132.3151700596307,9203
920302,Fak-Fak Barat,-2.8755209172332874,132.2011583978368,9203
920303,Fak-Fak Timur,-3.1595362646775964,132.74290375045865,9203
920304,Kokas,-2.7287560520078564,132.4752114385318,9203
920305,Fak-Fak Tengah,-2.8974935901447787,132.41869663199398,9203
920306,Karas,-3.37354951032162,133.07487812094215,9203
920307,Bomberay,-2.937696881820825,132.96577685920843,9203
920308,Kramongmongga,-2.8060001225913904,132.44769499904046,9203
920309,Teluk Patipi,-2.725315344001804,132.1790615410812,9203
920310,Pariwari,-2.8915907243275067,132.25963306227104,9203
920311,Wartutin,-2.8876779399130674,132.0947432492379,9203
920312,Fakfak Timur Tengah,-2.9700158796619505,132.57777403586786,9203
920313,Arguni,-2.705252562282622,132.5727019983607,9203
920314,Mbahamdandara,-2.8669219324077457,132.71071163585648,9203
920315,Kayauni,-2.7669476273576254,132.28910316702542,9203
920316,Furwagi,-2.7889669790355187,132.08054939553216,9203
920317,Tomage,-2.7677776131972984,133.0170668206985,9203
920601,Bintuni,-2.0863602172391724,133.5122580530663,9206
920602,Merdey,-1.6322309806692519,133.27286376258618,9206
920603,Babo,-2.5694756785610307,133.53447357506911,9206
920604,Aranday,-2.1067516863652136,133.10862533321895,9206
920605,Moskona Selatan,-1.7698818473304267,133.13749514612547,9206
920606,Moskona Utara,-1.4209485058813476,133.0103553154778,9206
920607,Wamesa,-2.292502672415355,133.97646460069438,9206
920608,Fafurwar,-2.9359132833268333,133.47857068234214,9206
920609,Tembuni,-2.0022553560943255,133.2600255689704,9206
920610,Kuri,-2.731336407227629,134.0607728407168,9206
920611,Manimeri,-1.9888716899277001,133.82318014074866,9206
920612,Tuhiba,-1.9135372729376539,133.40949134805467,9206
920613,Dataran Beimes,-1.6881417548454327,133.70135267117925,9206
920614,Sumuri,-2.5553577658418543,133.14932746227774,9206
920615,Kaitaro,-2.748796704228097,133.74042928548315,9206
920616,Aroba,-2.7284670374432634,133.37389015254115,9206
920617,Masyeta,-1.4818025977625364,133.18113911844077,9206
920618,Biscoop,-1.6274495697720661,133.47441013473548,9206
920619,Tomu,-1.982229461698241,132.94409290931873,9206
920620,Kamundan,-2.107351994360791,132.71858793218718,9206
920621,Weriagar,-2.0432564007737053,132.84404500661438,9206
920622,Moskona Barat,-1.6209863479997508,132.94304753506998,9206
920623,Meyado,-1.9338273889856736,133.08596246856945,9206
920624,Moskona Timur,-1.3426608984596957,133.22097956285364,9206
920701,Wasior,-2.6787601803800247,134.57569645066974,9207
920702,Windesi,-2.569979325976418,134.28091290679293,9207
920703,Teluk Duairi,-2.537440079973246,134.55541921702948,9207
920704,Wondiboy,-2.796443522437126,134.56745750060452,9207
920705,Wamesa,-2.1535645207918974,134.14138095577076,9207
920706,Rumberpon,-1.839374949031578,134.1839368531467,9207
920707,Naikere,-3.2302272853731337,134.4449976035627,9207
920708,Rasiei,-2.9255145729167515,134.5490039665419,9207
920709,Kuri Wamesa,-2.828872639272341,134.3807231408656,9207
920710,Roon,-2.3377923744292546,134.57291454088082,9207
920711,Roswar,-2.060546230210082,134.37261792382216,9207
920712,Nikiwar,-2.4202111177867667,134.16089008448978,9207
920713,Soug Jaya,-1.9240815438775485,134.08889045162908,9207
920801,Kaimana,-3.6619185978570186,133.98135422359246,9208
920802,Buruway,-3.810776489158142,133.2170397863019,9208
920803,Teluk Arguni Atas,-3.1166961910728683,133.99906439612806,9208
920804,Teluk Etna,-4.016944623435811,134.71071885444368,9208
920805,Kambrau,-3.419555858999354,133.45625757523214,9208
920806,Teluk Arguni Bawah,-3.2684790191751345,133.69169092646106,9208
920807,Yamor,-3.6489753258104827,134.6370698747909,9208
921101,Ransiki,-1.4626277858736114,134.1229394855524,9211
921102,Oransbari,-1.3207157144050046,134.15674460346685,9211
921103,Neney,-1.5527411381729082,133.99662134129326,9211
921104,Dataran Isim,-1.6075543523744713,133.83857760497864,9211
921105,Momi Waren,-1.5985796230390148,134.08702443443477,9211
921106,Tahota,-1.762757114471139,133.98527302509177,9211
921201,Anggi,-1.3124585621786824,133.92659256754166,9212
921202,Anggi Gida,-1.388892460407924,134.00178140657346,9212
921203,Membey,-1.3042642047978927,134.03397731120467,9212
921204,Sururey,-1.4415406747753883,133.89333430991826,9212
921205,Didohu,-1.437335335431553,133.72503885956567,9212
921206,Taige,-1.3213895337250436,133.83355076378487,9212
921207,Catubouw,-1.1815906574270236,133.70253547383248,9212
921208,Testega,-1.2654192070980335,133.5024398913182,9212
921209,Minyambaouw,-1.1235904513561665,133.85466907520828,9212
921210,Hingk,-1.23279166972878,133.93964979470593,9212
930101,Merauke,-8.516437987297504,140.55337573983718,9301
930102,Muting,-7.377819514254819,140.35176260317206,9301
930103,Okaba,-8.04259679698392,139.5615070297985,9301
930104,Kimaam,-8.086639522698954,138.7020067448809,9301
930105,Semangga,-8.394990598592363,140.37542721884955,9301
930106,Tanah Miring,-8.273858024325794,140.58746446151716,9301
930107,Jagebob,-7.970419313596611,140.73523709053362,9301
930108,Sota,-8.307169337933948,140.89868330435058,9301
930109,Ulilin,-7.065074907885432,140.70864536502683,9301
930110,Elikobal,-7.559673516637088,140.79063941830162,9301
930111,Kurik,-8.167045541694957,140.29501056957534,9301
930112,Naukenjerai,-8.826875669973644,140.8192311794572,9301
930113,Animha,-7.913600737391288,140.35683570956306,9301
930114,Malind,-8.209751076379822,140.1111041301188,9301
930115,Tubang,-7.837308278431408,139.29845395770522,9301
930116,Ngguti,-7.585286473175346,139.61815627942795,9301
930117,Kaptel,-7.646042015362029,139.99811778679762,9301
930118,Tabonji,-7.626205960035968,138.4190728346666,9301
930119,Waan,-8.285267614001892,137.89037932436784,9301
930120,Ilwayab,-7.460152222655228,139.10906430494518,9301
930121,Padua,-7.64245049673775,138.80924372397334,9301
930122,Kontuar,-8.013029158516963,138.11245963984595,9301
930201,Mandobo,-6.068590385740387,140.3856366996981,9302
930202,Mindiptana,-5.876534485623066,140.74343896897827,9302
930203,Waropko,-5.514400880683952,140.86613863489683,9302
930204,Kouh,-5.791001941926042,140.1177405638927,9302
930205,Jair,-6.471389770928751,140.51809574736967,9302
930206,Bomakia,-5.7720263748498075,139.87946640360698,9302
930207,Kombut,-5.879860956930819,140.90200671393904,9302
930208,Iniyandit,-5.762191364977527,140.63650522240437,9302
930209,Arimop,-5.693490189962379,140.47293869856884,9302
930210,Fofi,-6.14499117176175,139.93009065041966,9302
930211,Ambatkwi,-5.407207633183813,140.66829490576373,9302
930212,Manggelum,-5.26050880995694,140.36313930847217,9302
930213,Firiwage,-5.360409653484285,140.1626494007523,9302
930214,Yaniruma,-5.421955063572045,139.87760456707082,9302
930215,Subur,-6.884173105103749,140.44077031834524,9302
930216,Kombay,-5.462876926911019,139.966657535311,9302
930217,Ninati,-5.686370592091054,140.90806442010245,9302
930218,Sesnuk,-6.190664616179216,140.8481733185394,9302
930219,Ki,-6.5307025787888895,140.0925531100277,9302
930220,Kawagit,-5.618253447894462,140.21755511371936,9302
930301,Obaa,-6.514321460808771,139.39695974044406,9303
930302,Mambioman Bapai,-6.935123488834217,139.03956789147526,9303
930303,Citak-Mitak,-5.757847709796227,139.3888316770409,9303
930304,Edera,-7.200070628021056,139.5855986668043,9303
930305,Haju,-6.283325645467782,139.0270759209191,9303
930306,Assue,-5.939963450817162,139.11755804428964,9303
930307,Kaibar,-5.831422964838695,139.72178205885044,9303
930308,Passue,-6.374447893193994,139.65088455552043,9303
930309,Minyamur,-6.60763970971644,138.84023052056315,9303
930310,Venaha,-6.698499679920025,139.9159538498774,9303
930311,Syahcame,-6.889947307202024,139.6123919742085,9303
930312,Yakomi,-7.0376059961599,139.86578251128122,9303
930313,Bamgi,-6.919999063960041,139.4115688975563,9303
930314,Passue Bawah,-6.011348521803611,139.52374600875177,9303
930315,Ti Zain,-5.463551163185099,139.64896484827878,9303
930401,Agats,-5.546544452944052,138.14046612866667,9304
930402,Atsj,-5.756136437953218,138.6670499855033,9304
930403,Sawa Erma,-4.961483410668387,138.3637745831065,9304
930404,Akat,-5.3340306383097635,138.34231146741632,9304
930405,Fayit,-6.017075316256196,138.44563602593306,9304
930406,Pantai Kasuari,-6.2037835746492975,138.61620706729656,9304
930407,Suator,-5.292196936966965,139.34561047658445,9304
930408,Suru-suru,-4.914550330127886,138.90730082389027,9304
930409,Kolf Braza,-5.22311787123374,139.51987301793054,9304
930410,Unir Sirau,-5.205929503577622,138.42810150669257,9304
930411,Joerat,-5.314896185166234,138.013782778803,9304
930412,Pulau Tiga,-4.935394084685455,137.97233647912964,9304
930413,Jetsy,-5.5283523392396114,138.32067930823067,9304
930414,Der Koumur,-6.220351453414615,138.77654054734953,9304
930415,Kopay,-6.340909585646912,138.66722267755608,9304
930416,Safan,-6.323564753314554,138.50855125975605,9304
930417,Sirets,-5.565284494560773,138.71479601993948,9304
930418,Ayib,-5.903437027215898,138.64298244348822,9304
930419,Betcbamu,-5.829570555213625,138.33656883318127,9304
930420,Joutu,-5.530278633502552,139.37772463892807,9304
930421,Aswi,-6.081267559972552,138.61554328784544,9304
930422,Awyu,-6.017094125618735,138.8374830597638,9304
930423,Koroway Buluanop,-5.241078318118408,139.7858734597979,9304
930424,Tomor Birip,-4.9741004598221235,138.74875561712784,9304
930425,Sor Ep,-5.269517452767414,138.83342751758883,9304
940101,Nabire,-3.379055893013054,135.5400182631822,9401
940102,Napan,-3.149943524953246,135.99807079601993,9401
940103,Yaur,-3.3817765914858446,134.9757788830936,9401
940104,Uwapa,-3.5220775007144733,135.58293209625322,9401
940105,Wanggar,-3.44695026077698,135.39725410458362,9401
940106,Siriwo,-3.4424718683203657,136.06443026091284,9401
940107,Makimi,-3.2199112720518954,135.76242515446896,9401
940108,Teluk Umar,-3.0187312642017163,134.7020671670556,9401
940109,Teluk Kimi,-3.2709905360318823,135.62131892953613,9401
940110,Yaro,-3.5513738304424307,135.31891233983754,9401
940111,Wapoga,-2.879211502100592,136.13493104270864,9401
940112,Nabire Barat,-3.42897190086791,135.4641490995726,9401
940113,Moora,-2.9673821036385313,135.71534237970477,9401
940114,Dipa,-3.7442866447081187,135.78541561761259,9401
940115,Menou,-3.7826551969342623,135.3428927705578,9401
940201,Mulia,-3.7249968870700667,137.96810598822873,9402
940202,Ilu,-3.6333984833851574,138.18609289848223,9402
940203,Fawi,-3.2485136638527017,137.68187353500528,9402
940204,Mewoluk,-3.701426430453575,137.8791939019122,9402
940205,Yamo,-3.537311080320295,137.88422387411143,9402
940206,Nume,-3.7363568578985964,138.30830045442136,9402
940207,Torere,-3.3735130495131145,138.10623240564792,9402
940208,Tingginambut,-3.828589894011597,138.13337120789618,9402
940209,Pagaleme,-3.7343514017062875,137.98525782185953,9402
940210,Gurage,-3.79555794912316,138.04792152598895,9402
940211,Irimuli,-3.7361766528389944,138.01954616368602,9402
940212,Muara,-3.7025605071460173,137.9286849952724,9402
940213,Ilamburawi,-3.643156429069461,137.88882874189238,9402
940214,Yambi,-3.793078917830021,137.9343378987481,9402
940215,Lumo,-3.6107883090345427,137.7866593130606,9402
940216,Molanikime,-3.567384663452193,137.70299175736164,9402
940217,Dokome,-3.6756951777247266,137.97589431463464,9402
940218,Kalome,-3.7626064566739177,138.14960697364327,9402
940219,Wanwi,-3.6279995628487107,138.09105925566354,9402
940220,Yamoneri,-3.7876554887903158,138.25086233309298,9402
940221,Waegi,-3.629441394949507,138.14814819849212,9402
940222,Nioga,-3.7379697768882982,138.26187511120574,9402
940223,Gubume,-3.599439319639957,138.24817996190976,9402
940224,Taganombak,-3.6195164133688578,138.21360621365295,9402
940225,Dagai,-3.1763459687265456,137.99213376701098,9402
940226,Kiyage,-3.4791729047420166,137.98787852534775,9402
940301,Paniai Timur,-3.9926891087640257,136.51786595866795,9403
940302,Paniai Barat,-3.8771737964250303,136.17970965279687,9403
940303,Aradide,-3.8200052077224145,136.62110354922993,9403
940304,Bogabaida,-3.6376449079221596,136.43049857687154,9403
940305,Bibida,-4.021087702631336,136.71785680391727,9403
940306,Dumadama,-3.9687371302337824,137.01696123125456,9403
940307,Siriwo,-3.6253933457670033,136.1527870364485,9403
940308,Kebo,-3.8122914892794157,136.35661873453125,9403
940309,Yatamo,-3.9604745900402483,136.3562547318709,9403
940310,Ekadide,-3.8583948286249123,136.41652652448292,9403
940311,Wegee Muka,-3.924816756666384,136.54274579915702,9403
940312,Wegee Bino,-3.887645469070888,136.39505421913015,9403
940313,Pugo Dagi,-3.9702165685318906,136.44043328093667,9403
940314,Muye,-3.9177031535341342,136.2709267924075,9403
940315,Nakama,-3.812278212333304,136.2102540593773,9403
940316,Teluk Deya,-3.760567985540151,136.26327808928752,9403
940317,Yagai,-3.8215978696932345,136.36173729430334,9403
940318,Youtadi,-3.56807038186308,136.32797485288154,9403
940319,Baya Biru,-3.6931613772336886,136.49484409703103,9403
940320,Deiyai Miyo,-3.966951930983716,136.27369466962372,9403
940321,Dogomo,-4.0755103991590085,136.85483668709145,9403
940322,Aweida,-3.7260596304934985,136.52217984808996,9403
940323,Topiyai,-3.8291164846425585,136.58786028910924,9403
940324,Fajar Timur,-3.5302458636298972,136.2648434365652,9403
940401,Mimika Baru,-4.6133428934412235,137.13087448524186,9404
940402,Agimuga,-4.605821000103298,137.55832312409194,9404
940403,Mimika Timur,-4.725525623358267,136.75550926492485,9404
940404,Mimika Barat,-4.42983510796642,136.43372986972426,9404
940405,Jita,-4.924696832568688,137.673991379621,9404
940406,Jila,-4.306593605540006,137.69105518998185,9404
940407,Mimika Timur Jauh,-4.869353656913144,137.14825419039428,9404
940408,Mimika Tengah,-4.710564939784658,136.6092914660178,9404
940409,Kuala Kencana,-4.416905222859258,136.87282926631656,9404
940410,Tembagapura,-4.29022779059219,137.10884026517206,9404
940411,Mimika Barat Jauh,-4.267325417763885,135.19874421563853,9404
940412,Mimika Barat Tengah,-4.382751826571974,135.75864199268233,9404
940413,Kwamki Narama,-4.499896936264207,136.88035787812552,9404
940414,Hoya,-4.2911136524643485,137.49103904968894,9404
940415,Iwaka,-4.530875558130193,136.68214033058175,9404
940416,Wania,-4.62777194833395,136.87712542128432,9404
940417,Amar,-4.549691650914458,136.2358161911964,9404
940418,Alama,-4.327741785901013,137.87145521677178,9404
940501,Ilaga,-3.959179088012114,137.65548649612913,9405
940502,Wangbe,-3.8790474093527147,137.45230231056252,9405
940503,Beoga,-3.927480874642604,137.38333659166886,9405
940504,Doufo,-3.2379143603909055,137.34684227580078,9405
940505,Pogoma,-3.756122292934252,137.6582765598312,9405
940506,Sinak,-3.812870478269037,137.80755824786553,9405
940507,Agandugume,-4.003540542588728,137.89111131422962,9405
940508,Gome,-4.050305941290429,137.6619191747938,9405
940509,Dervos,-3.427400244024462,137.10723097251145,9405
940510,Beoga Barat,-3.9275306186963217,137.28749835310748,9405
940511,Beoga Timur,-3.655948868811536,137.32913166200038,9405
940512,Ogamanim,-3.7670358704189466,137.51457874689032,9405
940513,Kembru,-3.7257385030556964,137.83474175619995,9405
940514,Bina,-3.547691556870535,137.51844601632698,9405
940515,Sinak Barat,-3.8261945483186657,137.7305491707369,9405
940516,Mage'abume,-3.7860943110148373,137.86323172603593,9405
940517,Yugumuak,-3.842171289938912,137.89102382024168,9405
940518,Ilaga Utara,-3.9004455902853348,137.67593083719797,9405
940519,Mabugi,-3.876531016521284,137.5658594538892,9405
940520,Omukia,-4.005098208489164,137.49931394166046,9405
940521,Lambewi,-3.8976176976394923,137.9662065174601,9405
940522,Oneri,-3.895999242681549,137.8433374864058,9405
940523,Amungkalpia,-4.100621940056178,137.8624074154324,9405
940524,Gome Utara,-3.97198729109423,137.77101048312662,9405
940525,Erelmakawia,-4.134926160358408,137.61728914671423,9405
940601,Kamu,-4.018893410479909,136.0536639800139,9406
940602,Mapia,-3.9464887862613547,135.847944946367,9406
940603,Piyaiye,-3.9541627273885083,135.4604317875259,9406
940604,Kamu Utara,-3.9452912954537207,136.09352724065818,9406
940605,Sukikai Selatan,-4.0711530201866,135.35573249325168,9406
940606,Mapia Barat,-4.135704142679837,135.74634366038967,9406
940607,Kamu Selatan,-4.152599218733784,136.0242094907805,9406
940608,Kamu Timur,-4.002542590571805,136.14637185895262,9406
940609,Mapia Tengah,-4.14673437060234,135.83124258180834,9406
940610,Dogiyai,-4.0578650758751875,135.95606048700512,9406
940701,Sugapa,-3.7257888685390093,136.97173915450833,9407
940702,Homeyo,-3.803565772080948,136.85219657450335,9407
940703,Wandai,-3.693109958839036,136.6567316228141,9407
940704,Biandoga,-3.387758754525543,136.55121074591486,9407
940705,Agisiga,-3.42264522139135,137.07682856457882,9407
940706,Hitadipa,-3.7052180955004865,137.1700220433256,9407
940707,Ugimba,-3.8950138469328714,137.11120240457817,9407
940708,Tomosiga,-3.3453239113498827,136.75910737624505,9407
940801,Tigi,-4.039957598159402,136.27076233714706,9408
940802,Tigi Timur,-4.06861413858439,136.3374464030471,9408
940803,Bowobado,-4.199637091466026,136.55789154067747,9408
940804,Tigi Barat,-4.097160540187802,136.17062420367404,9408
940805,Kapiraya,-4.267144850217629,136.1441483173821,9408
950101,Wamena,-4.092212656482027,138.93252108301908,9501
950102,Kurulu,-3.9687147773150455,138.92871932885072,9501
950103,Asologaima,-3.9588919796495974,138.7723233162222,9501
950104,Hubikosi,-4.048845129660586,138.87451264937692,9501
950105,Bolakme,-3.833509396317158,138.7471347552019,9501
950106,Walelagama,-4.092168517522896,139.01300823174736,9501
950107,Musatfak,-3.9979625314834695,138.8658915999823,9501
950108,Wolo,-3.86956867610103,138.88396798944774,9501
950109,Asolokobal,-4.157563847146394,138.94421926229737,9501
950110,Pelebaga,-4.084524658331336,138.84462968300838,9501
950111,Yalengga,-3.882456957271621,138.7921786922695,9501
950112,Trikora,-4.331941501432655,138.69098261257838,9501
950113,Napua,-4.120833330480222,138.88943645185773,9501
950114,Walaik,-4.166742665735381,138.79330787346612,9501
950115,Wouma,-4.114211936239186,138.94899631069936,9501
950116,Hubikiak,-4.0632625366572235,138.91492535070736,9501
950117,Ibele,-4.055191452199547,138.73429239137835,9501
950118,Taelarek,-4.105199240989103,138.7542466900129,9501
950119,Itlay Hisage,-4.043688351893077,139.1417525262162,9501
950120,Siepkosi,-4.005145622613298,139.05939422711677,9501
950121,Usilimo,-3.9134409073053993,138.88323159228935,9501
950122,Wita Waya,-4.018837087943681,138.9190809451333,9501
950123,Libarek,-3.9918729351628324,138.9751977980117,9501
950124,Wadangku,-3.936619268205865,138.98004880542365,9501
950125,Pisugi,-4.043797325704524,138.95429054848537,9501
950126,Koragi,-3.8661019772836345,138.80264573822635,9501
950127,Tagime,-3.8023873068528173,138.7263063309315,9501
950128,Molagalome,-3.8499684300202204,138.69324821600148,9501
950129,Tagineri,-3.78958743938829,138.6589703098784,9501
950130,Silo Karno Doga,-3.932312055829569,138.82512962189787,9501
950131,Piramid,-3.8893249017870035,138.74892083527934,9501
950132,Muliama,-4.005097219440501,138.7971433191886,9501
950133,Bugi,-3.8736424224124795,138.82451634689423,9501
950134,Bpiri,-3.823730803172646,138.85380837346113,9501
950135,Welesi,-4.202080612763456,138.889315825723,9501
950136,Asotipo,-4.1979529889306475,138.9677316180946,9501
950137,Maima,-4.145526589565343,139.07277766701966,9501
950138,Popugoba,-4.10960279486581,139.1531994221041,9501
950139,Wame,-3.9247039744904826,138.74680561472078,9501
950140,Wesaput,-4.090512740686971,138.9657209957859,9501
950201,Oksibil,-4.915528512027108,140.66795050218352,9502
950202,Kiwirok,-4.695597010688442,140.78357697639237,9502
950203,Okbibab,-4.660389789552289,140.5681218434222,9502
950204,Iwur,-5.191602253738118,140.8104972507494,9502
950205,Batom,-4.424362537789224,140.87968041237036,9502
950206,Borme,-4.2278578372918325,140.35733178049344,9502
950207,Kiwirok Timur,-4.726234124985907,140.89562009996817,9502
950208,Aboy,-4.252091410495286,140.54669642519673,9502
950209,Pepera,-4.875107313605651,140.78813230953273,9502
950210,Bime,-4.520422913487533,140.25981449363954,9502
950211,Alemsom,-4.821832530305545,140.15327400406733,9502
950212,Okbape,-4.775494971739431,140.35969028353767,9502
950213,Kalomdol,-4.976078800576934,140.6241669424759,9502
950214,Oksop,-4.761103567824343,140.52815830280406,9502
950215,Serambakon,-4.887799179815677,140.50661048389276,9502
950216,Ok Aom,-4.801296372673172,140.60996290230605,9502
950217,Kawor,-5.119569218333865,140.56662578577897,9502
950218,Awinbon,-5.032657341380581,140.36165574650278,9502
950219,Tarup,-5.03805536317336,140.903355507907,9502
950220,Okhika,-4.6362990718275245,140.65506060891303,9502
950221,Oksamol,-4.813404998047507,140.92241233564692,9502
950222,Oklip,-4.749403018083816,140.7779442893508,9502
950223,Okbemtau,-4.533487065585096,140.76769505176705,9502
950224,Oksebang,-4.744602686340973,140.6697538142278,9502
950225,Okbab,-4.551991579802802,140.4899473017715,9502
950226,Batani,-3.946088935433891,140.19575507562473,9502
950227,Weime,-4.368000092184836,140.28241055815428,9502
950228,Murkim,-3.980370789993797,140.85342817380115,9502
950229,Mofinop,-4.178375955719403,140.84760229352312,9502
950230,Jetfa,-3.9429568149747984,140.60269445072822,9502
950231,Teiraplu,-3.9075874758404,140.36470626054415,9502
950232,Eipumek,-4.468373218547643,140.09170891175407,9502
950233,Pamek,-4.375481575857323,140.00062507722166,9502
950234,Nongme,-4.271734676898202,140.1655422761418,9502
950301,Kurima,-4.3042576335143705,138.92024955472127,9503
950302,Anggruk,-4.212948642994596,139.36459245525677,9503
950303,Ninia,-4.38883191611166,139.3146546439404,9503
950304,Silimo,-4.461311010400878,138.93088241756854,9503
950305,Samenage,-4.484301179699775,139.12808149216792,9503
950306,Nalca,-4.413905623796633,139.91179815189653,9503
950307,Dekai,-4.886356144132921,139.5445365594481,9503
950308,Obio,-4.819587824230052,139.21264049425614,9503
950309,Suru Suru,-4.694405737464231,139.0254841142071,9503
950310,Wusama,-4.547771122222686,138.88095662100002,9503
950311,Amuma,-4.522839672306044,139.0570946729516,9503
950312,Musaik,-4.568735316294905,139.0481731138477,9503
950313,Pasema,-4.435038409854144,139.15768796956522,9503
950314,Hogio,-4.554927456649447,139.26023938131652,9503
950315,Mugi,-4.239632713203733,139.11472559428742,9503
950316,Soba,-4.3416616294082155,139.20288119937078,9503
950317,Werima,-4.357564122861104,139.1224529929956,9503
950318,Tangma,-4.300586866586968,139.06496368396918,9503
950319,Ukha,-4.405814187986688,139.0031065462437,9503
950320,Panggema,-4.153452807773947,139.47351882392906,9503
950321,Kosarek,-4.1150568882941805,139.5831871393389,9503
950322,Nipsan,-4.196730471067506,139.69703659627223,9503
950323,Ubahak,-4.102546721427717,139.7819496908159,9503
950324,Pronggoli,-4.170392781814595,139.30801340428488,9503
950325,Walma,-4.260740323219976,139.40730643101398,9503
950326,Yahuliambut,-4.043638224096881,139.64778247265448,9503
950327,Hereapini,-4.314612811129915,139.4603933759802,9503
950328,Ubalihi,-4.306144721731703,139.59123055589333,9503
950329,Talambo,-3.902781034107719,139.9364023454522,9503
950330,Puldama,-4.304448176111465,139.8730687046816,9503
950331,Endomen,-4.187169310397084,140.00168942400828,9503
950332,Kona,-4.2815220087231305,139.7509912912665,9503
950333,Dirwemna,-4.311346234451974,140.01212168647623,9503
950334,Holuwon,-4.500955412753824,139.3211558274812,9503
950335,Lolat,-4.513313978207169,139.47075167107977,9503
950336,Soloikma,-4.458443956617704,139.59434283135664,9503
950337,Sela,-4.574435793267176,139.8048115023248,9503
950338,Korupun,-4.497299658862244,139.71752977454832,9503
950339,Langda,-4.617600816580752,139.99111556886288,9503
950340,Bomela,-4.771657855673588,139.89735152652594,9503
950341,Suntamon,-4.891026276864132,140.00767210991333,9503
950342,Seradala,-4.989183192555879,139.83466159083375,9503
950343,Sobaham,-4.4024911489539775,139.36918933847798,9503
950344,Kabianggama,-4.419530437928339,139.4638950189515,9503
950345,Kwelamdua,-4.72674064383443,139.77852415323687,9503
950346,Kwikma,-4.30033443367976,139.3112550236081,9503
950347,Hilipuk,-4.5766822899354445,139.42270718796132,9503
950348,Duram,-4.64841635498422,139.54904259658488,9503
950349,Yogosem,-4.245318514663039,139.20300737691576,9503
950350,Kayo,-4.408964564153849,139.21742721078382,9503
950351,Sumo,-4.792526704386421,139.36588869185985,9503
950401,Karubaga,-3.687478998829376,138.47954337220287,9504
950402,Bokondini,-3.699712386784559,138.6865196413049,9504
950403,Kanggime,-3.6462114035241333,138.35013374203024,9504
950404,Kembu,-3.569776935284642,138.37756563098776,9504
950405,Goyage,-3.750755764835277,138.44784805628004,9504
950406,Wunim,-3.6228172494716593,138.5591108807475,9504
950407,Wina,-3.3711716469001614,138.18171449949676,9504
950408,Umagi,-3.5250323905201504,138.35733424360333,9504
950409,Panaga,-3.5638772399981775,138.4750073173397,9504
950410,Woniki,-3.679725911067006,138.30778894749014,9504
950411,Kubu,-3.760164367079839,138.4972325300764,9504
950412,Konda/Kondaga,-3.687923191978677,138.50544258163612,9504
950413,Nelawi,-3.6747016836252144,138.46155314110578,9504
950414,Kuari,-3.6848506077121628,138.43795023642664,9504
950415,Bokoneri,-3.663715556589955,138.62731495772624,9504
950416,Bewani,-3.5489097810459027,138.6495646030592,9504
950417,Nabunage,-3.6863202480450004,138.4095264053371,9504
950418,Gilubandu,-3.607394481331721,138.35078971764662,9504
950419,Nunggawi,-3.7027540153058762,138.339981043824,9504
950420,Gundagi,-3.399876853311655,138.30578250053676,9504
950421,Numba,-3.6641831743770683,138.51242228725437,9504
950422,Timori,-3.608634913071025,138.46909285393372,9504
950423,Dundu,-3.4453001250494912,138.38285821979102,9504
950424,Geya,-3.7146916603386577,138.46259818959754,9504
950425,Egiam,-3.458373099686639,138.50795848269357,9504
950426,Poganeri,-3.784027008264828,138.57380644539356,9504
950427,Kamboneri,-3.7065309478892794,138.6025313524486,9504
950428,Airgaram,-3.7517629093949916,138.52436857811392,9504
950429,Wari/Taiyeve II,-3.3191041086461133,138.66755949457283,9504
950430,Dow,-3.2393703025511438,138.22679156090817,9504
950431,Tagineri,-3.7509050416066945,138.5790471148361,9504
950432,Yuneri,-3.790646624272163,138.5240867482677,9504
950433,Wakuwo,-3.728680340193612,138.39801901319245,9504
950434,Gika,-3.512579747658124,138.4262114906974,9504
950435,Telenggeme,-3.523068689957731,138.29127056604335,9504
950436,Anawi,-3.716745187823175,138.53840345126903,9504
950437,Wenam,-3.705383834667574,138.4769730516476,9504
950438,Wugi,-3.707245381191378,138.49271803452706,9504
950439,Danime,-3.7324034058657287,138.62775248224946,9504
950440,Tagime,-3.7076176995546577,138.63575424687147,9504
950441,Kai,-3.6796382206219307,138.55477468347652,9504
950442,Aweku,-3.7224281790701736,138.36834592076997,9504
950443,Bogonuk,-3.6299808252001085,138.29066857454322,9504
950444,Li Anogomma,-3.6564131870470966,138.48168820986726,9504
950445,Biuk,-3.6380055532679862,138.43690580479128,9504
950446,Yuko,-3.8156905611925707,138.55645998830607,9504
950501,Kobakma,-3.6949191016726437,139.11678225662172,9505
950502,Kelila,-3.742131446126602,138.70754345243557,9505
950503,Eragayam,-3.6173966994210334,138.86161879073148,9505
950504,Megambilis,-3.4750228587078937,139.0970133635499,9505
950505,Ilugwa,-3.8080002751326907,138.92695148803784,9505
950601,Elelim,-3.7578881733245733,139.50526397626197,9506
950602,Apalapsili,-3.9418450332545496,139.30148638027666,9506
950603,Abenaho,-3.772528099753516,139.25339261129508,9506
950604,Benawa,-3.6823565145670485,139.80758323904254,9506
950605,Welarek,-3.96764775889663,139.4788688962738,9506
950701,Tiom,-3.9188518138415853,138.4516594256065,9507
950702,Pirime,-4.011506558825528,138.55306674202478,9507
950703,Makki,-4.006248188164179,138.6788471928062,9507
950704,Gamelia,-3.8837510800763315,138.6708953682215,9507
950705,Dimba,-3.839554183813911,138.54261903409724,9507
950706,Melagineri,-3.9259101550882525,138.2902418216708,9507
950707,Balingga,-3.975854795090215,138.4184540592108,9507
950708,Tiomneri,-3.8938480559508597,138.42851687488243,9507
950709,Kuyawage,-4.035769300850522,138.2925484836574,9507
950710,Poga,-3.786643083220309,138.60752823264374,9507
950711,Niname,-3.9348251635200744,138.40749836818418,9507
950712,Nogi,-3.9024530763796657,138.47496558518904,9507
950713,Yiginua,-3.933041431377899,138.44444573903152,9507
950714,Tiom Ollo,-3.8701232353251083,138.4443378328436,9507
950715,Yugungwi,-3.9079008733220055,138.4121456750038,9507
950716,Mokoni,-3.950361453300749,138.438370476197,9507
950717,Wereka,-3.842324470511764,138.34887200651414,9507
950718,Milimbo,-3.941535755270656,138.54048438188107,9507
950719,Wiringgambut,-3.9454872883738754,138.498526095055,9507
950720,Gollo,-3.914779063431904,138.5071489536657,9507
950721,Awina,-4.008394868093681,138.59606322678587,9507
950722,Ayumnati,-3.961668730305899,138.47168823263132,9507
950723,Wano Barat,-3.994342377997134,138.07781003060973,9507
950724,Goa Balim,-3.9685510158304487,138.27354933825552,9507
950725,Bruwa,-4.079877129151177,138.5620324700619,9507
950726,Balingga Barat,-4.026258749670696,138.39152733375013,9507
950727,Gupura,-3.9345468356915747,138.60568773346506,9507
950728,Kolawa,-3.945891827451225,138.68764845270638,9507
950729,Gelok Beam,-3.9018901868158196,138.70585453395864,9507
950730,Kuly Lanny,-3.9766944410158347,138.61505256121205,9507
950731,Lannyna,-3.9324662685201566,138.57092868961897,9507
950732,Karu,-3.846977310236951,138.63410447683557,9507
950733,Yiluk,-3.891811242270972,138.61131076272463,9507
950734,Guna,-3.9198089814017947,138.64808432163292,9507
950735,Kelulome,-3.832808736767827,138.4765427885477,9507
950736,Nikogwe,-3.8657705236598163,138.5724741243329,9507
950737,Muara,-3.8197074882308057,138.5966238213025,9507
950738,Buguk Gona,-3.998090869971148,138.51014567231988,9507
950739,Melagi,-3.8915734380970135,138.30694177937863,9507
950801,Kenyam,-4.613354931322124,138.41888782003952,9508
950802,Mapenduma,-4.288823628952928,138.2457835977892,9508
950803,Yigi,-4.157277272235006,138.41430888970365,9508
950804,Wosak,-4.331945056085327,138.76937618028907,9508
950805,Geselma,-4.20039461343633,138.07814173941037,9508
950806,Mugi,-4.1845378659846935,138.32071847274605,9508
950807,Mbuwa,-4.189426835793181,138.54727547966837,9508
950808,Gearek,-4.635221114842656,138.75660316555528,9508
950809,Koroptak,-4.339982236906992,138.34472281058277,9508
950810,Kegayem,-4.298311560961339,138.2825223771915,9508
950811,Paro,-4.431648920444563,138.257614185291,9508
950812,Mebarok,-4.195446766123893,138.18441034658366,9508
950813,Yenggelo,-4.266507337391216,138.02240633162967,9508
950814,Kilmid,-4.379975026107348,138.10386138860568,9508
950815,Alama,-4.399280136597763,137.92776555783854,9508
950816,Yal,-4.238541548456389,138.35924209116544,9508
950817,Mam,-4.216276845531205,138.29098629789337,9508
950818,Dal,-4.160757067905187,138.4515161632727,9508
950819,Nirkuri,-4.1354236801593895,138.3736329488297,9508
950820,Inikgal,-4.273977725152813,138.39196564095906,9508
950821,Iniye,-4.324048581890866,138.5576681493201,9508
950822,Mbulmu Yalma,-4.322377183903786,138.4570289110971,9508
950823,Mbua Tengah,-4.456092124192399,138.5228470776473,9508
950824,Embetpen,-4.581764894961509,138.55848206887734,9508
950825,Kora,-4.602699916804981,138.65408752738608,9508
950826,Wusi,-4.644319007345778,138.8206965541097,9508
950827,Pija,-4.470171822417198,138.7925760795971,9508
950828,Moba,-4.541505466938206,138.76969229059574,9508
950829,Wutpaga,-4.093959847357653,138.27130966843632,9508
950830,Nenggeagin,-4.07300716396158,138.17835217631315,9508
950831,Krepkuri,-4.63964263156687,138.35108173958372,9508
950832,Pasir Putih,-4.713885659913008,138.85414758896525,9508
960101,Makbon,-0.8029543307537896,131.52818277953187,9601
960102,Beraur,-1.2975489857465137,131.69761848885543,9601
960103,Salawati,-1.1700228697234152,131.29685038521387,9601
960104,Seget,-1.360426035015476,131.0767621871144,9601
960105,Aimas,-0.9918055931784129,131.39630622802872,9601
960106,Klamono,-1.098695368503445,131.47550211664327,9601
960107,Sayosa,-1.0407894347246878,131.69877826294115,9601
960108,Segun,-1.363546745954393,131.3552201407219,9601
960109,Mayamuk,-1.061109135810479,131.30459913167843,9601
960110,Salawati Selatan,-1.1846283854206914,130.82972450462967,9601
960111,Klabot,-1.3358163790329296,131.84458301342488,9601
960112,Klawak,-1.2210036686815615,131.82502100092205,9601
960113,Maudus,-0.9575722784663011,132.04246528692488,9601
960114,Mariat,-1.0161341122528225,131.3496215439946,9601
960115,Klayili,-0.9004762124035548,131.60601484242883,9601
960116,Klaso,-0.7894875819556314,131.94912672964347,9601
960117,Moisegen,-1.272791947988774,131.24363451640713,9601
960118,Sorong,-0.9337538379185664,131.40920054706825,9601
960119,Bagun,-1.2782357518664036,131.59847074229407,9601
960120,Wemak,-1.1125962895326889,131.81408140020298,9601
960121,Sunook,-0.9373320451219682,132.1835927224182,9601
960122,Buk,-1.4136288692828942,131.76683694469068,9601
960123,Saengkeduk,-0.8122170859677499,132.1235247866327,9601
960124,Malabotom,-1.187338279632681,131.4512877037918,9601
960125,Konhir,-1.1716759161234087,131.75491902629233,9601
960126,Klasafet,-1.1367014824728905,131.5660760544468,9601
960127,Hobard,-1.2839790638558353,131.8308589114373,9601
960128,Salawati Tengah,-1.2669623822326679,130.96292051127045,9601
960129,Botain,-1.4496378346559127,131.62877479838832,9601
960130,Sayosa Timur,-0.9643464650651298,131.8705183897817,9601
960201,Teminabuan,-1.4140604163010397,132.06783233890602,9602
960202,Inanwatan,-2.125079672893734,132.2434386056174,9602
960203,Sawiat,-1.2736432326913392,131.99182553729955,9602
960204,Kokoda,-2.1496840271270146,132.4742363722826,9602
960205,Moswaren,-1.5138427402035126,132.2493471539577,9602
960206,Seremuk,-1.4102138701907947,131.96009238357973,9602
960207,Wayer,-1.5294943023052692,132.15276016138895,9602
960208,Kais,-1.8469924357061458,132.1483827761384,9602
960209,Konda,-1.6204272637416173,132.01036088818012,9602
960210,Matemani,-1.9773945690749786,132.22569283232562,9602
960211,Kokoda Utara,-1.9734849643495613,132.5169840035835,9602
960212,Saifi,-1.4793690704553555,131.86805600695985,9602
960213,Fokour,-1.1529454602256404,132.0270010052597,9602
960214,Salkma,-1.152836072137178,131.9169835835459,9602
960215,Kais Darat,-1.6972329797690193,132.28344401176494,9602
960301,Misool (Misool Utara),-1.8671772268880285,129.98624902970843,9603
960302,Waigeo Utara,-0.1250674821499736,130.95271421646177,9603
960303,Waigeo Selatan,-0.3481990192571453,130.6600279259291,9603
960304,Salawati Utara,-0.9736251205618406,130.97411869267688,9603
960305,Ayau,0.38084995114159714,131.03592948755485,9603
960306,Misool Timur,-1.8295580203604627,130.30865853844944,9603
960307,Waigeo Barat,-0.16212509295366584,130.42067014324016,9603
960308,Waigeo Timur,-0.27113358627030126,131.19896928671636,9603
960309,Teluk Mayalibit,-0.26335883337939914,130.89738143062834,9603
960310,Kofiau,-1.190141605741735,129.77378605180695,9603
960311,Meos Mansar,-0.4800303187206362,130.56720486418666,9603
960312,Misool Selatan,-2.053431849337428,130.41221779907926,9603
960313,Warwarbomi,-0.15076009095487308,131.1361884780898,9603
960314,Waigeo Barat Kepulauan,-0.4733786587659249,130.0430453727747,9603
960315,Misool Barat,-2.0074605153424394,130.18496950353995,9603
960316,Kepulauan Sembilan,-1.4564218945963747,130.245888705198,9603
960317,Kota Waisai,-0.3864251166233608,130.81855971368742,9603
960318,Tiplol Mayalibit,-0.13856703639963702,130.66394555375322,9603
960319,Batanta Utara,-0.8303101911479801,130.62512338920067,9603
960320,Salawati Barat,-0.9900064416225186,130.78110040207633,9603
960321,Salawati Tengah,-1.080930682899756,130.98413269521154,9603
960322,Supnin,-0.05246926674851553,130.80680748341038,9603
960323,Kepulauan Ayau,0.9207969637059448,131.22959362004806,9603
960324,Batanta Selatan,-0.8545673303369696,130.67654245674802,9603
960401,Fef,-0.8274387027881427,132.48444412580864,9604
960402,Miyah,-0.8859942575774148,132.74796837571628,9604
960403,Yembun,-0.764577331892246,132.23809164680068,9604
960404,Kwoor,-0.4071956812741163,132.3036190480267,9604
960405,Sausapor,-0.6036556969301138,132.11833705208042,9604
960406,Abun,-0.5055339026823088,132.7845564938216,9604
960407,Syujak,-0.6283807102643674,132.3992904269207,9604
960408,Moraid,-0.6774405980440437,132.00838858632943,9604
960409,Kebar,-0.8245472616185352,133.11303431001656,9604
960410,Amberbaken,-0.6649294328072276,133.0970888086441,9604
960411,Senopi,-0.7667112250181319,132.85857079866872,9604
960412,Mubrani,-0.7349581365414715,133.349389826209,9604
960413,Bikar,-0.506072348924009,132.21482569907195,9604
960414,Bamusbama,-0.7349724206862094,132.28560299248417,9604
960415,Ases,-0.9228766899714806,132.3911799085106,9604
960416,Miyah Selatan,-1.0096481594225262,132.67404972334853,9604
960417,Ireres,-1.0986623084682956,132.9042024131716,9604
960418,Tobouw,-0.44231659482882874,132.50013084820026,9604
960419,Wilhem Roumbouts,-0.8323321553451835,132.624107052531,9604
960420,Tinggouw,-0.7087424535994857,132.6122068369627,9604
960421,Kwesefo,-0.5519936338146754,132.53718579596026,9604
960422,Mawabuan,-0.880167533883951,132.97075378057647,9604
960423,Kebar Timur,-0.837862888994272,133.218806122572,9604
960424,Kebar Selatan,-1.1036663736501884,133.23615993193968,9604
960425,Manekar,-0.9545617192971886,133.06728946052294,9604
960426,Mpur,-0.6714569799289372,133.17660522842277,9604
960427,Amberbaken Barat,-0.5759852686545863,132.98334396308215,9604
960428,Kasi,-0.8457513778003641,133.3565830152015,9604
960429,Selemkai,-0.744021359741978,131.81351855198412,9604
960501,Aifat,-1.2590918947565446,132.4990117269415,9605
960502,Aifat Utara,-1.1012739231889848,132.4884555149954,9605
960503,Aifat Timur,-1.5981589509693934,132.70465363680944,9605
960504,Aifat Selatan,-1.519728071163485,132.53720144557033,9605
960505,Aitinyo Barat,-1.3785138421468413,132.27918270150548,9605
960506,Aitinyo,-1.4752662568909916,132.40577786884523,9605
960507,Aitinyo Utara,-1.3473998350441587,132.37892176021194,9605
960508,Ayamaru,-1.274861689049616,132.18372045815718,9605
960509,Ayamaru Utara,-1.2294740082947222,132.27517494703199,9605
960510,Ayamaru Timur,-1.2955591511569369,132.27576636948564,9605
960511,Mare,-0.9895297890415268,132.3090354386303,9605
960512,Aifat Timur Tengah,-1.2771859974595647,132.65692098163973,9605
960513,Aifat Timur Jauh,-1.3113945862998084,132.81259630930882,9605
960514,Aifat Timur Selatan,-1.752492601439062,132.50861892637414,9605
960515,Ayamaru Selatan,-1.3211738476982344,132.17352857898442,9605
960516,Ayamaru Jaya,-1.1778966395290702,132.1540867772962,9605
960517,Ayamaru Selatan Jaya,-1.3627027422058566,132.2274529349476,9605
960518,Ayamaru Timur Selatan,-1.3329078840282718,132.2720049849351,9605
960519,Ayamaru Utara Timur,-1.2464880676803851,132.35059033128667,9605
960520,Ayamaru Tengah,-1.292305415966881,132.23147455199052,9605
960521,Ayamaru Barat,-1.2610118311825302,132.1311193970051,9605
960522,Aitinyo Tengah,-1.429415342763633,132.32370885592144,9605
960523,Aitinyo Raya,-1.310613878987157,132.32281959366736,9605
960524,Mare Selatan,-1.1120317678237206,132.29515001961465,9605
967101,Sorong,-0.8759110793548736,131.27819253537928,9671
967102,Sorong Timur,-0.9072659171503037,131.3125229962175,9671
967103,Sorong Barat,-0.8492721824288781,131.2639856288383,9671
967104,Sorong Kepulauan,-0.9064854985019478,131.22827033450073,9671
967105,Sorong Utara,-0.869824817375938,131.34151163399224,9671
967106,Sorong Manoi,-0.8906067308592551,131.28721657300594,9671
967107,Sorong Kota,-0.8727610738506799,131.2557353786853,9671
967108,Klaurung,-0.9186152047945418,131.35844704486627,9671
967109,Malaimsimsa,-0.841315823700277,131.32766219168766,9671
967110,Maladum Mes,-0.8182112957339124,131.2963557798708,9671
